ISO-10303-21;
HEADER;
FILE_DESCRIPTION((''),'2;1');
FILE_NAME('VISITING_CARD','2023-10-16T13:05:41',('vamsi'),(''),
'CREO PARAMETRIC BY PTC INC, 2021284','CREO PARAMETRIC BY PTC INC, 2021284','');
FILE_SCHEMA(('AUTOMOTIVE_DESIGN_CC04 { 1 0 10303 214 -2 1 6 1 }'));
ENDSEC;
DATA;
#1=DIMENSIONAL_EXPONENTS(1.E0,0.E0,0.E0,0.E0,0.E0,0.E0,0.E0);
#2=(LENGTH_UNIT()NAMED_UNIT(*)SI_UNIT(.MILLI.,.METRE.));
#3=LENGTH_MEASURE_WITH_UNIT(LENGTH_MEASURE(2.54E1),#2);
#4=(CONVERSION_BASED_UNIT('INCH',#3)LENGTH_UNIT()NAMED_UNIT(#1));
#5=DIMENSIONAL_EXPONENTS(0.E0,0.E0,0.E0,0.E0,0.E0,0.E0,0.E0);
#6=(NAMED_UNIT(*)PLANE_ANGLE_UNIT()SI_UNIT($,.RADIAN.));
#7=PLANE_ANGLE_MEASURE_WITH_UNIT(PLANE_ANGLE_MEASURE(1.745329251994E-2),#6);
#8=(CONVERSION_BASED_UNIT('DEGREE',#7)NAMED_UNIT(*)PLANE_ANGLE_UNIT());
#9=(NAMED_UNIT(*)SI_UNIT($,.STERADIAN.)SOLID_ANGLE_UNIT());
#10=(GEOMETRIC_REPRESENTATION_CONTEXT(2)GLOBAL_UNIT_ASSIGNED_CONTEXT((#4,#8,#9))PARAMETRIC_REPRESENTATION_CONTEXT()REPRESENTATION_CONTEXT('ID1','2'));
#11=DIMENSIONAL_EXPONENTS(1.E0,0.E0,0.E0,0.E0,0.E0,0.E0,0.E0);
#12=(LENGTH_UNIT()NAMED_UNIT(*)SI_UNIT(.MILLI.,.METRE.));
#13=LENGTH_MEASURE_WITH_UNIT(LENGTH_MEASURE(2.54E1),#12);
#14=(CONVERSION_BASED_UNIT('INCH',#13)LENGTH_UNIT()NAMED_UNIT(#11));
#15=DIMENSIONAL_EXPONENTS(0.E0,0.E0,0.E0,0.E0,0.E0,0.E0,0.E0);
#16=(NAMED_UNIT(*)PLANE_ANGLE_UNIT()SI_UNIT($,.RADIAN.));
#17=PLANE_ANGLE_MEASURE_WITH_UNIT(PLANE_ANGLE_MEASURE(1.745329251994E-2),#16);
#18=(CONVERSION_BASED_UNIT('DEGREE',#17)NAMED_UNIT(*)PLANE_ANGLE_UNIT());
#19=(NAMED_UNIT(*)SI_UNIT($,.STERADIAN.)SOLID_ANGLE_UNIT());
#20=(GEOMETRIC_REPRESENTATION_CONTEXT(3)GLOBAL_UNIT_ASSIGNED_CONTEXT((#14,#18,
#19))REPRESENTATION_CONTEXT('ID1','3'));
#21=DRAUGHTING_PRE_DEFINED_COLOUR('white');
#22=COLOUR_RGB('',0.E0,3.137254901961E-1,6.078431372549E-1);
#23=DRAUGHTING_PRE_DEFINED_COLOUR('black');
#24=DRAUGHTING_PRE_DEFINED_CURVE_FONT('continuous');
#25=DRAUGHTING_PRE_DEFINED_COLOUR('white');
#26=DRAUGHTING_PRE_DEFINED_TEXT_FONT('ISO 3098-1 font A');
#27=DIRECTION('',(0.E0,1.E0));
#28=VECTOR('',#27,1.191424581785E1);
#29=CARTESIAN_POINT('',(0.E0,0.E0));
#30=LINE('',#29,#28);
#31=TRIMMED_CURVE('',#30,(PARAMETER_VALUE(0.E0)),(PARAMETER_VALUE(1.E0)),.T.,
.UNSPECIFIED.);
#32=CURVE_STYLE('',#24,POSITIVE_LENGTH_MEASURE(1.E-5),#22);
#33=PRESENTATION_STYLE_ASSIGNMENT((#32));
#34=(ANNOTATION_CURVE_OCCURRENCE()ANNOTATION_OCCURRENCE()DRAUGHTING_ANNOTATION_OCCURRENCE()GEOMETRIC_REPRESENTATION_ITEM()REPRESENTATION_ITEM('')STYLED_ITEM(
(#33),#31));
#35=DIRECTION('',(-7.993873193777E-1,-6.008160397477E-1));
#36=VECTOR('',#35,6.752175348136E-1);
#37=CARTESIAN_POINT('',(3.850098526526E0,1.104194013531E1));
#38=LINE('',#37,#36);
#39=TRIMMED_CURVE('',#38,(PARAMETER_VALUE(0.E0)),(PARAMETER_VALUE(1.E0)),.T.,
.UNSPECIFIED.);
#40=CURVE_STYLE('',#24,POSITIVE_LENGTH_MEASURE(1.E-5),#23);
#41=PRESENTATION_STYLE_ASSIGNMENT((#40));
#42=(ANNOTATION_CURVE_OCCURRENCE()ANNOTATION_OCCURRENCE()DRAUGHTING_ANNOTATION_OCCURRENCE()GEOMETRIC_REPRESENTATION_ITEM()REPRESENTATION_ITEM('')STYLED_ITEM(
(#41),#39));
#43=DIRECTION('',(8.024685085889E-1,5.966944718389E-1));
#44=VECTOR('',#43,6.857994625728E-1);
#45=CARTESIAN_POINT('',(3.733675830971E0,1.065742441547E1));
#46=LINE('',#45,#44);
#47=TRIMMED_CURVE('',#46,(PARAMETER_VALUE(0.E0)),(PARAMETER_VALUE(1.E0)),.T.,
.UNSPECIFIED.);
#48=(ANNOTATION_CURVE_OCCURRENCE()ANNOTATION_OCCURRENCE()DRAUGHTING_ANNOTATION_OCCURRENCE()GEOMETRIC_REPRESENTATION_ITEM()REPRESENTATION_ITEM('')STYLED_ITEM(
(#41),#47));
#49=DIRECTION('',(0.E0,1.E0));
#50=VECTOR('',#49,9.876658119275E-2);
#51=CARTESIAN_POINT('',(2.939925831170E0,9.630979747484E-1));
#52=LINE('',#51,#50);
#53=TRIMMED_CURVE('',#52,(PARAMETER_VALUE(0.E0)),(PARAMETER_VALUE(1.E0)),.T.,
.UNSPECIFIED.);
#54=(ANNOTATION_CURVE_OCCURRENCE()ANNOTATION_OCCURRENCE()DRAUGHTING_ANNOTATION_OCCURRENCE()GEOMETRIC_REPRESENTATION_ITEM()REPRESENTATION_ITEM('')STYLED_ITEM(
(#41),#53));
#55=DIRECTION('',(7.989948105371E-1,6.013379189231E-1));
#56=VECTOR('',#55,8.389120699023E-1);
#57=CARTESIAN_POINT('',(5.031895469047E0,1.105606502680E1));
#58=LINE('',#57,#56);
#59=TRIMMED_CURVE('',#58,(PARAMETER_VALUE(0.E0)),(PARAMETER_VALUE(1.E0)),.T.,
.UNSPECIFIED.);
#60=COMPOSITE_CURVE_SEGMENT(.CONTINUOUS.,.T.,#59);
#61=DIRECTION('',(9.792705234999E-1,2.025567619315E-1));
#62=VECTOR('',#61,4.135076314651E-1);
#63=CARTESIAN_POINT('',(5.702181859396E0,1.156053466508E1));
#64=LINE('',#63,#62);
#65=TRIMMED_CURVE('',#64,(PARAMETER_VALUE(0.E0)),(PARAMETER_VALUE(1.E0)),.T.,
.UNSPECIFIED.);
#66=COMPOSITE_CURVE_SEGMENT(.CONTINUOUS.,.T.,#65);
#67=DIRECTION('',(9.842225786289E-1,1.769347781445E-1));
#68=VECTOR('',#67,4.078293137442E-1);
#69=CARTESIAN_POINT('',(6.107117694132E0,1.164429343194E1));
#70=LINE('',#69,#68);
#71=TRIMMED_CURVE('',#70,(PARAMETER_VALUE(0.E0)),(PARAMETER_VALUE(1.E0)),.T.,
.UNSPECIFIED.);
#72=COMPOSITE_CURVE_SEGMENT(.CONTINUOUS.,.T.,#71);
#73=DIRECTION('',(9.885586304285E-1,1.508371114986E-1));
#74=VECTOR('',#73,4.026193143091E-1);
#75=CARTESIAN_POINT('',(6.508512512946E0,1.171645262109E1));
#76=LINE('',#75,#74);
#77=TRIMMED_CURVE('',#76,(PARAMETER_VALUE(0.E0)),(PARAMETER_VALUE(1.E0)),.T.,
.UNSPECIFIED.);
#78=COMPOSITE_CURVE_SEGMENT(.CONTINUOUS.,.T.,#77);
#79=DIRECTION('',(9.922448800762E-1,1.242984230091E-1));
#80=VECTOR('',#79,3.978759445129E-1);
#81=CARTESIAN_POINT('',(6.906525310884E0,1.177718255549E1));
#82=LINE('',#81,#80);
#83=TRIMMED_CURVE('',#82,(PARAMETER_VALUE(0.E0)),(PARAMETER_VALUE(1.E0)),.T.,
.UNSPECIFIED.);
#84=COMPOSITE_CURVE_SEGMENT(.CONTINUOUS.,.T.,#83);
#85=DIRECTION('',(9.952495182682E-1,9.735705617450E-2));
#86=VECTOR('',#85,3.935976793961E-1);
#87=CARTESIAN_POINT('',(7.301315679732E0,1.182663790795E1));
#88=LINE('',#87,#86);
#89=TRIMMED_CURVE('',#88,(PARAMETER_VALUE(0.E0)),(PARAMETER_VALUE(1.E0)),.T.,
.UNSPECIFIED.);
#90=COMPOSITE_CURVE_SEGMENT(.CONTINUOUS.,.T.,#89);
#91=DIRECTION('',(9.975431379898E-1,7.005489168800E-2));
#92=VECTOR('',#91,3.897831610515E-1);
#93=CARTESIAN_POINT('',(7.693043580543E0,1.186495741933E1));
#94=LINE('',#93,#92);
#95=TRIMMED_CURVE('',#94,(PARAMETER_VALUE(0.E0)),(PARAMETER_VALUE(1.E0)),.T.,
.UNSPECIFIED.);
#96=COMPOSITE_CURVE_SEGMENT(.CONTINUOUS.,.T.,#95);
#97=DIRECTION('',(9.990991386980E-1,4.243714237514E-2));
#98=VECTOR('',#97,3.864312016046E-1);
#99=CARTESIAN_POINT('',(8.081869098154E0,1.189226363646E1));
#100=LINE('',#99,#98);
#101=TRIMMED_CURVE('',#100,(PARAMETER_VALUE(0.E0)),(PARAMETER_VALUE(1.E0)),.T.,
.UNSPECIFIED.);
#102=COMPOSITE_CURVE_SEGMENT(.CONTINUOUS.,.T.,#101);
#103=DIRECTION('',(9.998941127573E-1,1.455208827666E-2));
#104=VECTOR('',#103,3.835407857866E-1);
#105=CARTESIAN_POINT('',(8.467952178843E0,1.190866267238E1));
#106=LINE('',#105,#104);
#107=TRIMMED_CURVE('',#106,(PARAMETER_VALUE(0.E0)),(PARAMETER_VALUE(1.E0)),.T.,
.UNSPECIFIED.);
#108=COMPOSITE_CURVE_SEGMENT(.CONTINUOUS.,.T.,#107);
#109=DIRECTION('',(9.999082047463E-1,-1.354924651443E-2));
#110=VECTOR('',#109,3.811110730769E-1);
#111=CARTESIAN_POINT('',(8.851452352553E0,1.191424399176E1));
#112=LINE('',#111,#110);
#113=TRIMMED_CURVE('',#112,(PARAMETER_VALUE(0.E0)),(PARAMETER_VALUE(1.E0)),.T.,
.UNSPECIFIED.);
#114=COMPOSITE_CURVE_SEGMENT(.CONTINUOUS.,.T.,#113);
#115=DIRECTION('',(9.991254343523E-1,-4.181347187716E-2));
#116=VECTOR('',#115,3.791413994005E-1);
#117=CARTESIAN_POINT('',(9.232528441442E0,1.190908022388E1));
#118=LINE('',#117,#116);
#119=TRIMMED_CURVE('',#118,(PARAMETER_VALUE(0.E0)),(PARAMETER_VALUE(1.E0)),.T.,
.UNSPECIFIED.);
#120=COMPOSITE_CURVE_SEGMENT(.CONTINUOUS.,.T.,#119);
#121=DIRECTION('',(9.975339740409E-1,-7.018525937907E-2));
#122=VECTOR('',#121,3.776312783670E-1);
#123=CARTESIAN_POINT('',(9.611338256799E0,1.189322700564E1));
#124=LINE('',#123,#122);
#125=TRIMMED_CURVE('',#124,(PARAMETER_VALUE(0.E0)),(PARAMETER_VALUE(1.E0)),.T.,
.UNSPECIFIED.);
#126=COMPOSITE_CURVE_SEGMENT(.CONTINUOUS.,.T.,#125);
#127=DIRECTION('',(9.951263735094E-1,-9.860781280444E-2));
#128=VECTOR('',#127,3.765804020449E-1);
#129=CARTESIAN_POINT('',(9.988038286631E0,1.186672285641E1));
#130=LINE('',#129,#128);
#131=TRIMMED_CURVE('',#130,(PARAMETER_VALUE(0.E0)),(PARAMETER_VALUE(1.E0)),.T.,
.UNSPECIFIED.);
#132=COMPOSITE_CURVE_SEGMENT(.CONTINUOUS.,.T.,#131);
#133=DIRECTION('',(9.918997241132E-1,-1.270233730621E-1));
#134=VECTOR('',#133,3.759886412686E-1);
#135=CARTESIAN_POINT('',(1.036278337645E1,1.182958908662E1));
#136=LINE('',#135,#134);
#137=TRIMMED_CURVE('',#136,(PARAMETER_VALUE(0.E0)),(PARAMETER_VALUE(1.E0)),.T.,
.UNSPECIFIED.);
#138=COMPOSITE_CURVE_SEGMENT(.CONTINUOUS.,.T.,#137);
#139=DIRECTION('',(9.889431050452E-1,-1.482954314317E-1));
#140=VECTOR('',#139,1.879286813865E-1);
#141=CARTESIAN_POINT('',(1.073572640600E1,1.178182974118E1));
#142=LINE('',#141,#140);
#143=TRIMMED_CURVE('',#142,(PARAMETER_VALUE(0.E0)),(PARAMETER_VALUE(1.E0)),.T.,
.UNSPECIFIED.);
#144=COMPOSITE_CURVE_SEGMENT(.CONTINUOUS.,.T.,#143);
#145=DIRECTION('',(9.867178261114E-1,-1.624436260181E-1));
#146=VECTOR('',#145,1.879328297221E-1);
#147=CARTESIAN_POINT('',(1.092157717969E1,1.175396077629E1));
#148=LINE('',#147,#146);
#149=TRIMMED_CURVE('',#148,(PARAMETER_VALUE(0.E0)),(PARAMETER_VALUE(1.E0)),.T.,
.UNSPECIFIED.);
#150=COMPOSITE_CURVE_SEGMENT(.CONTINUOUS.,.T.,#149);
#151=DIRECTION('',(9.830020315408E-1,-1.835946785360E-1));
#152=VECTOR('',#151,3.760260257761E-1);
#153=CARTESIAN_POINT('',(1.110701385289E1,1.172343228598E1));
#154=LINE('',#153,#152);
#155=TRIMMED_CURVE('',#154,(PARAMETER_VALUE(0.E0)),(PARAMETER_VALUE(1.E0)),.T.,
.UNSPECIFIED.);
#156=COMPOSITE_CURVE_SEGMENT(.CONTINUOUS.,.T.,#155);
#157=DIRECTION('',(9.773511864013E-1,-2.116238607531E-1));
#158=VECTOR('',#157,3.766594662792E-1);
#159=CARTESIAN_POINT('',(1.147664820014E1,1.165439590866E1));
#160=LINE('',#159,#158);
#161=TRIMMED_CURVE('',#160,(PARAMETER_VALUE(0.E0)),(PARAMETER_VALUE(1.E0)),.T.,
.UNSPECIFIED.);
#162=COMPOSITE_CURVE_SEGMENT(.CONTINUOUS.,.T.,#161);
#163=DIRECTION('',(9.709197116187E-1,-2.394053332534E-1));
#164=VECTOR('',#163,3.777521621938E-1);
#165=CARTESIAN_POINT('',(1.184477677638E1,1.157468577822E1));
#166=LINE('',#165,#164);
#167=TRIMMED_CURVE('',#166,(PARAMETER_VALUE(0.E0)),(PARAMETER_VALUE(1.E0)),.T.,
.UNSPECIFIED.);
#168=COMPOSITE_CURVE_SEGMENT(.CONTINUOUS.,.T.,#167);
#169=DIRECTION('',(9.637283385540E-1,-2.668851615733E-1));
#170=VECTOR('',#169,3.793042590064E-1);
#171=CARTESIAN_POINT('',(1.221154379676E1,1.148424989594E1));
#172=LINE('',#171,#170);
#173=TRIMMED_CURVE('',#172,(PARAMETER_VALUE(0.E0)),(PARAMETER_VALUE(1.E0)),.T.,
.UNSPECIFIED.);
#174=COMPOSITE_CURVE_SEGMENT(.CONTINUOUS.,.T.,#173);
#175=DIRECTION('',(9.558018048180E-1,-2.940117513070E-1));
#176=VECTOR('',#175,3.813160808674E-1);
#177=CARTESIAN_POINT('',(1.257709006010E1,1.138301921749E1));
#178=LINE('',#177,#176);
#179=TRIMMED_CURVE('',#178,(PARAMETER_VALUE(0.E0)),(PARAMETER_VALUE(1.E0)),.T.,
.UNSPECIFIED.);
#180=COMPOSITE_CURVE_SEGMENT(.CONTINUOUS.,.T.,#179);
#181=DIRECTION('',(9.471685395163E-1,-3.207362744539E-1));
#182=VECTOR('',#181,3.837881302463E-1);
#183=CARTESIAN_POINT('',(1.294155265840E1,1.127090780875E1));
#184=LINE('',#183,#182);
#185=TRIMMED_CURVE('',#184,(PARAMETER_VALUE(0.E0)),(PARAMETER_VALUE(1.E0)),.T.,
.UNSPECIFIED.);
#186=COMPOSITE_CURVE_SEGMENT(.CONTINUOUS.,.T.,#185);
#187=DIRECTION('',(9.378603025872E-1,-3.470130441800E-1));
#188=VECTOR('',#187,3.867210871229E-1);
#189=CARTESIAN_POINT('',(1.330506470121E1,1.114781303368E1));
#190=LINE('',#189,#188);
#191=TRIMMED_CURVE('',#190,(PARAMETER_VALUE(0.E0)),(PARAMETER_VALUE(1.E0)),.T.,
.UNSPECIFIED.);
#192=COMPOSITE_CURVE_SEGMENT(.CONTINUOUS.,.T.,#191);
#193=DIRECTION('',(9.279117873545E-1,-3.727998322004E-1));
#194=VECTOR('',#193,3.901158077136E-1);
#195=CARTESIAN_POINT('',(1.366775505699E1,1.101361577199E1));
#196=LINE('',#195,#194);
#197=TRIMMED_CURVE('',#196,(PARAMETER_VALUE(0.E0)),(PARAMETER_VALUE(1.E0)),.T.,
.UNSPECIFIED.);
#198=COMPOSITE_CURVE_SEGMENT(.CONTINUOUS.,.T.,#197);
#199=DIRECTION('',(9.173601960263E-1,-3.980581248342E-1));
#200=VECTOR('',#199,3.939733227421E-1);
#201=CARTESIAN_POINT('',(1.402974811340E1,1.086818066433E1));
#202=LINE('',#201,#200);
#203=TRIMMED_CURVE('',#202,(PARAMETER_VALUE(0.E0)),(PARAMETER_VALUE(1.E0)),.T.,
.UNSPECIFIED.);
#204=COMPOSITE_CURVE_SEGMENT(.CONTINUOUS.,.T.,#203);
#205=DIRECTION('',(9.062447981088E-1,-4.227533156590E-1));
#206=VECTOR('',#205,3.982948352664E-1);
#207=CARTESIAN_POINT('',(1.439116355798E1,1.071135638225E1));
#208=LINE('',#207,#206);
#209=TRIMMED_CURVE('',#208,(PARAMETER_VALUE(0.E0)),(PARAMETER_VALUE(1.E0)),.T.,
.UNSPECIFIED.);
#210=COMPOSITE_CURVE_SEGMENT(.CONTINUOUS.,.T.,#209);
#211=DIRECTION('',(8.946064815673E-1,-4.468548345244E-1));
#212=VECTOR('',#211,4.030817180792E-1);
#213=CARTESIAN_POINT('',(1.475211618056E1,1.054297592003E1));
#214=LINE('',#213,#212);
#215=TRIMMED_CURVE('',#214,(PARAMETER_VALUE(0.E0)),(PARAMETER_VALUE(1.E0)),.T.,
.UNSPECIFIED.);
#216=COMPOSITE_CURVE_SEGMENT(.CONTINUOUS.,.T.,#215);
#217=DIRECTION('',(8.824873061028E-1,-4.703362143908E-1));
#218=VECTOR('',#217,4.083355107021E-1);
#219=CARTESIAN_POINT('',(1.511271569815E1,1.036285690560E1));
#220=LINE('',#219,#218);
#221=TRIMMED_CURVE('',#220,(PARAMETER_VALUE(0.E0)),(PARAMETER_VALUE(1.E0)),.T.,
.UNSPECIFIED.);
#222=COMPOSITE_CURVE_SEGMENT(.CONTINUOUS.,.T.,#221);
#223=DIRECTION('',(8.699300671591E-1,-4.931750989786E-1));
#224=VECTOR('',#223,4.140579159995E-1);
#225=CARTESIAN_POINT('',(1.547306660298E1,1.017080192729E1));
#226=LINE('',#225,#224);
#227=TRIMMED_CURVE('',#226,(PARAMETER_VALUE(0.E0)),(PARAMETER_VALUE(1.E0)),.T.,
.UNSPECIFIED.);
#228=COMPOSITE_CURVE_SEGMENT(.CONTINUOUS.,.T.,#227);
#229=DIRECTION('',(8.569778782967E-1,-5.153531954982E-1));
#230=VECTOR('',#229,4.202507964396E-1);
#231=CARTESIAN_POINT('',(1.583326803365E1,9.966598873585E0));
#232=LINE('',#231,#230);
#233=TRIMMED_CURVE('',#232,(PARAMETER_VALUE(0.E0)),(PARAMETER_VALUE(1.E0)),.T.,
.UNSPECIFIED.);
#234=COMPOSITE_CURVE_SEGMENT(.CONTINUOUS.,.T.,#233);
#235=DIRECTION('',(8.436737784298E-1,-5.368561777515E-1));
#236=VECTOR('',#235,4.269161700324E-1);
#237=CARTESIAN_POINT('',(1.619341366954E1,9.750021282729E0));
#238=LINE('',#237,#236);
#239=TRIMMED_CURVE('',#238,(PARAMETER_VALUE(0.E0)),(PARAMETER_VALUE(1.E0)),.T.,
.UNSPECIFIED.);
#240=COMPOSITE_CURVE_SEGMENT(.CONTINUOUS.,.T.,#239);
#241=DIRECTION('',(8.335006935915E-1,-5.525184103561E-1));
#242=VECTOR('',#241,2.159064911929E-1);
#243=CARTESIAN_POINT('',(1.655359164778E1,9.520828699466E0));
#244=LINE('',#243,#242);
#245=TRIMMED_CURVE('',#244,(PARAMETER_VALUE(0.E0)),(PARAMETER_VALUE(1.E0)),.T.,
.UNSPECIFIED.);
#246=COMPOSITE_CURVE_SEGMENT(.CONTINUOUS.,.T.,#245);
#247=COMPOSITE_CURVE('',(#60,#66,#72,#78,#84,#90,#96,#102,#108,#114,#120,#126,
#132,#138,#144,#150,#156,#162,#168,#174,#180,#186,#192,#198,#204,#210,#216,#222,
#228,#234,#240,#246),.F.);
#248=(ANNOTATION_CURVE_OCCURRENCE()ANNOTATION_OCCURRENCE()DRAUGHTING_ANNOTATION_OCCURRENCE()GEOMETRIC_REPRESENTATION_ITEM()REPRESENTATION_ITEM('')STYLED_ITEM((
#41),#247));
#249=DIRECTION('',(-8.030897295270E-1,-5.958581092242E-1));
#250=VECTOR('',#249,6.808719237034E-1);
#251=CARTESIAN_POINT('',(5.151849387475E0,1.147234022066E1));
#252=LINE('',#251,#250);
#253=TRIMMED_CURVE('',#252,(PARAMETER_VALUE(0.E0)),(PARAMETER_VALUE(1.E0)),.T.,
.UNSPECIFIED.);
#254=(ANNOTATION_CURVE_OCCURRENCE()ANNOTATION_OCCURRENCE()DRAUGHTING_ANNOTATION_OCCURRENCE()GEOMETRIC_REPRESENTATION_ITEM()REPRESENTATION_ITEM('')STYLED_ITEM((
#41),#253));
#255=DIRECTION('',(9.196791854895E-1,3.926705944903E-1));
#256=VECTOR('',#255,6.827976423536E-1);
#257=CARTESIAN_POINT('',(4.523894607901E0,1.120422566452E1));
#258=LINE('',#257,#256);
#259=TRIMMED_CURVE('',#258,(PARAMETER_VALUE(0.E0)),(PARAMETER_VALUE(1.E0)),.T.,
.UNSPECIFIED.);
#260=(ANNOTATION_CURVE_OCCURRENCE()ANNOTATION_OCCURRENCE()DRAUGHTING_ANNOTATION_OCCURRENCE()GEOMETRIC_REPRESENTATION_ITEM()REPRESENTATION_ITEM('')STYLED_ITEM((
#41),#259));
#261=DIRECTION('',(-9.196791854895E-1,-3.926705944903E-1));
#262=VECTOR('',#261,6.827976423536E-1);
#263=CARTESIAN_POINT('',(4.361630610545E0,1.092553897161E1));
#264=LINE('',#263,#262);
#265=TRIMMED_CURVE('',#264,(PARAMETER_VALUE(0.E0)),(PARAMETER_VALUE(1.E0)),.T.,
.UNSPECIFIED.);
#266=(ANNOTATION_CURVE_OCCURRENCE()ANNOTATION_OCCURRENCE()DRAUGHTING_ANNOTATION_OCCURRENCE()GEOMETRIC_REPRESENTATION_ITEM()REPRESENTATION_ITEM('')STYLED_ITEM((
#41),#265));
#267=DIRECTION('',(0.E0,1.E0));
#268=VECTOR('',#267,9.384009464885E-1);
#269=CARTESIAN_POINT('',(3.172771222279E0,2.469702825989E-2));
#270=LINE('',#269,#268);
#271=TRIMMED_CURVE('',#270,(PARAMETER_VALUE(0.E0)),(PARAMETER_VALUE(1.E0)),.T.,
.UNSPECIFIED.);
#272=(ANNOTATION_CURVE_OCCURRENCE()ANNOTATION_OCCURRENCE()DRAUGHTING_ANNOTATION_OCCURRENCE()GEOMETRIC_REPRESENTATION_ITEM()REPRESENTATION_ITEM('')STYLED_ITEM((
#41),#271));
#273=DIRECTION('',(0.E0,-1.E0));
#274=VECTOR('',#273,9.384009464885E-1);
#275=CARTESIAN_POINT('',(3.275069026344E0,9.630979747484E-1));
#276=LINE('',#275,#274);
#277=TRIMMED_CURVE('',#276,(PARAMETER_VALUE(0.E0)),(PARAMETER_VALUE(1.E0)),.T.,
.UNSPECIFIED.);
#278=(ANNOTATION_CURVE_OCCURRENCE()ANNOTATION_OCCURRENCE()DRAUGHTING_ANNOTATION_OCCURRENCE()GEOMETRIC_REPRESENTATION_ITEM()REPRESENTATION_ITEM('')STYLED_ITEM((
#41),#277));
#279=DIRECTION('',(0.E0,-1.E0));
#280=VECTOR('',#279,9.876658119275E-2);
#281=CARTESIAN_POINT('',(3.507892885607E0,1.061864555941E0));
#282=LINE('',#281,#280);
#283=TRIMMED_CURVE('',#282,(PARAMETER_VALUE(0.E0)),(PARAMETER_VALUE(1.E0)),.T.,
.UNSPECIFIED.);
#284=(ANNOTATION_CURVE_OCCURRENCE()ANNOTATION_OCCURRENCE()DRAUGHTING_ANNOTATION_OCCURRENCE()GEOMETRIC_REPRESENTATION_ITEM()REPRESENTATION_ITEM('')STYLED_ITEM((
#41),#283));
#285=DIRECTION('',(-9.564730464796E-1,-2.918206835680E-1));
#286=VECTOR('',#285,2.471152031413E-1);
#287=CARTESIAN_POINT('',(3.310338191375E0,1.063625861008E1));
#288=LINE('',#287,#286);
#289=TRIMMED_CURVE('',#288,(PARAMETER_VALUE(0.E0)),(PARAMETER_VALUE(1.E0)),.T.,
.UNSPECIFIED.);
#290=COMPOSITE_CURVE_SEGMENT(.CONTINUOUS.,.T.,#289);
#291=DIRECTION('',(-9.528300997512E-1,-3.035042026201E-1));
#292=VECTOR('',#291,2.489084085649E-1);
#293=CARTESIAN_POINT('',(3.073979160195E0,1.056414528258E1));
#294=LINE('',#293,#292);
#295=TRIMMED_CURVE('',#294,(PARAMETER_VALUE(0.E0)),(PARAMETER_VALUE(1.E0)),.T.,
.UNSPECIFIED.);
#296=COMPOSITE_CURVE_SEGMENT(.CONTINUOUS.,.T.,#295);
#297=DIRECTION('',(-9.490723061322E-1,-3.150583402054E-1));
#298=VECTOR('',#297,2.507971838164E-1);
#299=CARTESIAN_POINT('',(2.836811736433E0,1.048860053451E1));
#300=LINE('',#299,#298);
#301=TRIMMED_CURVE('',#300,(PARAMETER_VALUE(0.E0)),(PARAMETER_VALUE(1.E0)),.T.,
.UNSPECIFIED.);
#302=COMPOSITE_CURVE_SEGMENT(.CONTINUOUS.,.T.,#301);
#303=DIRECTION('',(-9.461824063747E-1,-3.236338268276E-1));
#304=VECTOR('',#303,1.261375460614E-1);
#305=CARTESIAN_POINT('',(2.598787074817E0,1.040958479005E1));
#306=LINE('',#305,#304);
#307=TRIMMED_CURVE('',#306,(PARAMETER_VALUE(0.E0)),(PARAMETER_VALUE(1.E0)),.T.,
.UNSPECIFIED.);
#308=COMPOSITE_CURVE_SEGMENT(.CONTINUOUS.,.T.,#307);
#309=DIRECTION('',(-9.442217978096E-1,-3.293101828690E-1));
#310=VECTOR('',#309,1.266399853550E-1);
#311=CARTESIAN_POINT('',(2.479437947950E0,1.036876241331E1));
#312=LINE('',#311,#310);
#313=TRIMMED_CURVE('',#312,(PARAMETER_VALUE(0.E0)),(PARAMETER_VALUE(1.E0)),.T.,
.UNSPECIFIED.);
#314=COMPOSITE_CURVE_SEGMENT(.CONTINUOUS.,.T.,#313);
#315=DIRECTION('',(-9.412314777502E-1,-3.377622022846E-1));
#316=VECTOR('',#315,2.548221452328E-1);
#317=CARTESIAN_POINT('',(2.359861713304E0,1.032705857658E1));
#318=LINE('',#317,#316);
#319=TRIMMED_CURVE('',#318,(PARAMETER_VALUE(0.E0)),(PARAMETER_VALUE(1.E0)),.T.,
.UNSPECIFIED.);
#320=COMPOSITE_CURVE_SEGMENT(.CONTINUOUS.,.T.,#319);
#321=DIRECTION('',(-9.371585754391E-1,-3.489037180669E-1));
#322=VECTOR('',#321,2.569642843674E-1);
#323=CARTESIAN_POINT('',(2.120015088983E0,1.024098928761E1));
#324=LINE('',#323,#322);
#325=TRIMMED_CURVE('',#324,(PARAMETER_VALUE(0.E0)),(PARAMETER_VALUE(1.E0)),.T.,
.UNSPECIFIED.);
#326=COMPOSITE_CURVE_SEGMENT(.CONTINUOUS.,.T.,#325);
#327=DIRECTION('',(-9.329905949939E-1,-3.599007497254E-1));
#328=VECTOR('',#327,2.592031284408E-1);
#329=CARTESIAN_POINT('',(1.879198806306E0,1.015133349339E1));
#330=LINE('',#329,#328);
#331=TRIMMED_CURVE('',#330,(PARAMETER_VALUE(0.E0)),(PARAMETER_VALUE(1.E0)),.T.,
.UNSPECIFIED.);
#332=COMPOSITE_CURVE_SEGMENT(.CONTINUOUS.,.T.,#331);
#333=DIRECTION('',(-9.287324422771E-1,-3.707506583434E-1));
#334=VECTOR('',#333,2.615390396948E-1);
#335=CARTESIAN_POINT('',(1.637364725278E0,1.005804609313E1));
#336=LINE('',#335,#334);
#337=TRIMMED_CURVE('',#336,(PARAMETER_VALUE(0.E0)),(PARAMETER_VALUE(1.E0)),.T.,
.UNSPECIFIED.);
#338=COMPOSITE_CURVE_SEGMENT(.CONTINUOUS.,.T.,#337);
#339=DIRECTION('',(-9.243890283116E-1,-3.814510772527E-1));
#340=VECTOR('',#339,2.639724223293E-1);
#341=CARTESIAN_POINT('',(1.394464934191E0,9.961080321979E0));
#342=LINE('',#341,#340);
#343=TRIMMED_CURVE('',#342,(PARAMETER_VALUE(0.E0)),(PARAMETER_VALUE(1.E0)),.T.,
.UNSPECIFIED.);
#344=COMPOSITE_CURVE_SEGMENT(.CONTINUOUS.,.T.,#343);
#345=DIRECTION('',(-9.199652564490E-1,-3.919999067943E-1));
#346=VECTOR('',#345,2.665037214881E-1);
#347=CARTESIAN_POINT('',(1.150451723213E0,9.860387757117E0));
#348=LINE('',#347,#346);
#349=TRIMMED_CURVE('',#348,(PARAMETER_VALUE(0.E0)),(PARAMETER_VALUE(1.E0)),.T.,
.UNSPECIFIED.);
#350=COMPOSITE_CURVE_SEGMENT(.CONTINUOUS.,.T.,#349);
#351=DIRECTION('',(-9.154660101750E-1,-4.023953083900E-1));
#352=VECTOR('',#351,2.691334223326E-1);
#353=CARTESIAN_POINT('',(9.052775587300E-1,9.755918323133E0));
#354=LINE('',#353,#352);
#355=TRIMMED_CURVE('',#354,(PARAMETER_VALUE(0.E0)),(PARAMETER_VALUE(1.E0)),.T.,
.UNSPECIFIED.);
#356=COMPOSITE_CURVE_SEGMENT(.CONTINUOUS.,.T.,#355);
#357=DIRECTION('',(-9.129170588314E-1,-4.081451257758E-1));
#358=VECTOR('',#357,3.248856445723E-2);
#359=CARTESIAN_POINT('',(6.588950583824E-1,9.647620296655E0));
#360=LINE('',#359,#358);
#361=TRIMMED_CURVE('',#360,(PARAMETER_VALUE(0.E0)),(PARAMETER_VALUE(1.E0)),.T.,
.UNSPECIFIED.);
#362=COMPOSITE_CURVE_SEGMENT(.CONTINUOUS.,.T.,#361);
#363=DIRECTION('',(8.848089919980E-1,4.659539115401E-1));
#364=VECTOR('',#363,1.632222075569E-1);
#365=CARTESIAN_POINT('',(6.292356936725E-1,9.634360247429E0));
#366=LINE('',#365,#364);
#367=TRIMMED_CURVE('',#366,(PARAMETER_VALUE(0.E0)),(PARAMETER_VALUE(1.E0)),.T.,
.UNSPECIFIED.);
#368=COMPOSITE_CURVE_SEGMENT(.CONTINUOUS.,.T.,#367);
#369=DIRECTION('',(8.888490777737E-1,4.582000839599E-1));
#370=VECTOR('',#369,2.742129592358E-1);
#371=CARTESIAN_POINT('',(7.736561706126E-1,9.710414273490E0));
#372=LINE('',#371,#370);
#373=TRIMMED_CURVE('',#372,(PARAMETER_VALUE(0.E0)),(PARAMETER_VALUE(1.E0)),.T.,
.UNSPECIFIED.);
#374=COMPOSITE_CURVE_SEGMENT(.CONTINUOUS.,.T.,#373);
#375=DIRECTION('',(8.938803947828E-1,4.483055206250E-1));
#376=VECTOR('',#375,2.714149489086E-1);
#377=CARTESIAN_POINT('',(1.017390106543E0,9.836058674435E0));
#378=LINE('',#377,#376);
#379=TRIMMED_CURVE('',#378,(PARAMETER_VALUE(0.E0)),(PARAMETER_VALUE(1.E0)),.T.,
.UNSPECIFIED.);
#380=COMPOSITE_CURVE_SEGMENT(.CONTINUOUS.,.T.,#379);
#381=DIRECTION('',(8.988516007211E-1,4.382531230706E-1));
#382=VECTOR('',#381,2.686463741566E-1);
#383=CARTESIAN_POINT('',(1.260002608223E0,9.957735494411E0));
#384=LINE('',#383,#382);
#385=TRIMMED_CURVE('',#384,(PARAMETER_VALUE(0.E0)),(PARAMETER_VALUE(1.E0)),.T.,
.UNSPECIFIED.);
#386=COMPOSITE_CURVE_SEGMENT(.CONTINUOUS.,.T.,#385);
#387=DIRECTION('',(9.037591113830E-1,4.280414332658E-1));
#388=VECTOR('',#387,2.659079777849E-1);
#389=CARTESIAN_POINT('',(1.501475831662E0,1.007547060689E1));
#390=LINE('',#389,#388);
#391=TRIMMED_CURVE('',#390,(PARAMETER_VALUE(0.E0)),(PARAMETER_VALUE(1.E0)),.T.,
.UNSPECIFIED.);
#392=COMPOSITE_CURVE_SEGMENT(.CONTINUOUS.,.T.,#391);
#393=DIRECTION('',(9.085992223105E-1,4.176690714150E-1));
#394=VECTOR('',#393,2.632004977190E-1);
#395=CARTESIAN_POINT('',(1.741792589374E0,1.018929023881E1));
#396=LINE('',#395,#394);
#397=TRIMMED_CURVE('',#396,(PARAMETER_VALUE(0.E0)),(PARAMETER_VALUE(1.E0)),.T.,
.UNSPECIFIED.);
#398=COMPOSITE_CURVE_SEGMENT(.CONTINUOUS.,.T.,#397);
#399=DIRECTION('',(9.133681080992E-1,4.071347431838E-1));
#400=VECTOR('',#399,2.605246664517E-1);
#401=CARTESIAN_POINT('',(1.980936356914E0,1.029922094629E1));
#402=LINE('',#401,#400);
#403=TRIMMED_CURVE('',#402,(PARAMETER_VALUE(0.E0)),(PARAMETER_VALUE(1.E0)),.T.,
.UNSPECIFIED.);
#404=COMPOSITE_CURVE_SEGMENT(.CONTINUOUS.,.T.,#403);
#405=DIRECTION('',(9.180618220061E-1,3.964372472092E-1));
#406=VECTOR('',#405,2.578812105027E-1);
#407=CARTESIAN_POINT('',(2.218891278624E0,1.040528958946E1));
#408=LINE('',#407,#406);
#409=TRIMMED_CURVE('',#408,(PARAMETER_VALUE(0.E0)),(PARAMETER_VALUE(1.E0)),.T.,
.UNSPECIFIED.);
#410=COMPOSITE_CURVE_SEGMENT(.CONTINUOUS.,.T.,#409);
#411=DIRECTION('',(9.226762958886E-1,3.855754828893E-1));
#412=VECTOR('',#411,2.552708498926E-1);
#413=CARTESIAN_POINT('',(2.455642172599E0,1.050752330666E1));
#414=LINE('',#413,#412);
#415=TRIMMED_CURVE('',#414,(PARAMETER_VALUE(0.E0)),(PARAMETER_VALUE(1.E0)),.T.,
.UNSPECIFIED.);
#416=COMPOSITE_CURVE_SEGMENT(.CONTINUOUS.,.T.,#415);
#417=DIRECTION('',(9.272073405004E-1,3.745484584432E-1));
#418=VECTOR('',#417,2.526942976325E-1);
#419=CARTESIAN_POINT('',(2.691174534826E0,1.060594948787E1));
#420=LINE('',#419,#418);
#421=TRIMMED_CURVE('',#420,(PARAMETER_VALUE(0.E0)),(PARAMETER_VALUE(1.E0)),.T.,
.UNSPECIFIED.);
#422=COMPOSITE_CURVE_SEGMENT(.CONTINUOUS.,.T.,#421);
#423=DIRECTION('',(9.316506461765E-1,3.633552992305E-1));
#424=VECTOR('',#423,2.501522592298E-1);
#425=CARTESIAN_POINT('',(2.925474542494E0,1.070059574751E1));
#426=LINE('',#425,#424);
#427=TRIMMED_CURVE('',#426,(PARAMETER_VALUE(0.E0)),(PARAMETER_VALUE(1.E0)),.T.,
.UNSPECIFIED.);
#428=COMPOSITE_CURVE_SEGMENT(.CONTINUOUS.,.T.,#427);
#429=DIRECTION('',(9.360017839353E-1,3.519952563174E-1));
#430=VECTOR('',#429,2.476454322115E-1);
#431=CARTESIAN_POINT('',(3.158529056448E0,1.079148989652E1));
#432=LINE('',#431,#430);
#433=TRIMMED_CURVE('',#432,(PARAMETER_VALUE(0.E0)),(PARAMETER_VALUE(1.E0)),.T.,
.UNSPECIFIED.);
#434=COMPOSITE_CURVE_SEGMENT(.CONTINUOUS.,.T.,#433);
#435=DIRECTION('',(9.402562070291E-1,3.404677152732E-1));
#436=VECTOR('',#435,2.451745056661E-1);
#437=CARTESIAN_POINT('',(3.390325622781E0,1.087865991390E1));
#438=LINE('',#437,#436);
#439=TRIMMED_CURVE('',#438,(PARAMETER_VALUE(0.E0)),(PARAMETER_VALUE(1.E0)),.T.,
.UNSPECIFIED.);
#440=COMPOSITE_CURVE_SEGMENT(.CONTINUOUS.,.T.,#439);
#441=DIRECTION('',(9.444092529738E-1,3.287722051778E-1));
#442=VECTOR('',#441,2.427401598039E-1);
#443=CARTESIAN_POINT('',(3.620852473539E0,1.096213391769E1));
#444=LINE('',#443,#442);
#445=TRIMMED_CURVE('',#444,(PARAMETER_VALUE(0.E0)),(PARAMETER_VALUE(1.E0)),.T.,
.UNSPECIFIED.);
#446=COMPOSITE_CURVE_SEGMENT(.CONTINUOUS.,.T.,#445);
#447=COMPOSITE_CURVE('',(#290,#296,#302,#308,#314,#320,#326,#332,#338,#344,#350,
#356,#362,#368,#374,#380,#386,#392,#398,#404,#410,#416,#422,#428,#434,#440,
#446),.F.);
#448=(ANNOTATION_CURVE_OCCURRENCE()ANNOTATION_OCCURRENCE()DRAUGHTING_ANNOTATION_OCCURRENCE()GEOMETRIC_REPRESENTATION_ITEM()REPRESENTATION_ITEM('')STYLED_ITEM((
#41),#447));
#449=DIRECTION('',(1.E0,0.E0));
#450=VECTOR('',#449,1.910773741160E1);
#451=CARTESIAN_POINT('',(0.E0,0.E0));
#452=LINE('',#451,#450);
#453=TRIMMED_CURVE('',#452,(PARAMETER_VALUE(0.E0)),(PARAMETER_VALUE(1.E0)),.T.,
.UNSPECIFIED.);
#454=(ANNOTATION_CURVE_OCCURRENCE()ANNOTATION_OCCURRENCE()DRAUGHTING_ANNOTATION_OCCURRENCE()GEOMETRIC_REPRESENTATION_ITEM()REPRESENTATION_ITEM('')STYLED_ITEM((
#33),#453));
#455=DIRECTION('',(-1.E0,0.E0));
#456=VECTOR('',#455,5.891328598245E-1);
#457=CARTESIAN_POINT('',(1.792945016010E1,2.469702825989E-2));
#458=LINE('',#457,#456);
#459=TRIMMED_CURVE('',#458,(PARAMETER_VALUE(0.E0)),(PARAMETER_VALUE(1.E0)),.T.,
.UNSPECIFIED.);
#460=(ANNOTATION_CURVE_OCCURRENCE()ANNOTATION_OCCURRENCE()DRAUGHTING_ANNOTATION_OCCURRENCE()GEOMETRIC_REPRESENTATION_ITEM()REPRESENTATION_ITEM('')STYLED_ITEM((
#41),#459));
#461=DIRECTION('',(-1.E0,0.E0));
#462=VECTOR('',#461,1.022978040651E-1);
#463=CARTESIAN_POINT('',(1.661006471664E1,2.469702825989E-2));
#464=LINE('',#463,#462);
#465=TRIMMED_CURVE('',#464,(PARAMETER_VALUE(0.E0)),(PARAMETER_VALUE(1.E0)),.T.,
.UNSPECIFIED.);
#466=(ANNOTATION_CURVE_OCCURRENCE()ANNOTATION_OCCURRENCE()DRAUGHTING_ANNOTATION_OCCURRENCE()GEOMETRIC_REPRESENTATION_ITEM()REPRESENTATION_ITEM('')STYLED_ITEM((
#41),#465));
#467=DIRECTION('',(-1.E0,0.E0));
#468=VECTOR('',#467,5.044911701213E-1);
#469=CARTESIAN_POINT('',(1.236969047047E1,2.469702825989E-2));
#470=LINE('',#469,#468);
#471=TRIMMED_CURVE('',#470,(PARAMETER_VALUE(0.E0)),(PARAMETER_VALUE(1.E0)),.T.,
.UNSPECIFIED.);
#472=(ANNOTATION_CURVE_OCCURRENCE()ANNOTATION_OCCURRENCE()DRAUGHTING_ANNOTATION_OCCURRENCE()GEOMETRIC_REPRESENTATION_ITEM()REPRESENTATION_ITEM('')STYLED_ITEM((
#41),#471));
#473=DIRECTION('',(-1.E0,0.E0));
#474=VECTOR('',#473,2.469702825988E-2);
#475=CARTESIAN_POINT('',(9.378120274005E0,2.469702825989E-2));
#476=LINE('',#475,#474);
#477=TRIMMED_CURVE('',#476,(PARAMETER_VALUE(0.E0)),(PARAMETER_VALUE(1.E0)),.T.,
.UNSPECIFIED.);
#478=(ANNOTATION_CURVE_OCCURRENCE()ANNOTATION_OCCURRENCE()DRAUGHTING_ANNOTATION_OCCURRENCE()GEOMETRIC_REPRESENTATION_ITEM()REPRESENTATION_ITEM('')STYLED_ITEM((
#41),#477));
#479=DIRECTION('',(-1.E0,0.E0));
#480=VECTOR('',#479,1.058505587843E-1);
#481=CARTESIAN_POINT('',(8.665523804728E0,2.469702825989E-2));
#482=LINE('',#481,#480);
#483=TRIMMED_CURVE('',#482,(PARAMETER_VALUE(0.E0)),(PARAMETER_VALUE(1.E0)),.T.,
.UNSPECIFIED.);
#484=(ANNOTATION_CURVE_OCCURRENCE()ANNOTATION_OCCURRENCE()DRAUGHTING_ANNOTATION_OCCURRENCE()GEOMETRIC_REPRESENTATION_ITEM()REPRESENTATION_ITEM('')STYLED_ITEM((
#41),#483));
#485=DIRECTION('',(-1.E0,0.E0));
#486=VECTOR('',#485,1.022978040651E-1);
#487=CARTESIAN_POINT('',(7.815317302662E0,2.469702825989E-2));
#488=LINE('',#487,#486);
#489=TRIMMED_CURVE('',#488,(PARAMETER_VALUE(0.E0)),(PARAMETER_VALUE(1.E0)),.T.,
.UNSPECIFIED.);
#490=(ANNOTATION_CURVE_OCCURRENCE()ANNOTATION_OCCURRENCE()DRAUGHTING_ANNOTATION_OCCURRENCE()GEOMETRIC_REPRESENTATION_ITEM()REPRESENTATION_ITEM('')STYLED_ITEM((
#41),#489));
#491=DIRECTION('',(-1.E0,0.E0));
#492=VECTOR('',#491,1.058290269375E-1);
#493=CARTESIAN_POINT('',(7.183852832062E0,2.469702825989E-2));
#494=LINE('',#493,#492);
#495=TRIMMED_CURVE('',#494,(PARAMETER_VALUE(0.E0)),(PARAMETER_VALUE(1.E0)),.T.,
.UNSPECIFIED.);
#496=(ANNOTATION_CURVE_OCCURRENCE()ANNOTATION_OCCURRENCE()DRAUGHTING_ANNOTATION_OCCURRENCE()GEOMETRIC_REPRESENTATION_ITEM()REPRESENTATION_ITEM('')STYLED_ITEM((
#41),#495));
#497=DIRECTION('',(-1.E0,0.E0));
#498=VECTOR('',#497,5.891543916713E-1);
#499=CARTESIAN_POINT('',(4.739105416495E0,2.469702825989E-2));
#500=LINE('',#499,#498);
#501=TRIMMED_CURVE('',#500,(PARAMETER_VALUE(0.E0)),(PARAMETER_VALUE(1.E0)),.T.,
.UNSPECIFIED.);
#502=(ANNOTATION_CURVE_OCCURRENCE()ANNOTATION_OCCURRENCE()DRAUGHTING_ANNOTATION_OCCURRENCE()GEOMETRIC_REPRESENTATION_ITEM()REPRESENTATION_ITEM('')STYLED_ITEM((
#41),#501));
#503=DIRECTION('',(-1.E0,0.E0));
#504=VECTOR('',#503,1.022978040651E-1);
#505=CARTESIAN_POINT('',(3.275069026344E0,2.469702825989E-2));
#506=LINE('',#505,#504);
#507=TRIMMED_CURVE('',#506,(PARAMETER_VALUE(0.E0)),(PARAMETER_VALUE(1.E0)),.T.,
.UNSPECIFIED.);
#508=(ANNOTATION_CURVE_OCCURRENCE()ANNOTATION_OCCURRENCE()DRAUGHTING_ANNOTATION_OCCURRENCE()GEOMETRIC_REPRESENTATION_ITEM()REPRESENTATION_ITEM('')STYLED_ITEM((
#41),#507));
#509=DIRECTION('',(0.E0,1.E0));
#510=VECTOR('',#509,1.037167527681E0);
#511=CARTESIAN_POINT('',(4.149951024824E0,2.469702825989E-2));
#512=LINE('',#511,#510);
#513=TRIMMED_CURVE('',#512,(PARAMETER_VALUE(0.E0)),(PARAMETER_VALUE(1.E0)),.T.,
.UNSPECIFIED.);
#514=(ANNOTATION_CURVE_OCCURRENCE()ANNOTATION_OCCURRENCE()DRAUGHTING_ANNOTATION_OCCURRENCE()GEOMETRIC_REPRESENTATION_ITEM()REPRESENTATION_ITEM('')STYLED_ITEM((
#41),#513));
#515=DIRECTION('',(0.E0,-1.E0));
#516=VECTOR('',#515,3.245710584041E-1);
#517=CARTESIAN_POINT('',(4.255801583608E0,9.630979747484E-1));
#518=LINE('',#517,#516);
#519=TRIMMED_CURVE('',#518,(PARAMETER_VALUE(0.E0)),(PARAMETER_VALUE(1.E0)),.T.,
.UNSPECIFIED.);
#520=(ANNOTATION_CURVE_OCCURRENCE()ANNOTATION_OCCURRENCE()DRAUGHTING_ANNOTATION_OCCURRENCE()GEOMETRIC_REPRESENTATION_ITEM()REPRESENTATION_ITEM('')STYLED_ITEM((
#41),#519));
#521=DIRECTION('',(0.E0,-1.E0));
#522=VECTOR('',#521,4.092342799541E-1);
#523=CARTESIAN_POINT('',(4.255801583608E0,5.362291122791E-1));
#524=LINE('',#523,#522);
#525=TRIMMED_CURVE('',#524,(PARAMETER_VALUE(0.E0)),(PARAMETER_VALUE(1.E0)),.T.,
.UNSPECIFIED.);
#526=(ANNOTATION_CURVE_OCCURRENCE()ANNOTATION_OCCURRENCE()DRAUGHTING_ANNOTATION_OCCURRENCE()GEOMETRIC_REPRESENTATION_ITEM()REPRESENTATION_ITEM('')STYLED_ITEM((
#41),#525));
#527=DIRECTION('',(1.189323862861E-1,9.929023554672E-1));
#528=VECTOR('',#527,6.821690980159E-1);
#529=CARTESIAN_POINT('',(4.361630610545E0,1.120422566452E1));
#530=LINE('',#529,#528);
#531=TRIMMED_CURVE('',#530,(PARAMETER_VALUE(0.E0)),(PARAMETER_VALUE(1.E0)),.T.,
.UNSPECIFIED.);
#532=(ANNOTATION_CURVE_OCCURRENCE()ANNOTATION_OCCURRENCE()DRAUGHTING_ANNOTATION_OCCURRENCE()GEOMETRIC_REPRESENTATION_ITEM()REPRESENTATION_ITEM('')STYLED_ITEM((
#41),#531));
#533=DIRECTION('',(-1.189286590886E-1,-9.929028019134E-1));
#534=VECTOR('',#533,6.821904770421E-1);
#535=CARTESIAN_POINT('',(4.523894607901E0,1.092553897161E1));
#536=LINE('',#535,#534);
#537=TRIMMED_CURVE('',#536,(PARAMETER_VALUE(0.E0)),(PARAMETER_VALUE(1.E0)),.T.,
.UNSPECIFIED.);
#538=(ANNOTATION_CURVE_OCCURRENCE()ANNOTATION_OCCURRENCE()DRAUGHTING_ANNOTATION_OCCURRENCE()GEOMETRIC_REPRESENTATION_ITEM()REPRESENTATION_ITEM('')STYLED_ITEM((
#41),#537));
#539=DIRECTION('',(1.E0,0.E0));
#540=VECTOR('',#539,4.833038328870E-1);
#541=CARTESIAN_POINT('',(4.255801583608E0,1.269948323250E-1));
#542=LINE('',#541,#540);
#543=TRIMMED_CURVE('',#542,(PARAMETER_VALUE(0.E0)),(PARAMETER_VALUE(1.E0)),.T.,
.UNSPECIFIED.);
#544=(ANNOTATION_CURVE_OCCURRENCE()ANNOTATION_OCCURRENCE()DRAUGHTING_ANNOTATION_OCCURRENCE()GEOMETRIC_REPRESENTATION_ITEM()REPRESENTATION_ITEM('')STYLED_ITEM((
#41),#543));
#545=DIRECTION('',(1.E0,0.E0));
#546=VECTOR('',#545,3.986406113370E-1);
#547=CARTESIAN_POINT('',(1.197104985913E1,1.269948323250E-1));
#548=LINE('',#547,#546);
#549=TRIMMED_CURVE('',#548,(PARAMETER_VALUE(0.E0)),(PARAMETER_VALUE(1.E0)),.T.,
.UNSPECIFIED.);
#550=(ANNOTATION_CURVE_OCCURRENCE()ANNOTATION_OCCURRENCE()DRAUGHTING_ANNOTATION_OCCURRENCE()GEOMETRIC_REPRESENTATION_ITEM()REPRESENTATION_ITEM('')STYLED_ITEM((
#41),#549));
#551=DIRECTION('',(1.E0,0.E0));
#552=VECTOR('',#551,4.833038328870E-1);
#553=CARTESIAN_POINT('',(1.744614632722E1,1.269948323250E-1));
#554=LINE('',#553,#552);
#555=TRIMMED_CURVE('',#554,(PARAMETER_VALUE(0.E0)),(PARAMETER_VALUE(1.E0)),.T.,
.UNSPECIFIED.);
#556=(ANNOTATION_CURVE_OCCURRENCE()ANNOTATION_OCCURRENCE()DRAUGHTING_ANNOTATION_OCCURRENCE()GEOMETRIC_REPRESENTATION_ITEM()REPRESENTATION_ITEM('')STYLED_ITEM((
#41),#555));
#557=DIRECTION('',(1.E0,0.E0));
#558=VECTOR('',#557,4.480131360100E-1);
#559=CARTESIAN_POINT('',(1.538593616334E1,5.221257526364E-1));
#560=LINE('',#559,#558);
#561=TRIMMED_CURVE('',#560,(PARAMETER_VALUE(0.E0)),(PARAMETER_VALUE(1.E0)),.T.,
.UNSPECIFIED.);
#562=COMPOSITE_CURVE_SEGMENT(.CONTINUOUS.,.T.,#561);
#563=DIRECTION('',(-5.243595158412E-3,-9.999862522604E-1));
#564=VECTOR('',#563,7.979469129631E-3);
#565=CARTESIAN_POINT('',(1.583394929935E1,5.221257526364E-1));
#566=LINE('',#565,#564);
#567=TRIMMED_CURVE('',#566,(PARAMETER_VALUE(0.E0)),(PARAMETER_VALUE(1.E0)),.T.,
.UNSPECIFIED.);
#568=COMPOSITE_CURVE_SEGMENT(.CONTINUOUS.,.T.,#567);
#569=DIRECTION('',(-3.087351087877E-2,-9.995232995413E-1));
#570=VECTOR('',#569,2.987745471044E-2);
#571=CARTESIAN_POINT('',(1.583390745825E1,5.141463932064E-1));
#572=LINE('',#571,#570);
#573=TRIMMED_CURVE('',#572,(PARAMETER_VALUE(0.E0)),(PARAMETER_VALUE(1.E0)),.T.,
.UNSPECIFIED.);
#574=COMPOSITE_CURVE_SEGMENT(.CONTINUOUS.,.T.,#573);
#575=DIRECTION('',(-7.273613766036E-2,-9.973512191190E-1));
#576=VECTOR('',#575,2.888755172801E-2);
#577=CARTESIAN_POINT('',(1.583298503633E1,4.842831810924E-1));
#578=LINE('',#577,#576);
#579=TRIMMED_CURVE('',#578,(PARAMETER_VALUE(0.E0)),(PARAMETER_VALUE(1.E0)),.T.,
.UNSPECIFIED.);
#580=COMPOSITE_CURVE_SEGMENT(.CONTINUOUS.,.T.,#579);
#581=DIRECTION('',(-1.158816046036E-1,-9.932630334984E-1));
#582=VECTOR('',#581,2.799143935772E-2);
#583=CARTESIAN_POINT('',(1.583088386739E1,4.554721461591E-1));
#584=LINE('',#583,#582);
#585=TRIMMED_CURVE('',#584,(PARAMETER_VALUE(0.E0)),(PARAMETER_VALUE(1.E0)),.T.,
.UNSPECIFIED.);
#586=COMPOSITE_CURVE_SEGMENT(.CONTINUOUS.,.T.,#585);
#587=DIRECTION('',(-1.601608042419E-1,-9.870909364312E-1));
#588=VECTOR('',#587,2.718863141989E-2);
#589=CARTESIAN_POINT('',(1.582764017448E1,4.276692841906E-1));
#590=LINE('',#589,#588);
#591=TRIMMED_CURVE('',#590,(PARAMETER_VALUE(0.E0)),(PARAMETER_VALUE(1.E0)),.T.,
.UNSPECIFIED.);
#592=COMPOSITE_CURVE_SEGMENT(.CONTINUOUS.,.T.,#591);
#593=DIRECTION('',(-2.053916574690E-1,-9.786798593218E-1));
#594=VECTOR('',#593,2.647868443235E-2);
#595=CARTESIAN_POINT('',(1.582328562140E1,4.008316325421E-1));
#596=LINE('',#595,#594);
#597=TRIMMED_CURVE('',#596,(PARAMETER_VALUE(0.E0)),(PARAMETER_VALUE(1.E0)),.T.,
.UNSPECIFIED.);
#598=COMPOSITE_CURVE_SEGMENT(.CONTINUOUS.,.T.,#597);
#599=DIRECTION('',(-2.513595517958E-1,-9.678937832846E-1));
#600=VECTOR('',#599,2.586120500761E-2);
#601=CARTESIAN_POINT('',(1.581784712052E1,3.749174773868E-1));
#602=LINE('',#601,#600);
#603=TRIMMED_CURVE('',#602,(PARAMETER_VALUE(0.E0)),(PARAMETER_VALUE(1.E0)),.T.,
.UNSPECIFIED.);
#604=COMPOSITE_CURVE_SEGMENT(.CONTINUOUS.,.T.,#603);
#605=DIRECTION('',(-2.978192779514E-1,-9.546222696337E-1));
#606=VECTOR('',#605,2.533585642310E-2);
#607=CARTESIAN_POINT('',(1.581134665962E1,3.498865778317E-1));
#608=LINE('',#607,#606);
#609=TRIMMED_CURVE('',#608,(PARAMETER_VALUE(0.E0)),(PARAMETER_VALUE(1.E0)),.T.,
.UNSPECIFIED.);
#610=COMPOSITE_CURVE_SEGMENT(.CONTINUOUS.,.T.,#609);
#611=DIRECTION('',(-3.444986200294E-1,-9.387868239371E-1));
#612=VECTOR('',#611,2.490236417868E-2);
#613=CARTESIAN_POINT('',(1.580380115316E1,3.257004050700E-1));
#614=LINE('',#613,#612);
#615=TRIMMED_CURVE('',#614,(PARAMETER_VALUE(0.E0)),(PARAMETER_VALUE(1.E0)),.T.,
.UNSPECIFIED.);
#616=COMPOSITE_CURVE_SEGMENT(.CONTINUOUS.,.T.,#615);
#617=DIRECTION('',(-3.911036397334E-1,-9.203466428402E-1));
#618=VECTOR('',#617,2.456052037083E-2);
#619=CARTESIAN_POINT('',(1.579522232306E1,3.023223936941E-1));
#620=LINE('',#619,#618);
#621=TRIMMED_CURVE('',#620,(PARAMETER_VALUE(0.E0)),(PARAMETER_VALUE(1.E0)),.T.,
.UNSPECIFIED.);
#622=COMPOSITE_CURVE_SEGMENT(.CONTINUOUS.,.T.,#621);
#623=DIRECTION('',(-4.373255504906E-1,-8.993032652493E-1));
#624=VECTOR('',#623,2.431018673930E-2);
#625=CARTESIAN_POINT('',(1.578561661415E1,2.797182012244E-1));
#626=LINE('',#625,#624);
#627=TRIMMED_CURVE('',#626,(PARAMETER_VALUE(0.E0)),(PARAMETER_VALUE(1.E0)),.T.,
.UNSPECIFIED.);
#628=COMPOSITE_CURVE_SEGMENT(.CONTINUOUS.,.T.,#627);
#629=DIRECTION('',(-4.828489168011E-1,-8.757036733645E-1));
#630=VECTOR('',#629,2.415129627777E-2);
#631=CARTESIAN_POINT('',(1.577498514835E1,2.578559709110E-1));
#632=LINE('',#631,#630);
#633=TRIMMED_CURVE('',#632,(PARAMETER_VALUE(0.E0)),(PARAMETER_VALUE(1.E0)),.T.,
.UNSPECIFIED.);
#634=COMPOSITE_CURVE_SEGMENT(.CONTINUOUS.,.T.,#633);
#635=DIRECTION('',(-5.273485545777E-1,-8.496490463626E-1));
#636=VECTOR('',#635,2.407046921681E-2);
#637=CARTESIAN_POINT('',(1.576332372110E1,2.367065920440E-1));
#638=LINE('',#637,#636);
#639=TRIMMED_CURVE('',#638,(PARAMETER_VALUE(0.E0)),(PARAMETER_VALUE(1.E0)),.T.,
.UNSPECIFIED.);
#640=COMPOSITE_CURVE_SEGMENT(.CONTINUOUS.,.T.,#639);
#641=DIRECTION('',(-5.704984176397E-1,-8.212987005168E-1));
#642=VECTOR('',#641,2.406469049550E-2);
#643=CARTESIAN_POINT('',(1.575063019395E1,2.162551408284E-1));
#644=LINE('',#643,#642);
#645=TRIMMED_CURVE('',#644,(PARAMETER_VALUE(0.E0)),(PARAMETER_VALUE(1.E0)),.T.,
.UNSPECIFIED.);
#646=COMPOSITE_CURVE_SEGMENT(.CONTINUOUS.,.T.,#645);
#647=DIRECTION('',(-6.120097589402E-1,-7.908502101928E-1));
#648=VECTOR('',#647,2.414999695905E-2);
#649=CARTESIAN_POINT('',(1.573690132611E1,1.964908417962E-1));
#650=LINE('',#649,#648);
#651=TRIMMED_CURVE('',#650,(PARAMETER_VALUE(0.E0)),(PARAMETER_VALUE(1.E0)),.T.,
.UNSPECIFIED.);
#652=COMPOSITE_CURVE_SEGMENT(.CONTINUOUS.,.T.,#651);
#653=DIRECTION('',(-6.516406475137E-1,-7.585278284334E-1));
#654=VECTOR('',#653,2.432624880263E-2);
#655=CARTESIAN_POINT('',(1.572212129229E1,1.773918116249E-1));
#656=LINE('',#655,#654);
#657=TRIMMED_CURVE('',#656,(PARAMETER_VALUE(0.E0)),(PARAMETER_VALUE(1.E0)),.T.,
.UNSPECIFIED.);
#658=COMPOSITE_CURVE_SEGMENT(.CONTINUOUS.,.T.,#657);
#659=DIRECTION('',(-6.891870829388E-1,-7.245834421999E-1));
#660=VECTOR('',#659,2.459337337064E-2);
#661=CARTESIAN_POINT('',(1.570626931977E1,1.589396749468E-1));
#662=LINE('',#661,#660);
#663=TRIMMED_CURVE('',#662,(PARAMETER_VALUE(0.E0)),(PARAMETER_VALUE(1.E0)),.T.,
.UNSPECIFIED.);
#664=COMPOSITE_CURVE_SEGMENT(.CONTINUOUS.,.T.,#663);
#665=DIRECTION('',(-7.125590352541E-1,-7.016121587300E-1));
#666=VECTOR('',#665,2.322995016674E-2);
#667=CARTESIAN_POINT('',(1.568931988451E1,1.411197238145E-1));
#668=LINE('',#667,#666);
#669=TRIMMED_CURVE('',#668,(PARAMETER_VALUE(0.E0)),(PARAMETER_VALUE(1.E0)),.T.,
.UNSPECIFIED.);
#670=COMPOSITE_CURVE_SEGMENT(.CONTINUOUS.,.T.,#669);
#671=DIRECTION('',(-7.491953364902E-1,-6.623491132185E-1));
#672=VECTOR('',#671,2.305624006695E-2);
#673=CARTESIAN_POINT('',(1.567276717363E1,1.248213083309E-1));
#674=LINE('',#673,#672);
#675=TRIMMED_CURVE('',#674,(PARAMETER_VALUE(0.E0)),(PARAMETER_VALUE(1.E0)),.T.,
.UNSPECIFIED.);
#676=COMPOSITE_CURVE_SEGMENT(.CONTINUOUS.,.T.,#675);
#677=DIRECTION('',(-7.838812806651E-1,-6.209107325717E-1));
#678=VECTOR('',#677,2.295850605237E-2);
#679=CARTESIAN_POINT('',(1.565549354610E1,1.095500281684E-1));
#680=LINE('',#679,#678);
#681=TRIMMED_CURVE('',#680,(PARAMETER_VALUE(0.E0)),(PARAMETER_VALUE(1.E0)),.T.,
.UNSPECIFIED.);
#682=COMPOSITE_CURVE_SEGMENT(.CONTINUOUS.,.T.,#681);
#683=DIRECTION('',(-8.163175808534E-1,-5.776033303139E-1));
#684=VECTOR('',#683,2.295083074309E-2);
#685=CARTESIAN_POINT('',(1.563749680297E1,9.529484535665E-2));
#686=LINE('',#685,#684);
#687=TRIMMED_CURVE('',#686,(PARAMETER_VALUE(0.E0)),(PARAMETER_VALUE(1.E0)),.T.,
.UNSPECIFIED.);
#688=COMPOSITE_CURVE_SEGMENT(.CONTINUOUS.,.T.,#687);
#689=DIRECTION('',(-8.462702301456E-1,-5.327538808580E-1));
#690=VECTOR('',#689,2.304229369090E-2);
#691=CARTESIAN_POINT('',(1.561876163634E1,8.203836908597E-2));
#692=LINE('',#691,#690);
#693=TRIMMED_CURVE('',#692,(PARAMETER_VALUE(0.E0)),(PARAMETER_VALUE(1.E0)),.T.,
.UNSPECIFIED.);
#694=COMPOSITE_CURVE_SEGMENT(.CONTINUOUS.,.T.,#693);
#695=DIRECTION('',(-8.735644935727E-1,-4.867084091826E-1));
#696=VECTOR('',#695,2.323277984337E-2);
#697=CARTESIAN_POINT('',(1.559926162916E1,6.976249769827E-2));
#698=LINE('',#697,#696);
#699=TRIMMED_CURVE('',#698,(PARAMETER_VALUE(0.E0)),(PARAMETER_VALUE(1.E0)),.T.,
.UNSPECIFIED.);
#700=COMPOSITE_CURVE_SEGMENT(.CONTINUOUS.,.T.,#699);
#701=DIRECTION('',(-8.980819607353E-1,-4.398281389383E-1));
#702=VECTOR('',#701,2.352230094239E-2);
#703=CARTESIAN_POINT('',(1.557896629760E1,5.845490837982E-2));
#704=LINE('',#703,#702);
#705=TRIMMED_CURVE('',#704,(PARAMETER_VALUE(0.E0)),(PARAMETER_VALUE(1.E0)),.T.,
.UNSPECIFIED.);
#706=COMPOSITE_CURVE_SEGMENT(.CONTINUOUS.,.T.,#705);
#707=DIRECTION('',(-9.197617387987E-1,-3.924771889447E-1));
#708=VECTOR('',#707,2.391099528709E-2);
#709=CARTESIAN_POINT('',(1.555784134345E1,4.810913853278E-2));
#710=LINE('',#709,#708);
#711=TRIMMED_CURVE('',#710,(PARAMETER_VALUE(0.E0)),(PARAMETER_VALUE(1.E0)),.T.,
.UNSPECIFIED.);
#712=COMPOSITE_CURVE_SEGMENT(.CONTINUOUS.,.T.,#711);
#713=DIRECTION('',(-9.385986932483E-1,-3.450108592967E-1));
#714=VECTOR('',#713,2.439912586696E-2);
#715=CARTESIAN_POINT('',(1.553584892485E1,3.872461831763E-2));
#716=LINE('',#715,#714);
#717=TRIMMED_CURVE('',#716,(PARAMETER_VALUE(0.E0)),(PARAMETER_VALUE(1.E0)),.T.,
.UNSPECIFIED.);
#718=COMPOSITE_CURVE_SEGMENT(.CONTINUOUS.,.T.,#717);
#719=DIRECTION('',(-9.546391169110E-1,-2.977652707476E-1));
#720=VECTOR('',#719,2.498707685187E-2);
#721=CARTESIAN_POINT('',(1.551294793719E1,3.030665493618E-2));
#722=LINE('',#721,#720);
#723=TRIMMED_CURVE('',#722,(PARAMETER_VALUE(0.E0)),(PARAMETER_VALUE(1.E0)),.T.,
.UNSPECIFIED.);
#724=COMPOSITE_CURVE_SEGMENT(.CONTINUOUS.,.T.,#723);
#725=DIRECTION('',(-9.679744016963E-1,-2.510489148764E-1));
#726=VECTOR('',#725,2.567534849199E-2);
#727=CARTESIAN_POINT('',(1.548909429621E1,2.286637123220E-2));
#728=LINE('',#727,#726);
#729=TRIMMED_CURVE('',#728,(PARAMETER_VALUE(0.E0)),(PARAMETER_VALUE(1.E0)),.T.,
.UNSPECIFIED.);
#730=COMPOSITE_CURVE_SEGMENT(.CONTINUOUS.,.T.,#729);
#731=DIRECTION('',(-9.787333882206E-1,-2.051364296808E-1));
#732=VECTOR('',#731,2.646455053875E-2);
#733=CARTESIAN_POINT('',(1.546424121612E1,1.642060285421E-2));
#734=LINE('',#733,#732);
#735=TRIMMED_CURVE('',#734,(PARAMETER_VALUE(0.E0)),(PARAMETER_VALUE(1.E0)),.T.,
.UNSPECIFIED.);
#736=COMPOSITE_CURVE_SEGMENT(.CONTINUOUS.,.T.,#735);
#737=DIRECTION('',(-9.870740770906E-1,-1.602646758823E-1));
#738=VECTOR('',#737,2.735539434239E-2);
#739=CARTESIAN_POINT('',(1.543833947690E1,1.099175944358E-2));
#740=LINE('',#739,#738);
#741=TRIMMED_CURVE('',#740,(PARAMETER_VALUE(0.E0)),(PARAMETER_VALUE(1.E0)),.T.,
.UNSPECIFIED.);
#742=COMPOSITE_CURVE_SEGMENT(.CONTINUOUS.,.T.,#741);
#743=DIRECTION('',(-9.931753184847E-1,-1.166309853887E-1));
#744=VECTOR('',#743,2.834868380969E-2);
#745=CARTESIAN_POINT('',(1.541133767628E1,6.607656035667E-3));
#746=LINE('',#745,#744);
#747=TRIMMED_CURVE('',#746,(PARAMETER_VALUE(0.E0)),(PARAMETER_VALUE(1.E0)),.T.,
.UNSPECIFIED.);
#748=COMPOSITE_CURVE_SEGMENT(.CONTINUOUS.,.T.,#747);
#749=DIRECTION('',(-9.972289788617E-1,-7.439330425820E-2));
#750=VECTOR('',#749,2.944530541680E-2);
#751=CARTESIAN_POINT('',(1.538318246320E1,3.301321108470E-3));
#752=LINE('',#751,#750);
#753=TRIMMED_CURVE('',#752,(PARAMETER_VALUE(0.E0)),(PARAMETER_VALUE(1.E0)),.T.,
.UNSPECIFIED.);
#754=COMPOSITE_CURVE_SEGMENT(.CONTINUOUS.,.T.,#753);
#755=DIRECTION('',(-9.994329420018E-1,-3.367186424446E-2));
#756=VECTOR('',#755,3.064621746833E-2);
#757=CARTESIAN_POINT('',(1.535381875135E1,1.110787543622E-3));
#758=LINE('',#757,#756);
#759=TRIMMED_CURVE('',#758,(PARAMETER_VALUE(0.E0)),(PARAMETER_VALUE(1.E0)),.T.,
.UNSPECIFIED.);
#760=COMPOSITE_CURVE_SEGMENT(.CONTINUOUS.,.T.,#759);
#761=DIRECTION('',(-9.999758338936E-1,-6.952095276003E-3));
#762=VECTOR('',#761,1.134510766775E-2);
#763=CARTESIAN_POINT('',(1.532318991207E1,7.887226942271E-5));
#764=LINE('',#763,#762);
#765=TRIMMED_CURVE('',#764,(PARAMETER_VALUE(0.E0)),(PARAMETER_VALUE(1.E0)),.T.,
.UNSPECIFIED.);
#766=COMPOSITE_CURVE_SEGMENT(.CONTINUOUS.,.T.,#765);
#767=DIRECTION('',(-9.999960592514E-1,2.807397665155E-3));
#768=VECTOR('',#767,4.796646802748E-3);
#769=CARTESIAN_POINT('',(1.531184507857E1,0.E0));
#770=LINE('',#769,#768);
#771=TRIMMED_CURVE('',#770,(PARAMETER_VALUE(0.E0)),(PARAMETER_VALUE(1.E0)),.T.,
.UNSPECIFIED.);
#772=COMPOSITE_CURVE_SEGMENT(.CONTINUOUS.,.T.,#771);
#773=DIRECTION('',(-9.996938187535E-1,2.474406486310E-2));
#774=VECTOR('',#773,3.171928137158E-2);
#775=CARTESIAN_POINT('',(1.530704845066E1,1.346609503461E-5));
#776=LINE('',#775,#774);
#777=TRIMMED_CURVE('',#776,(PARAMETER_VALUE(0.E0)),(PARAMETER_VALUE(1.E0)),.T.,
.UNSPECIFIED.);
#778=COMPOSITE_CURVE_SEGMENT(.CONTINUOUS.,.T.,#777);
#779=DIRECTION('',(-9.979473760058E-1,6.403932169547E-2));
#780=VECTOR('',#779,3.069680458499E-2);
#781=CARTESIAN_POINT('',(1.527533888114E1,7.983300507037E-4));
#782=LINE('',#781,#780);
#783=TRIMMED_CURVE('',#782,(PARAMETER_VALUE(0.E0)),(PARAMETER_VALUE(1.E0)),.T.,
.UNSPECIFIED.);
#784=COMPOSITE_CURVE_SEGMENT(.CONTINUOUS.,.T.,#783);
#785=DIRECTION('',(-9.945220311581E-1,1.045271713057E-1));
#786=VECTOR('',#785,2.975743661166E-2);
#787=CARTESIAN_POINT('',(1.524470508555E1,2.764132594545E-3));
#788=LINE('',#787,#786);
#789=TRIMMED_CURVE('',#788,(PARAMETER_VALUE(0.E0)),(PARAMETER_VALUE(1.E0)),.T.,
.UNSPECIFIED.);
#790=COMPOSITE_CURVE_SEGMENT(.CONTINUOUS.,.T.,#789);
#791=DIRECTION('',(-9.892700620944E-1,1.460984060272E-1));
#792=VECTOR('',#791,2.890148989073E-2);
#793=CARTESIAN_POINT('',(1.521511065925E1,5.874593268870E-3));
#794=LINE('',#793,#792);
#795=TRIMMED_CURVE('',#794,(PARAMETER_VALUE(0.E0)),(PARAMETER_VALUE(1.E0)),.T.,
.UNSPECIFIED.);
#796=COMPOSITE_CURVE_SEGMENT(.CONTINUOUS.,.T.,#795);
#797=DIRECTION('',(-9.820506895311E-1,1.886171868930E-1));
#798=VECTOR('',#797,2.812921412973E-2);
#799=CARTESIAN_POINT('',(1.518651928056E1,1.009705487372E-2));
#800=LINE('',#799,#798);
#801=TRIMMED_CURVE('',#800,(PARAMETER_VALUE(0.E0)),(PARAMETER_VALUE(1.E0)),.T.,
.UNSPECIFIED.);
#802=COMPOSITE_CURVE_SEGMENT(.CONTINUOUS.,.T.,#801);
#803=DIRECTION('',(-9.727347269018E-1,2.319205706257E-1));
#804=VECTOR('',#803,2.744081177937E-2);
#805=CARTESIAN_POINT('',(1.515889496642E1,1.540270811238E-2));
#806=LINE('',#805,#804);
#807=TRIMMED_CURVE('',#806,(PARAMETER_VALUE(0.E0)),(PARAMETER_VALUE(1.E0)),.T.,
.UNSPECIFIED.);
#808=COMPOSITE_CURVE_SEGMENT(.CONTINUOUS.,.T.,#807);
#809=DIRECTION('',(-9.612095884037E-1,2.758190116015E-1));
#810=VECTOR('',#809,2.683645244655E-2);
#811=CARTESIAN_POINT('',(1.513220233587E1,2.176679683868E-2));
#812=LINE('',#811,#810);
#813=TRIMMED_CURVE('',#812,(PARAMETER_VALUE(0.E0)),(PARAMETER_VALUE(1.E0)),.T.,
.UNSPECIFIED.);
#814=COMPOSITE_CURVE_SEGMENT(.CONTINUOUS.,.T.,#813);
#815=DIRECTION('',(-9.473844360229E-1,3.200980012146E-1));
#816=VECTOR('',#815,2.631628610519E-2);
#817=CARTESIAN_POINT('',(1.510640688046E1,2.916880062738E-2));
#818=LINE('',#817,#816);
#819=TRIMMED_CURVE('',#818,(PARAMETER_VALUE(0.E0)),(PARAMETER_VALUE(1.E0)),.T.,
.UNSPECIFIED.);
#820=COMPOSITE_CURVE_SEGMENT(.CONTINUOUS.,.T.,#819);
#821=DIRECTION('',(-9.311951863548E-1,3.645209526346E-1));
#822=VECTOR('',#821,2.588045497933E-2);
#823=CARTESIAN_POINT('',(1.508147524059E1,3.759259120904E-2));
#824=LINE('',#823,#822);
#825=TRIMMED_CURVE('',#824,(PARAMETER_VALUE(0.E0)),(PARAMETER_VALUE(1.E0)),.T.,
.UNSPECIFIED.);
#826=COMPOSITE_CURVE_SEGMENT(.CONTINUOUS.,.T.,#825);
#827=DIRECTION('',(-9.126090529820E-1,4.088333602035E-1));
#828=VECTOR('',#827,2.552910399227E-2);
#829=CARTESIAN_POINT('',(1.505737548549E1,4.702655931273E-2));
#830=LINE('',#829,#828);
#831=TRIMMED_CURVE('',#830,(PARAMETER_VALUE(0.E0)),(PARAMETER_VALUE(1.E0)),.T.,
.UNSPECIFIED.);
#832=COMPOSITE_CURVE_SEGMENT(.CONTINUOUS.,.T.,#831);
#833=DIRECTION('',(-8.916282799870E-1,4.527681639950E-1));
#834=VECTOR('',#833,2.526238970186E-2);
#835=CARTESIAN_POINT('',(1.503407739408E1,5.746370868087E-2));
#836=LINE('',#835,#834);
#837=TRIMMED_CURVE('',#836,(PARAMETER_VALUE(0.E0)),(PARAMETER_VALUE(1.E0)),.T.,
.UNSPECIFIED.);
#838=COMPOSITE_CURVE_SEGMENT(.CONTINUOUS.,.T.,#837);
#839=DIRECTION('',(-8.682927353132E-1,4.960521402054E-1));
#840=VECTOR('',#839,2.508048767271E-2);
#841=CARTESIAN_POINT('',(1.501155273300E1,6.890171448431E-2));
#842=LINE('',#841,#840);
#843=TRIMMED_CURVE('',#842,(PARAMETER_VALUE(0.E0)),(PARAMETER_VALUE(1.E0)),.T.,
.UNSPECIFIED.);
#844=COMPOSITE_CURVE_SEGMENT(.CONTINUOUS.,.T.,#843);
#845=DIRECTION('',(-8.426810839865E-1,5.384130298306E-1));
#846=VECTOR('',#845,2.498359827206E-2);
#847=CARTESIAN_POINT('',(1.498977552775E1,8.134294407175E-2));
#848=LINE('',#847,#846);
#849=TRIMMED_CURVE('',#848,(PARAMETER_VALUE(0.E0)),(PARAMETER_VALUE(1.E0)),.T.,
.UNSPECIFIED.);
#850=COMPOSITE_CURVE_SEGMENT(.CONTINUOUS.,.T.,#849);
#851=DIRECTION('',(-8.149103500379E-1,5.795870265983E-1));
#852=VECTOR('',#851,2.497195091340E-2);
#853=CARTESIAN_POINT('',(1.496872232208E1,9.479443891348E-2));
#854=LINE('',#853,#852);
#855=TRIMMED_CURVE('',#854,(PARAMETER_VALUE(0.E0)),(PARAMETER_VALUE(1.E0)),.T.,
.UNSPECIFIED.);
#856=COMPOSITE_CURVE_SEGMENT(.CONTINUOUS.,.T.,#855);
#857=DIRECTION('',(-7.851337952392E-1,6.193261851184E-1));
#858=VECTOR('',#857,2.504580680997E-2);
#859=CARTESIAN_POINT('',(1.494837242082E1,1.092678576917E-1));
#860=LINE('',#859,#858);
#861=TRIMMED_CURVE('',#860,(PARAMETER_VALUE(0.E0)),(PARAMETER_VALUE(1.E0)),.T.,
.UNSPECIFIED.);
#862=COMPOSITE_CURVE_SEGMENT(.CONTINUOUS.,.T.,#861);
#863=DIRECTION('',(-7.616030341593E-1,6.480438398437E-1));
#864=VECTOR('',#863,1.257990060005E-2);
#865=CARTESIAN_POINT('',(1.492870811146E1,1.247793816766E-1));
#866=LINE('',#865,#864);
#867=TRIMMED_CURVE('',#866,(PARAMETER_VALUE(0.E0)),(PARAMETER_VALUE(1.E0)),.T.,
.UNSPECIFIED.);
#868=COMPOSITE_CURVE_SEGMENT(.CONTINUOUS.,.T.,#867);
#869=DIRECTION('',(-7.453873023420E-1,6.666316595447E-1));
#870=VECTOR('',#869,1.262747700080E-2);
#871=CARTESIAN_POINT('',(1.491912722100E1,1.329317087663E-1));
#872=LINE('',#871,#870);
#873=TRIMMED_CURVE('',#872,(PARAMETER_VALUE(0.E0)),(PARAMETER_VALUE(1.E0)),.T.,
.UNSPECIFIED.);
#874=COMPOSITE_CURVE_SEGMENT(.CONTINUOUS.,.T.,#873);
#875=DIRECTION('',(-7.203509370474E-1,6.936097804205E-1));
#876=VECTOR('',#875,2.542513818119E-2);
#877=CARTESIAN_POINT('',(1.490971485998E1,1.413495847152E-1));
#878=LINE('',#877,#876);
#879=TRIMMED_CURVE('',#878,(PARAMETER_VALUE(0.E0)),(PARAMETER_VALUE(1.E0)),.T.,
.UNSPECIFIED.);
#880=COMPOSITE_CURVE_SEGMENT(.CONTINUOUS.,.T.,#879);
#881=DIRECTION('',(-6.858294095200E-1,7.277623382928E-1));
#882=VECTOR('',#881,2.572967832203E-2);
#883=CARTESIAN_POINT('',(1.489139983787E1,1.589847092262E-1));
#884=LINE('',#883,#882);
#885=TRIMMED_CURVE('',#884,(PARAMETER_VALUE(0.E0)),(PARAMETER_VALUE(1.E0)),.T.,
.UNSPECIFIED.);
#886=COMPOSITE_CURVE_SEGMENT(.CONTINUOUS.,.T.,#885);
#887=DIRECTION('',(-6.502231562536E-1,7.597432770822E-1));
#888=VECTOR('',#887,2.612052616399E-2);
#889=CARTESIAN_POINT('',(1.487375366778E1,1.777098000854E-1));
#890=LINE('',#889,#888);
#891=TRIMMED_CURVE('',#890,(PARAMETER_VALUE(0.E0)),(PARAMETER_VALUE(1.E0)),.T.,
.UNSPECIFIED.);
#892=COMPOSITE_CURVE_SEGMENT(.CONTINUOUS.,.T.,#891);
#893=DIRECTION('',(-6.483973309814E-1,7.613021090055E-1));
#894=VECTOR('',#893,2.628445605812E-2);
#895=CARTESIAN_POINT('',(1.485676949681E1,1.975546942323E-1));
#896=LINE('',#895,#894);
#897=TRIMMED_CURVE('',#896,(PARAMETER_VALUE(0.E0)),(PARAMETER_VALUE(1.E0)),.T.,
.UNSPECIFIED.);
#898=COMPOSITE_CURVE_SEGMENT(.CONTINUOUS.,.T.,#897);
#899=DIRECTION('',(-6.114806766413E-1,7.912593646171E-1));
#900=VECTOR('',#899,2.575101989301E-2);
#901=CARTESIAN_POINT('',(1.483972672566E1,2.175651060634E-1));
#902=LINE('',#901,#900);
#903=TRIMMED_CURVE('',#902,(PARAMETER_VALUE(0.E0)),(PARAMETER_VALUE(1.E0)),.T.,
.UNSPECIFIED.);
#904=COMPOSITE_CURVE_SEGMENT(.CONTINUOUS.,.T.,#903);
#905=DIRECTION('',(-5.723950641192E-1,8.199779817605E-1));
#906=VECTOR('',#905,2.531797222699E-2);
#907=CARTESIAN_POINT('',(1.482398047459E1,2.379408417022E-1));
#908=LINE('',#907,#906);
#909=TRIMMED_CURVE('',#908,(PARAMETER_VALUE(0.E0)),(PARAMETER_VALUE(1.E0)),.T.,
.UNSPECIFIED.);
#910=COMPOSITE_CURVE_SEGMENT(.CONTINUOUS.,.T.,#909);
#911=DIRECTION('',(-5.312832070610E-1,8.471942834409E-1));
#912=VECTOR('',#911,2.498475362800E-2);
#913=CARTESIAN_POINT('',(1.480948859225E1,2.587010214712E-1));
#914=LINE('',#913,#912);
#915=TRIMMED_CURVE('',#914,(PARAMETER_VALUE(0.E0)),(PARAMETER_VALUE(1.E0)),.T.,
.UNSPECIFIED.);
#916=COMPOSITE_CURVE_SEGMENT(.CONTINUOUS.,.T.,#915);
#917=DIRECTION('',(-4.883314160586E-1,8.726582538945E-1));
#918=VECTOR('',#917,2.475099397159E-2);
#919=CARTESIAN_POINT('',(1.479621461222E1,2.798679619180E-1));
#920=LINE('',#919,#918);
#921=TRIMMED_CURVE('',#920,(PARAMETER_VALUE(0.E0)),(PARAMETER_VALUE(1.E0)),.T.,
.UNSPECIFIED.);
#922=COMPOSITE_CURVE_SEGMENT(.CONTINUOUS.,.T.,#921);
#923=DIRECTION('',(-4.550398392078E-1,8.904710802344E-1));
#924=VECTOR('',#923,1.232120940637E-2);
#925=CARTESIAN_POINT('',(1.478412792428E1,3.014671210994E-1));
#926=LINE('',#925,#924);
#927=TRIMMED_CURVE('',#926,(PARAMETER_VALUE(0.E0)),(PARAMETER_VALUE(1.E0)),.T.,
.UNSPECIFIED.);
#928=COMPOSITE_CURVE_SEGMENT(.CONTINUOUS.,.T.,#927);
#929=DIRECTION('',(-4.324030711900E-1,9.016804223368E-1));
#930=VECTOR('',#929,1.229526863616E-2);
#931=CARTESIAN_POINT('',(1.477852128313E1,3.124388017493E-1));
#932=LINE('',#931,#930);
#933=TRIMMED_CURVE('',#932,(PARAMETER_VALUE(0.E0)),(PARAMETER_VALUE(1.E0)),.T.,
.UNSPECIFIED.);
#934=COMPOSITE_CURVE_SEGMENT(.CONTINUOUS.,.T.,#933);
#935=DIRECTION('',(-3.978908243263E-1,9.174327724237E-1));
#936=VECTOR('',#935,2.454545564492E-2);
#937=CARTESIAN_POINT('',(1.477320477121E1,3.235252047659E-1));
#938=LINE('',#937,#936);
#939=TRIMMED_CURVE('',#938,(PARAMETER_VALUE(0.E0)),(PARAMETER_VALUE(1.E0)),.T.,
.UNSPECIFIED.);
#940=COMPOSITE_CURVE_SEGMENT(.CONTINUOUS.,.T.,#939);
#941=DIRECTION('',(-3.510228136472E-1,9.363669068796E-1));
#942=VECTOR('',#941,2.457546270514E-2);
#943=CARTESIAN_POINT('',(1.476343835963E1,3.460440101886E-1));
#944=LINE('',#943,#942);
#945=TRIMMED_CURVE('',#944,(PARAMETER_VALUE(0.E0)),(PARAMETER_VALUE(1.E0)),.T.,
.UNSPECIFIED.);
#946=COMPOSITE_CURVE_SEGMENT(.CONTINUOUS.,.T.,#945);
#947=DIRECTION('',(-3.034794705777E-1,9.528379772752E-1));
#948=VECTOR('',#947,2.470443415281E-2);
#949=CARTESIAN_POINT('',(1.475481181157E1,3.690556601869E-1));
#950=LINE('',#949,#948);
#951=TRIMMED_CURVE('',#950,(PARAMETER_VALUE(0.E0)),(PARAMETER_VALUE(1.E0)),.T.,
.UNSPECIFIED.);
#952=COMPOSITE_CURVE_SEGMENT(.CONTINUOUS.,.T.,#951);
#953=DIRECTION('',(-2.555835343434E-1,9.667869760048E-1));
#954=VECTOR('',#953,2.493245738262E-2);
#955=CARTESIAN_POINT('',(1.474731452297E1,3.925949832548E-1));
#956=LINE('',#955,#954);
#957=TRIMMED_CURVE('',#956,(PARAMETER_VALUE(0.E0)),(PARAMETER_VALUE(1.E0)),.T.,
.UNSPECIFIED.);
#958=COMPOSITE_CURVE_SEGMENT(.CONTINUOUS.,.T.,#957);
#959=DIRECTION('',(-2.076559915037E-1,9.782019163714E-1));
#960=VECTOR('',#959,2.525981257683E-2);
#961=CARTESIAN_POINT('',(1.474094219739E1,4.166993583321E-1));
#962=LINE('',#961,#960);
#963=TRIMMED_CURVE('',#962,(PARAMETER_VALUE(0.E0)),(PARAMETER_VALUE(1.E0)),.T.,
.UNSPECIFIED.);
#964=COMPOSITE_CURVE_SEGMENT(.CONTINUOUS.,.T.,#963);
#965=DIRECTION('',(-1.600068096168E-1,9.871159105577E-1));
#966=VECTOR('',#965,2.568697640674E-2);
#967=CARTESIAN_POINT('',(1.473569684597E1,4.414085554020E-1));
#968=LINE('',#967,#966);
#969=TRIMMED_CURVE('',#968,(PARAMETER_VALUE(0.E0)),(PARAMETER_VALUE(1.E0)),.T.,
.UNSPECIFIED.);
#970=COMPOSITE_CURVE_SEGMENT(.CONTINUOUS.,.T.,#969);
#971=DIRECTION('',(-1.129267361074E-1,9.936033173617E-1));
#972=VECTOR('',#971,2.621462567408E-2);
#973=CARTESIAN_POINT('',(1.473158675482E1,4.667645785072E-1));
#974=LINE('',#973,#972);
#975=TRIMMED_CURVE('',#974,(PARAMETER_VALUE(0.E0)),(PARAMETER_VALUE(1.E0)),.T.,
.UNSPECIFIED.);
#976=COMPOSITE_CURVE_SEGMENT(.CONTINUOUS.,.T.,#975);
#977=DIRECTION('',(-6.668058772866E-2,9.977743729021E-1));
#978=VECTOR('',#977,2.684364097226E-2);
#979=CARTESIAN_POINT('',(1.472862642271E1,4.928115175403E-1));
#980=LINE('',#979,#978);
#981=TRIMMED_CURVE('',#980,(PARAMETER_VALUE(0.E0)),(PARAMETER_VALUE(1.E0)),.T.,
.UNSPECIFIED.);
#982=COMPOSITE_CURVE_SEGMENT(.CONTINUOUS.,.T.,#981);
#983=DIRECTION('',(-2.179277023775E-2,9.997625093818E-1));
#984=VECTOR('',#983,2.721229713694E-2);
#985=CARTESIAN_POINT('',(1.472683647295E1,5.195954145778E-1));
#986=LINE('',#985,#984);
#987=TRIMMED_CURVE('',#986,(PARAMETER_VALUE(0.E0)),(PARAMETER_VALUE(1.E0)),.T.,
.UNSPECIFIED.);
#988=COMPOSITE_CURVE_SEGMENT(.CONTINUOUS.,.T.,#987);
#989=DIRECTION('',(1.577293068304E-4,9.999999875607E-1));
#990=VECTOR('',#989,1.738450246867E-4);
#991=CARTESIAN_POINT('',(1.472624344161E1,5.468012490495E-1));
#992=LINE('',#991,#990);
#993=TRIMMED_CURVE('',#992,(PARAMETER_VALUE(0.E0)),(PARAMETER_VALUE(1.E0)),.T.,
.UNSPECIFIED.);
#994=COMPOSITE_CURVE_SEGMENT(.CONTINUOUS.,.T.,#993);
#995=DIRECTION('',(2.406764967269E-2,9.997103321659E-1));
#996=VECTOR('',#995,2.601007721435E-2);
#997=CARTESIAN_POINT('',(1.472624346903E1,5.469750940720E-1));
#998=LINE('',#997,#996);
#999=TRIMMED_CURVE('',#998,(PARAMETER_VALUE(0.E0)),(PARAMETER_VALUE(1.E0)),.T.,
.UNSPECIFIED.);
#1000=COMPOSITE_CURVE_SEGMENT(.CONTINUOUS.,.T.,#999);
#1001=DIRECTION('',(7.187461590832E-2,9.974136752562E-1));
#1002=VECTOR('',#1001,2.581028500921E-2);
#1003=CARTESIAN_POINT('',(1.472686947046E1,5.729776370036E-1));
#1004=LINE('',#1003,#1002);
#1005=TRIMMED_CURVE('',#1004,(PARAMETER_VALUE(0.E0)),(PARAMETER_VALUE(1.E0)),
.T.,.UNSPECIFIED.);
#1006=COMPOSITE_CURVE_SEGMENT(.CONTINUOUS.,.T.,#1005);
#1007=DIRECTION('',(1.198576496758E-1,9.927910876988E-1));
#1008=VECTOR('',#1007,2.566910916770E-2);
#1009=CARTESIAN_POINT('',(1.472872457478E1,5.987211682341E-1));
#1010=LINE('',#1009,#1008);
#1011=TRIMMED_CURVE('',#1010,(PARAMETER_VALUE(0.E0)),(PARAMETER_VALUE(1.E0)),
.T.,.UNSPECIFIED.);
#1012=COMPOSITE_CURVE_SEGMENT(.CONTINUOUS.,.T.,#1011);
#1013=DIRECTION('',(1.677959989037E-1,9.858217398454E-1));
#1014=VECTOR('',#1013,2.558702359143E-2);
#1015=CARTESIAN_POINT('',(1.473180121388E1,6.242052310449E-1));
#1016=LINE('',#1015,#1014);
#1017=TRIMMED_CURVE('',#1016,(PARAMETER_VALUE(0.E0)),(PARAMETER_VALUE(1.E0)),
.T.,.UNSPECIFIED.);
#1018=COMPOSITE_CURVE_SEGMENT(.CONTINUOUS.,.T.,#1017);
#1019=DIRECTION('',(2.154646644679E-1,9.765116375987E-1));
#1020=VECTOR('',#1019,2.556440089648E-2);
#1021=CARTESIAN_POINT('',(1.473609461406E1,6.494294751593E-1));
#1022=LINE('',#1021,#1020);
#1023=TRIMMED_CURVE('',#1022,(PARAMETER_VALUE(0.E0)),(PARAMETER_VALUE(1.E0)),
.T.,.UNSPECIFIED.);
#1024=COMPOSITE_CURVE_SEGMENT(.CONTINUOUS.,.T.,#1023);
#1025=DIRECTION('',(2.626389744416E-1,9.648941750805E-1));
#1026=VECTOR('',#1025,2.560151310594E-2);
#1027=CARTESIAN_POINT('',(1.474160283912E1,6.743934101430E-1));
#1028=LINE('',#1027,#1026);
#1029=TRIMMED_CURVE('',#1028,(PARAMETER_VALUE(0.E0)),(PARAMETER_VALUE(1.E0)),
.T.,.UNSPECIFIED.);
#1030=COMPOSITE_CURVE_SEGMENT(.CONTINUOUS.,.T.,#1029);
#1031=DIRECTION('',(3.090930867390E-1,9.510317890219E-1));
#1032=VECTOR('',#1031,2.569164695357E-2);
#1033=CARTESIAN_POINT('',(1.474832679427E1,6.990961610121E-1));
#1034=LINE('',#1033,#1032);
#1035=TRIMMED_CURVE('',#1034,(PARAMETER_VALUE(0.E0)),(PARAMETER_VALUE(1.E0)),
.T.,.UNSPECIFIED.);
#1036=COMPOSITE_CURVE_SEGMENT(.CONTINUOUS.,.T.,#1035);
#1037=DIRECTION('',(3.546044344788E-1,9.350164143201E-1));
#1038=VECTOR('',#1037,2.583378704313E-2);
#1039=CARTESIAN_POINT('',(1.475626790473E1,7.235297339773E-1));
#1040=LINE('',#1039,#1038);
#1041=TRIMMED_CURVE('',#1040,(PARAMETER_VALUE(0.E0)),(PARAMETER_VALUE(1.E0)),
.T.,.UNSPECIFIED.);
#1042=COMPOSITE_CURVE_SEGMENT(.CONTINUOUS.,.T.,#1041);
#1043=DIRECTION('',(3.989718838582E-1,9.169631595057E-1));
#1044=VECTOR('',#1043,2.603581921768E-2);
#1045=CARTESIAN_POINT('',(1.476542868017E1,7.476847489067E-1));
#1046=LINE('',#1045,#1044);
#1047=TRIMMED_CURVE('',#1046,(PARAMETER_VALUE(0.E0)),(PARAMETER_VALUE(1.E0)),
.T.,.UNSPECIFIED.);
#1048=COMPOSITE_CURVE_SEGMENT(.CONTINUOUS.,.T.,#1047);
#1049=DIRECTION('',(4.420196990229E-1,8.970053431701E-1));
#1050=VECTOR('',#1049,2.629759382211E-2);
#1051=CARTESIAN_POINT('',(1.477581624001E1,7.715586359568E-1));
#1052=LINE('',#1051,#1050);
#1053=TRIMMED_CURVE('',#1052,(PARAMETER_VALUE(0.E0)),(PARAMETER_VALUE(1.E0)),
.T.,.UNSPECIFIED.);
#1054=COMPOSITE_CURVE_SEGMENT(.CONTINUOUS.,.T.,#1053);
#1055=DIRECTION('',(4.835930279193E-1,8.752929700094E-1));
#1056=VECTOR('',#1055,2.661887017486E-2);
#1057=CARTESIAN_POINT('',(1.478744029452E1,7.951477181278E-1));
#1058=LINE('',#1057,#1056);
#1059=TRIMMED_CURVE('',#1058,(PARAMETER_VALUE(0.E0)),(PARAMETER_VALUE(1.E0)),
.T.,.UNSPECIFIED.);
#1060=COMPOSITE_CURVE_SEGMENT(.CONTINUOUS.,.T.,#1059);
#1061=DIRECTION('',(5.073059425546E-1,8.617660243064E-1));
#1062=VECTOR('',#1061,4.669565978840E-3);
#1063=CARTESIAN_POINT('',(1.480031299455E1,8.184470280614E-1));
#1064=LINE('',#1063,#1062);
#1065=TRIMMED_CURVE('',#1064,(PARAMETER_VALUE(0.E0)),(PARAMETER_VALUE(1.E0)),
.T.,.UNSPECIFIED.);
#1066=COMPOSITE_CURVE_SEGMENT(.CONTINUOUS.,.T.,#1065);
#1067=DIRECTION('',(5.302129944567E-1,8.478644823964E-1));
#1068=VECTOR('',#1067,2.671066351307E-2);
#1069=CARTESIAN_POINT('',(1.480268189312E1,8.224711013703E-1));
#1070=LINE('',#1069,#1068);
#1071=TRIMMED_CURVE('',#1070,(PARAMETER_VALUE(0.E0)),(PARAMETER_VALUE(1.E0)),
.T.,.UNSPECIFIED.);
#1072=COMPOSITE_CURVE_SEGMENT(.CONTINUOUS.,.T.,#1071);
#1073=DIRECTION('',(5.690910311464E-1,8.222745273136E-1));
#1074=VECTOR('',#1073,2.622734026913E-2);
#1075=CARTESIAN_POINT('',(1.481684423400E1,8.451181242642E-1));
#1076=LINE('',#1075,#1074);
#1077=TRIMMED_CURVE('',#1076,(PARAMETER_VALUE(0.E0)),(PARAMETER_VALUE(1.E0)),
.T.,.UNSPECIFIED.);
#1078=COMPOSITE_CURVE_SEGMENT(.CONTINUOUS.,.T.,#1077);
#1079=DIRECTION('',(6.074001578118E-1,7.943960273630E-1));
#1080=VECTOR('',#1079,2.586003692746E-2);
#1081=CARTESIAN_POINT('',(1.483176997812E1,8.666841980867E-1));
#1082=LINE('',#1081,#1080);
#1083=TRIMMED_CURVE('',#1082,(PARAMETER_VALUE(0.E0)),(PARAMETER_VALUE(1.E0)),
.T.,.UNSPECIFIED.);
#1084=COMPOSITE_CURVE_SEGMENT(.CONTINUOUS.,.T.,#1083);
#1085=DIRECTION('',(6.448416817137E-1,7.643161685616E-1));
#1086=VECTOR('',#1085,2.560702074828E-2);
#1087=CARTESIAN_POINT('',(1.484747736863E1,8.872273086894E-1));
#1088=LINE('',#1087,#1086);
#1089=TRIMMED_CURVE('',#1088,(PARAMETER_VALUE(0.E0)),(PARAMETER_VALUE(1.E0)),
.T.,.UNSPECIFIED.);
#1090=COMPOSITE_CURVE_SEGMENT(.CONTINUOUS.,.T.,#1089);
#1091=DIRECTION('',(6.811242109530E-1,7.321678832437E-1));
#1092=VECTOR('',#1091,2.546708377255E-2);
#1093=CARTESIAN_POINT('',(1.486398984295E1,9.067991686760E-1));
#1094=LINE('',#1093,#1092);
#1095=TRIMMED_CURVE('',#1094,(PARAMETER_VALUE(0.E0)),(PARAMETER_VALUE(1.E0)),
.T.,.UNSPECIFIED.);
#1096=COMPOSITE_CURVE_SEGMENT(.CONTINUOUS.,.T.,#1095);
#1097=DIRECTION('',(7.159730395489E-1,6.981279299950E-1));
#1098=VECTOR('',#1097,2.543950784305E-2);
#1099=CARTESIAN_POINT('',(1.488133609029E1,9.254453494941E-1));
#1100=LINE('',#1099,#1098);
#1101=TRIMMED_CURVE('',#1100,(PARAMETER_VALUE(0.E0)),(PARAMETER_VALUE(1.E0)),
.T.,.UNSPECIFIED.);
#1102=COMPOSITE_CURVE_SEGMENT(.CONTINUOUS.,.T.,#1101);
#1103=DIRECTION('',(7.491391093994E-1,6.624127072817E-1));
#1104=VECTOR('',#1103,2.552403721532E-2);
#1105=CARTESIAN_POINT('',(1.489955009205E1,9.432053804447E-1));
#1106=LINE('',#1105,#1104);
#1107=TRIMMED_CURVE('',#1106,(PARAMETER_VALUE(0.E0)),(PARAMETER_VALUE(1.E0)),
.T.,.UNSPECIFIED.);
#1108=COMPOSITE_CURVE_SEGMENT(.CONTINUOUS.,.T.,#1107);
#1109=DIRECTION('',(7.803988415665E-1,6.252820548214E-1));
#1110=VECTOR('',#1109,2.570711039612E-2);
#1111=CARTESIAN_POINT('',(1.491867114656E1,9.601128270372E-1));
#1112=LINE('',#1111,#1110);
#1113=TRIMMED_CURVE('',#1112,(PARAMETER_VALUE(0.E0)),(PARAMETER_VALUE(1.E0)),
.T.,.UNSPECIFIED.);
#1114=COMPOSITE_CURVE_SEGMENT(.CONTINUOUS.,.T.,#1113);
#1115=DIRECTION('',(8.095563034647E-1,5.870422399799E-1));
#1116=VECTOR('',#1115,2.597561454173E-2);
#1117=CARTESIAN_POINT('',(1.493873294573E1,9.761870218492E-1));
#1118=LINE('',#1117,#1116);
#1119=TRIMMED_CURVE('',#1118,(PARAMETER_VALUE(0.E0)),(PARAMETER_VALUE(1.E0)),
.T.,.UNSPECIFIED.);
#1120=COMPOSITE_CURVE_SEGMENT(.CONTINUOUS.,.T.,#1119);
#1121=DIRECTION('',(8.364743230613E-1,5.480061193628E-1));
#1122=VECTOR('',#1121,2.635694532870E-2);
#1123=CARTESIAN_POINT('',(1.495976166822E1,9.914358047947E-1));
#1124=LINE('',#1123,#1122);
#1125=TRIMMED_CURVE('',#1124,(PARAMETER_VALUE(0.E0)),(PARAMETER_VALUE(1.E0)),
.T.,.UNSPECIFIED.);
#1126=COMPOSITE_CURVE_SEGMENT(.CONTINUOUS.,.T.,#1125);
#1127=DIRECTION('',(8.610792568721E-1,5.084707596161E-1));
#1128=VECTOR('',#1127,2.685183520468E-2);
#1129=CARTESIAN_POINT('',(1.498180857622E1,1.005879572123E0));
#1130=LINE('',#1129,#1128);
#1131=TRIMMED_CURVE('',#1130,(PARAMETER_VALUE(0.E0)),(PARAMETER_VALUE(1.E0)),
.T.,.UNSPECIFIED.);
#1132=COMPOSITE_CURVE_SEGMENT(.CONTINUOUS.,.T.,#1131);
#1133=DIRECTION('',(8.903534135244E-1,4.552700286922E-1));
#1134=VECTOR('',#1133,2.617914528874E-2);
#1135=CARTESIAN_POINT('',(1.500493013452E1,1.019532945166E0));
#1136=LINE('',#1135,#1134);
#1137=TRIMMED_CURVE('',#1136,(PARAMETER_VALUE(0.E0)),(PARAMETER_VALUE(1.E0)),
.T.,.UNSPECIFIED.);
#1138=COMPOSITE_CURVE_SEGMENT(.CONTINUOUS.,.T.,#1137);
#1139=DIRECTION('',(9.109080609303E-1,4.126093849299E-1));
#1140=VECTOR('',#1139,2.633171934624E-2);
#1141=CARTESIAN_POINT('',(1.502823882589E1,1.031451525393E0));
#1142=LINE('',#1141,#1140);
#1143=TRIMMED_CURVE('',#1142,(PARAMETER_VALUE(0.E0)),(PARAMETER_VALUE(1.E0)),
.T.,.UNSPECIFIED.);
#1144=COMPOSITE_CURVE_SEGMENT(.CONTINUOUS.,.T.,#1143);
#1145=DIRECTION('',(9.293031318413E-1,3.693178700658E-1));
#1146=VECTOR('',#1145,2.652572473780E-2);
#1147=CARTESIAN_POINT('',(1.505222460130E1,1.042316239916E0));
#1148=LINE('',#1147,#1146);
#1149=TRIMMED_CURVE('',#1148,(PARAMETER_VALUE(0.E0)),(PARAMETER_VALUE(1.E0)),
.T.,.UNSPECIFIED.);
#1150=COMPOSITE_CURVE_SEGMENT(.CONTINUOUS.,.T.,#1149);
#1151=DIRECTION('',(9.455129695032E-1,3.255844352873E-1));
#1152=VECTOR('',#1151,2.676560908740E-2);
#1153=CARTESIAN_POINT('',(1.507687504038E1,1.052112664079E0));
#1154=LINE('',#1153,#1152);
#1155=TRIMMED_CURVE('',#1154,(PARAMETER_VALUE(0.E0)),(PARAMETER_VALUE(1.E0)),
.T.,.UNSPECIFIED.);
#1156=COMPOSITE_CURVE_SEGMENT(.CONTINUOUS.,.T.,#1155);
#1157=DIRECTION('',(9.595340970041E-1,2.815924656069E-1));
#1158=VECTOR('',#1157,2.705126867376E-2);
#1159=CARTESIAN_POINT('',(1.510218227091E1,1.060827129798E0));
#1160=LINE('',#1159,#1158);
#1161=TRIMMED_CURVE('',#1160,(PARAMETER_VALUE(0.E0)),(PARAMETER_VALUE(1.E0)),
.T.,.UNSPECIFIED.);
#1162=COMPOSITE_CURVE_SEGMENT(.CONTINUOUS.,.T.,#1161);
#1163=DIRECTION('',(9.713825055535E-1,2.375205841705E-1));
#1164=VECTOR('',#1163,2.738252312247E-2);
#1165=CARTESIAN_POINT('',(1.512813888557E1,1.068444563242E0));
#1166=LINE('',#1165,#1164);
#1167=TRIMMED_CURVE('',#1166,(PARAMETER_VALUE(0.E0)),(PARAMETER_VALUE(1.E0)),
.T.,.UNSPECIFIED.);
#1168=COMPOSITE_CURVE_SEGMENT(.CONTINUOUS.,.T.,#1167);
#1169=DIRECTION('',(9.810923614438E-1,1.935401206899E-1));
#1170=VECTOR('',#1169,2.775911944160E-2);
#1171=CARTESIAN_POINT('',(1.515473778949E1,1.074948476130E0));
#1172=LINE('',#1171,#1170);
#1173=TRIMMED_CURVE('',#1172,(PARAMETER_VALUE(0.E0)),(PARAMETER_VALUE(1.E0)),
.T.,.UNSPECIFIED.);
#1174=COMPOSITE_CURVE_SEGMENT(.CONTINUOUS.,.T.,#1173);
#1175=DIRECTION('',(9.887143603782E-1,1.498129286208E-1));
#1176=VECTOR('',#1175,2.818073641853E-2);
#1177=CARTESIAN_POINT('',(1.518197204953E1,1.080320979457E0));
#1178=LINE('',#1177,#1176);
#1179=TRIMMED_CURVE('',#1178,(PARAMETER_VALUE(0.E0)),(PARAMETER_VALUE(1.E0)),
.T.,.UNSPECIFIED.);
#1180=COMPOSITE_CURVE_SEGMENT(.CONTINUOUS.,.T.,#1179);
#1181=DIRECTION('',(9.943138165876E-1,1.064895964076E-1));
#1182=VECTOR('',#1181,2.864698932156E-2);
#1183=CARTESIAN_POINT('',(1.520983474831E1,1.084542818111E0));
#1184=LINE('',#1183,#1182);
#1185=TRIMMED_CURVE('',#1184,(PARAMETER_VALUE(0.E0)),(PARAMETER_VALUE(1.E0)),
.T.,.UNSPECIFIED.);
#1186=COMPOSITE_CURVE_SEGMENT(.CONTINUOUS.,.T.,#1185);
#1187=DIRECTION('',(9.979685772331E-1,6.370807527577E-2));
#1188=VECTOR('',#1187,2.915743485325E-2);
#1189=CARTESIAN_POINT('',(1.523831884560E1,1.087593424442E0));
#1190=LINE('',#1189,#1188);
#1191=TRIMMED_CURVE('',#1190,(PARAMETER_VALUE(0.E0)),(PARAMETER_VALUE(1.E0)),
.T.,.UNSPECIFIED.);
#1192=COMPOSITE_CURVE_SEGMENT(.CONTINUOUS.,.T.,#1191);
#1193=DIRECTION('',(9.997668499403E-1,2.159272471187E-2));
#1194=VECTOR('',#1193,2.971157630466E-2);
#1195=CARTESIAN_POINT('',(1.526741704938E1,1.089450988496E0));
#1196=LINE('',#1195,#1194);
#1197=TRIMMED_CURVE('',#1196,(PARAMETER_VALUE(0.E0)),(PARAMETER_VALUE(1.E0)),
.T.,.UNSPECIFIED.);
#1198=COMPOSITE_CURVE_SEGMENT(.CONTINUOUS.,.T.,#1197);
#1199=DIRECTION('',(9.999999088765E-1,4.269038811583E-4));
#1200=VECTOR('',#1199,6.200205547944E-4);
#1201=CARTESIAN_POINT('',(1.529712169842E1,1.090092542384E0));
#1202=LINE('',#1201,#1200);
#1203=TRIMMED_CURVE('',#1202,(PARAMETER_VALUE(0.E0)),(PARAMETER_VALUE(1.E0)),
.T.,.UNSPECIFIED.);
#1204=COMPOSITE_CURVE_SEGMENT(.CONTINUOUS.,.T.,#1203);
#1205=DIRECTION('',(9.997645544736E-1,-2.169874692911E-2));
#1206=VECTOR('',#1205,2.844315223390E-2);
#1207=CARTESIAN_POINT('',(1.529774171892E1,1.090092807073E0));
#1208=LINE('',#1207,#1206);
#1209=TRIMMED_CURVE('',#1208,(PARAMETER_VALUE(0.E0)),(PARAMETER_VALUE(1.E0)),
.T.,.UNSPECIFIED.);
#1210=COMPOSITE_CURVE_SEGMENT(.CONTINUOUS.,.T.,#1209);
#1211=DIRECTION('',(9.978529940520E-1,-6.549352839413E-2));
#1212=VECTOR('',#1211,2.810966772646E-2);
#1213=CARTESIAN_POINT('',(1.532617817434E1,1.089475626311E0));
#1214=LINE('',#1213,#1212);
#1215=TRIMMED_CURVE('',#1214,(PARAMETER_VALUE(0.E0)),(PARAMETER_VALUE(1.E0)),
.T.,.UNSPECIFIED.);
#1216=COMPOSITE_CURVE_SEGMENT(.CONTINUOUS.,.T.,#1215);
#1217=DIRECTION('',(9.939870382940E-1,-1.094977977106E-1));
#1218=VECTOR('',#1217,2.790499838276E-2);
#1219=CARTESIAN_POINT('',(1.535422749045E1,1.087634624990E0));
#1220=LINE('',#1219,#1218);
#1221=TRIMMED_CURVE('',#1220,(PARAMETER_VALUE(0.E0)),(PARAMETER_VALUE(1.E0)),
.T.,.UNSPECIFIED.);
#1222=COMPOSITE_CURVE_SEGMENT(.CONTINUOUS.,.T.,#1221);
#1223=DIRECTION('',(9.881610306846E-1,-1.534202640997E-1));
#1224=VECTOR('',#1223,2.783025928629E-2);
#1225=CARTESIAN_POINT('',(1.538196469714E1,1.084579089122E0));
#1226=LINE('',#1225,#1224);
#1227=TRIMMED_CURVE('',#1226,(PARAMETER_VALUE(0.E0)),(PARAMETER_VALUE(1.E0)),
.T.,.UNSPECIFIED.);
#1228=COMPOSITE_CURVE_SEGMENT(.CONTINUOUS.,.T.,#1227);
#1229=DIRECTION('',(9.804104883170E-1,-1.969651603658E-1));
#1230=VECTOR('',#1229,2.788759021841E-2);
#1231=CARTESIAN_POINT('',(1.540946547484E1,1.080309363392E0));
#1232=LINE('',#1231,#1230);
#1233=TRIMMED_CURVE('',#1232,(PARAMETER_VALUE(0.E0)),(PARAMETER_VALUE(1.E0)),
.T.,.UNSPECIFIED.);
#1234=COMPOSITE_CURVE_SEGMENT(.CONTINUOUS.,.T.,#1233);
#1235=DIRECTION('',(9.708122742547E-1,-2.398406307455E-1));
#1236=VECTOR('',#1235,2.808032379288E-2);
#1237=CARTESIAN_POINT('',(1.543680676079E1,1.074816479713E0));
#1238=LINE('',#1237,#1236);
#1239=TRIMMED_CURVE('',#1238,(PARAMETER_VALUE(0.E0)),(PARAMETER_VALUE(1.E0)),
.T.,.UNSPECIFIED.);
#1240=COMPOSITE_CURVE_SEGMENT(.CONTINUOUS.,.T.,#1239);
#1241=DIRECTION('',(9.594828852633E-1,-2.817669123351E-1));
#1242=VECTOR('',#1241,2.841321125431E-2);
#1243=CARTESIAN_POINT('',(1.546406748379E1,1.068081677143E0));
#1244=LINE('',#1243,#1242);
#1245=TRIMMED_CURVE('',#1244,(PARAMETER_VALUE(0.E0)),(PARAMETER_VALUE(1.E0)),
.T.,.UNSPECIFIED.);
#1246=COMPOSITE_CURVE_SEGMENT(.CONTINUOUS.,.T.,#1245);
#1247=DIRECTION('',(9.465749981494E-1,-3.224837559916E-1));
#1248=VECTOR('',#1247,2.889272737442E-2);
#1249=CARTESIAN_POINT('',(1.549132947370E1,1.060075774338E0));
#1250=LINE('',#1249,#1248);
#1251=TRIMMED_CURVE('',#1250,(PARAMETER_VALUE(0.E0)),(PARAMETER_VALUE(1.E0)),
.T.,.UNSPECIFIED.);
#1252=COMPOSITE_CURVE_SEGMENT(.CONTINUOUS.,.T.,#1251);
#1253=DIRECTION('',(9.326829617255E-1,-3.606972316320E-1));
#1254=VECTOR('',#1253,2.788928679649E-2);
#1255=CARTESIAN_POINT('',(1.551867860706E1,1.050758339093E0));
#1256=LINE('',#1255,#1254);
#1257=TRIMMED_CURVE('',#1256,(PARAMETER_VALUE(0.E0)),(PARAMETER_VALUE(1.E0)),
.T.,.UNSPECIFIED.);
#1258=COMPOSITE_CURVE_SEGMENT(.CONTINUOUS.,.T.,#1257);
#1259=DIRECTION('',(9.245220730981E-1,-3.811285037287E-1));
#1260=VECTOR('',#1259,3.299579425098E-3);
#1261=CARTESIAN_POINT('',(1.554469046967E1,1.040698750554E0));
#1262=LINE('',#1261,#1260);
#1263=TRIMMED_CURVE('',#1262,(PARAMETER_VALUE(0.E0)),(PARAMETER_VALUE(1.E0)),
.T.,.UNSPECIFIED.);
#1264=COMPOSITE_CURVE_SEGMENT(.CONTINUOUS.,.T.,#1263);
#1265=DIRECTION('',(9.149818628349E-1,-4.034949698363E-1));
#1266=VECTOR('',#1265,2.846938271671E-2);
#1267=CARTESIAN_POINT('',(1.554774100368E1,1.039441186784E0));
#1268=LINE('',#1267,#1266);
#1269=TRIMMED_CURVE('',#1268,(PARAMETER_VALUE(0.E0)),(PARAMETER_VALUE(1.E0)),
.T.,.UNSPECIFIED.);
#1270=COMPOSITE_CURVE_SEGMENT(.CONTINUOUS.,.T.,#1269);
#1271=DIRECTION('',(8.967364405107E-1,-4.425649740549E-1));
#1272=VECTOR('',#1271,2.883072337996E-2);
#1273=CARTESIAN_POINT('',(1.557378997252E1,1.027953934064E0));
#1274=LINE('',#1273,#1272);
#1275=TRIMMED_CURVE('',#1274,(PARAMETER_VALUE(0.E0)),(PARAMETER_VALUE(1.E0)),
.T.,.UNSPECIFIED.);
#1276=COMPOSITE_CURVE_SEGMENT(.CONTINUOUS.,.T.,#1275);
#1277=DIRECTION('',(8.770871445097E-1,-4.803312824872E-1));
#1278=VECTOR('',#1277,2.923722833537E-2);
#1279=CARTESIAN_POINT('',(1.559964353278E1,1.015194465719E0));
#1280=LINE('',#1279,#1278);
#1281=TRIMMED_CURVE('',#1280,(PARAMETER_VALUE(0.E0)),(PARAMETER_VALUE(1.E0)),
.T.,.UNSPECIFIED.);
#1282=COMPOSITE_CURVE_SEGMENT(.CONTINUOUS.,.T.,#1281);
#1283=DIRECTION('',(8.561581067997E-1,-5.167139403589E-1));
#1284=VECTOR('',#1283,2.969055616818E-2);
#1285=CARTESIAN_POINT('',(1.562528712989E1,1.001150910337E0));
#1286=LINE('',#1285,#1284);
#1287=TRIMMED_CURVE('',#1286,(PARAMETER_VALUE(0.E0)),(PARAMETER_VALUE(1.E0)),
.T.,.UNSPECIFIED.);
#1288=COMPOSITE_CURVE_SEGMENT(.CONTINUOUS.,.T.,#1287);
#1289=DIRECTION('',(8.340783956738E-1,-5.516459279921E-1));
#1290=VECTOR('',#1289,3.019217930912E-2);
#1291=CARTESIAN_POINT('',(1.565070694025E1,9.858093860674E-1));
#1292=LINE('',#1291,#1290);
#1293=TRIMMED_CURVE('',#1292,(PARAMETER_VALUE(0.E0)),(PARAMETER_VALUE(1.E0)),
.T.,.UNSPECIFIED.);
#1294=COMPOSITE_CURVE_SEGMENT(.CONTINUOUS.,.T.,#1293);
#1295=DIRECTION('',(8.109801144753E-1,-5.850737166594E-1));
#1296=VECTOR('',#1295,3.074340448312E-2);
#1297=CARTESIAN_POINT('',(1.567588958473E1,9.691539932943E-1));
#1298=LINE('',#1297,#1296);
#1299=TRIMMED_CURVE('',#1298,(PARAMETER_VALUE(0.E0)),(PARAMETER_VALUE(1.E0)),
.T.,.UNSPECIFIED.);
#1300=COMPOSITE_CURVE_SEGMENT(.CONTINUOUS.,.T.,#1299);
#1301=DIRECTION('',(7.869964999998E-1,-6.169574612467E-1));
#1302=VECTOR('',#1301,3.134539134308E-2);
#1303=CARTESIAN_POINT('',(1.570082187442E1,9.511668353706E-1));
#1304=LINE('',#1303,#1302);
#1305=TRIMMED_CURVE('',#1304,(PARAMETER_VALUE(0.E0)),(PARAMETER_VALUE(1.E0)),
.T.,.UNSPECIFIED.);
#1306=COMPOSITE_CURVE_SEGMENT(.CONTINUOUS.,.T.,#1305);
#1307=DIRECTION('',(7.622600897266E-1,-6.472708518156E-1));
#1308=VECTOR('',#1307,3.199916930604E-2);
#1309=CARTESIAN_POINT('',(1.572549058770E1,9.318280623058E-1));
#1310=LINE('',#1309,#1308);
#1311=TRIMMED_CURVE('',#1310,(PARAMETER_VALUE(0.E0)),(PARAMETER_VALUE(1.E0)),
.T.,.UNSPECIFIED.);
#1312=COMPOSITE_CURVE_SEGMENT(.CONTINUOUS.,.T.,#1311);
#1313=DIRECTION('',(7.369010168213E-1,-6.760006593249E-1));
#1314=VECTOR('',#1313,3.270565266176E-2);
#1315=CARTESIAN_POINT('',(1.574988227736E1,9.111159327317E-1));
#1316=LINE('',#1315,#1314);
#1317=TRIMMED_CURVE('',#1316,(PARAMETER_VALUE(0.E0)),(PARAMETER_VALUE(1.E0)),
.T.,.UNSPECIFIED.);
#1318=COMPOSITE_CURVE_SEGMENT(.CONTINUOUS.,.T.,#1317);
#1319=DIRECTION('',(-7.384218503027E-1,-6.743390623384E-1));
#1320=VECTOR('',#1319,1.098721532203E-1);
#1321=CARTESIAN_POINT('',(1.577398310606E1,8.890068899687E-1));
#1322=LINE('',#1321,#1320);
#1323=TRIMMED_CURVE('',#1322,(PARAMETER_VALUE(0.E0)),(PARAMETER_VALUE(1.E0)),
.T.,.UNSPECIFIED.);
#1324=COMPOSITE_CURVE_SEGMENT(.CONTINUOUS.,.T.,#1323);
#1325=DIRECTION('',(-7.175542576911E-1,6.965026111002E-1));
#1326=VECTOR('',#1325,1.883693556821E-2);
#1327=CARTESIAN_POINT('',(1.569285110739E1,8.149158051891E-1));
#1328=LINE('',#1327,#1326);
#1329=TRIMMED_CURVE('',#1328,(PARAMETER_VALUE(0.E0)),(PARAMETER_VALUE(1.E0)),
.T.,.UNSPECIFIED.);
#1330=COMPOSITE_CURVE_SEGMENT(.CONTINUOUS.,.T.,#1329);
#1331=DIRECTION('',(-7.431021326937E-1,6.691780184570E-1));
#1332=VECTOR('',#1331,2.743370773570E-2);
#1333=CARTESIAN_POINT('',(1.567933458407E1,8.280357799975E-1));
#1334=LINE('',#1333,#1332);
#1335=TRIMMED_CURVE('',#1334,(PARAMETER_VALUE(0.E0)),(PARAMETER_VALUE(1.E0)),
.T.,.UNSPECIFIED.);
#1336=COMPOSITE_CURVE_SEGMENT(.CONTINUOUS.,.T.,#1335);
#1337=DIRECTION('',(-7.727489771830E-1,6.347117599844E-1));
#1338=VECTOR('',#1337,2.697876783969E-2);
#1339=CARTESIAN_POINT('',(1.565894853734E1,8.463938141790E-1));
#1340=LINE('',#1339,#1338);
#1341=TRIMMED_CURVE('',#1340,(PARAMETER_VALUE(0.E0)),(PARAMETER_VALUE(1.E0)),
.T.,.UNSPECIFIED.);
#1342=COMPOSITE_CURVE_SEGMENT(.CONTINUOUS.,.T.,#1341);
#1343=DIRECTION('',(-8.012438439961E-1,5.983379500403E-1));
#1344=VECTOR('',#1343,2.661386195048E-2);
#1345=CARTESIAN_POINT('',(1.563810072209E1,8.635175553967E-1));
#1346=LINE('',#1345,#1344);
#1347=TRIMMED_CURVE('',#1346,(PARAMETER_VALUE(0.E0)),(PARAMETER_VALUE(1.E0)),
.T.,.UNSPECIFIED.);
#1348=COMPOSITE_CURVE_SEGMENT(.CONTINUOUS.,.T.,#1347);
#1349=DIRECTION('',(-8.283694510548E-1,5.601821601579E-1));
#1350=VECTOR('',#1349,2.633869906912E-2);
#1351=CARTESIAN_POINT('',(1.561677652904E1,8.794416389988E-1));
#1352=LINE('',#1351,#1350);
#1353=TRIMMED_CURVE('',#1352,(PARAMETER_VALUE(0.E0)),(PARAMETER_VALUE(1.E0)),
.T.,.UNSPECIFIED.);
#1354=COMPOSITE_CURVE_SEGMENT(.CONTINUOUS.,.T.,#1353);
#1355=DIRECTION('',(-8.539208798578E-1,5.204028544722E-1));
#1356=VECTOR('',#1355,2.615309804211E-2);
#1357=CARTESIAN_POINT('',(1.559495835535E1,8.941961083391E-1));
#1358=LINE('',#1357,#1356);
#1359=TRIMMED_CURVE('',#1358,(PARAMETER_VALUE(0.E0)),(PARAMETER_VALUE(1.E0)),
.T.,.UNSPECIFIED.);
#1360=COMPOSITE_CURVE_SEGMENT(.CONTINUOUS.,.T.,#1359);
#1361=DIRECTION('',(-8.777117268338E-1,4.791890280238E-1));
#1362=VECTOR('',#1361,2.605698778156E-2);
#1363=CARTESIAN_POINT('',(1.557262567886E1,9.078062552135E-1));
#1364=LINE('',#1363,#1362);
#1365=TRIMMED_CURVE('',#1364,(PARAMETER_VALUE(0.E0)),(PARAMETER_VALUE(1.E0)),
.T.,.UNSPECIFIED.);
#1366=COMPOSITE_CURVE_SEGMENT(.CONTINUOUS.,.T.,#1365);
#1367=DIRECTION('',(-8.995764476692E-1,4.367633395776E-1));
#1368=VECTOR('',#1367,2.604203315465E-2);
#1369=CARTESIAN_POINT('',(1.554975515511E1,9.202924778618E-1));
#1370=LINE('',#1369,#1368);
#1371=TRIMMED_CURVE('',#1370,(PARAMETER_VALUE(0.E0)),(PARAMETER_VALUE(1.E0)),
.T.,.UNSPECIFIED.);
#1372=COMPOSITE_CURVE_SEGMENT(.CONTINUOUS.,.T.,#1371);
#1373=DIRECTION('',(-9.193721940086E-1,3.933888265875E-1));
#1374=VECTOR('',#1373,2.609501194566E-2);
#1375=CARTESIAN_POINT('',(1.552632835544E1,9.316666832318E-1));
#1376=LINE('',#1375,#1374);
#1377=TRIMMED_CURVE('',#1376,(PARAMETER_VALUE(0.E0)),(PARAMETER_VALUE(1.E0)),
.T.,.UNSPECIFIED.);
#1378=COMPOSITE_CURVE_SEGMENT(.CONTINUOUS.,.T.,#1377);
#1379=DIRECTION('',(-9.209914630878E-1,3.895827574718E-1));
#1380=VECTOR('',#1379,2.710665126541E-2);
#1381=CARTESIAN_POINT('',(1.550233732705E1,9.419321693609E-1));
#1382=LINE('',#1381,#1380);
#1383=TRIMMED_CURVE('',#1382,(PARAMETER_VALUE(0.E0)),(PARAMETER_VALUE(1.E0)),
.T.,.UNSPECIFIED.);
#1384=COMPOSITE_CURVE_SEGMENT(.CONTINUOUS.,.T.,#1383);
#1385=DIRECTION('',(-9.381188197313E-1,3.463135574387E-1));
#1386=VECTOR('',#1385,2.625934561299E-2);
#1387=CARTESIAN_POINT('',(1.547737233264E1,9.524924533067E-1));
#1388=LINE('',#1387,#1386);
#1389=TRIMMED_CURVE('',#1388,(PARAMETER_VALUE(0.E0)),(PARAMETER_VALUE(1.E0)),
.T.,.UNSPECIFIED.);
#1390=COMPOSITE_CURVE_SEGMENT(.CONTINUOUS.,.T.,#1389);
#1391=DIRECTION('',(-9.499526001769E-1,3.123940739148E-1));
#1392=VECTOR('',#1391,1.284632143122E-2);
#1393=CARTESIAN_POINT('',(1.545273794633E1,9.615864207019E-1));
#1394=LINE('',#1393,#1392);
#1395=TRIMMED_CURVE('',#1394,(PARAMETER_VALUE(0.E0)),(PARAMETER_VALUE(1.E0)),
.T.,.UNSPECIFIED.);
#1396=COMPOSITE_CURVE_SEGMENT(.CONTINUOUS.,.T.,#1395);
#1397=DIRECTION('',(-9.572814132518E-1,2.891579081448E-1));
#1398=VECTOR('',#1397,1.267062706893E-2);
#1399=CARTESIAN_POINT('',(1.544053454988E1,9.655995353886E-1));
#1400=LINE('',#1399,#1398);
#1401=TRIMMED_CURVE('',#1400,(PARAMETER_VALUE(0.E0)),(PARAMETER_VALUE(1.E0)),
.T.,.UNSPECIFIED.);
#1402=COMPOSITE_CURVE_SEGMENT(.CONTINUOUS.,.T.,#1401);
#1403=DIRECTION('',(-9.673518234303E-1,2.534372697651E-1));
#1404=VECTOR('',#1403,2.484771256985E-2);
#1405=CARTESIAN_POINT('',(1.542840519410E1,9.692633474068E-1));
#1406=LINE('',#1405,#1404);
#1407=TRIMMED_CURVE('',#1406,(PARAMETER_VALUE(0.E0)),(PARAMETER_VALUE(1.E0)),
.T.,.UNSPECIFIED.);
#1408=COMPOSITE_CURVE_SEGMENT(.CONTINUOUS.,.T.,#1407);
#1409=DIRECTION('',(-9.789268156037E-1,2.042113848249E-1));
#1410=VECTOR('',#1409,2.427592072411E-2);
#1411=CARTESIAN_POINT('',(1.540436871403E1,9.755606838404E-1));
#1412=LINE('',#1411,#1410);
#1413=TRIMMED_CURVE('',#1412,(PARAMETER_VALUE(0.E0)),(PARAMETER_VALUE(1.E0)),
.T.,.UNSPECIFIED.);
#1414=COMPOSITE_CURVE_SEGMENT(.CONTINUOUS.,.T.,#1413);
#1415=DIRECTION('',(-9.881564989135E-1,1.534494498363E-1));
#1416=VECTOR('',#1415,2.380461609954E-2);
#1417=CARTESIAN_POINT('',(1.538060436426E1,9.805181032293E-1));
#1418=LINE('',#1417,#1416);
#1419=TRIMMED_CURVE('',#1418,(PARAMETER_VALUE(0.E0)),(PARAMETER_VALUE(1.E0)),
.T.,.UNSPECIFIED.);
#1420=COMPOSITE_CURVE_SEGMENT(.CONTINUOUS.,.T.,#1419);
#1421=DIRECTION('',(-9.948417232495E-1,1.014393694871E-1));
#1422=VECTOR('',#1421,2.343296687273E-2);
#1423=CARTESIAN_POINT('',(1.535708167816E1,9.841709084734E-1));
#1424=LINE('',#1423,#1422);
#1425=TRIMMED_CURVE('',#1424,(PARAMETER_VALUE(0.E0)),(PARAMETER_VALUE(1.E0)),
.T.,.UNSPECIFIED.);
#1426=COMPOSITE_CURVE_SEGMENT(.CONTINUOUS.,.T.,#1425);
#1427=DIRECTION('',(-9.988228173084E-1,4.850752131507E-2));
#1428=VECTOR('',#1427,2.316023604715E-2);
#1429=CARTESIAN_POINT('',(1.533376958502E1,9.865479338582E-1));
#1430=LINE('',#1429,#1428);
#1431=TRIMMED_CURVE('',#1430,(PARAMETER_VALUE(0.E0)),(PARAMETER_VALUE(1.E0)),
.T.,.UNSPECIFIED.);
#1432=COMPOSITE_CURVE_SEGMENT(.CONTINUOUS.,.T.,#1431);
#1433=DIRECTION('',(-9.999405681127E-1,1.090230445366E-2));
#1434=VECTOR('',#1433,9.364227537896E-3);
#1435=CARTESIAN_POINT('',(1.531063661280E1,9.876713795019E-1));
#1436=LINE('',#1435,#1434);
#1437=TRIMMED_CURVE('',#1436,(PARAMETER_VALUE(0.E0)),(PARAMETER_VALUE(1.E0)),
.T.,.UNSPECIFIED.);
#1438=COMPOSITE_CURVE_SEGMENT(.CONTINUOUS.,.T.,#1437);
#1439=DIRECTION('',(-9.996926418732E-1,-2.479156680378E-2));
#1440=VECTOR('',#1439,2.493713410573E-2);
#1441=CARTESIAN_POINT('',(1.530127294179E1,9.877734711615E-1));
#1442=LINE('',#1441,#1440);
#1443=TRIMMED_CURVE('',#1442,(PARAMETER_VALUE(0.E0)),(PARAMETER_VALUE(1.E0)),
.T.,.UNSPECIFIED.);
#1444=COMPOSITE_CURVE_SEGMENT(.CONTINUOUS.,.T.,#1443);
#1445=DIRECTION('',(-9.971907475943E-1,-7.490402467346E-2));
#1446=VECTOR('',#1445,2.459566073137E-2);
#1447=CARTESIAN_POINT('',(1.527634347232E1,9.871552405354E-1));
#1448=LINE('',#1447,#1446);
#1449=TRIMMED_CURVE('',#1448,(PARAMETER_VALUE(0.E0)),(PARAMETER_VALUE(1.E0)),
.T.,.UNSPECIFIED.);
#1450=COMPOSITE_CURVE_SEGMENT(.CONTINUOUS.,.T.,#1449);
#1451=DIRECTION('',(-9.921094909337E-1,-1.253744710826E-1));
#1452=VECTOR('',#1451,2.434268259238E-2);
#1453=CARTESIAN_POINT('',(1.525181690701E1,9.853129265571E-1));
#1454=LINE('',#1453,#1452);
#1455=TRIMMED_CURVE('',#1454,(PARAMETER_VALUE(0.E0)),(PARAMETER_VALUE(1.E0)),
.T.,.UNSPECIFIED.);
#1456=COMPOSITE_CURVE_SEGMENT(.CONTINUOUS.,.T.,#1455);
#1457=DIRECTION('',(-9.844093574115E-1,-1.758926292959E-1));
#1458=VECTOR('',#1457,2.417765296044E-2);
#1459=CARTESIAN_POINT('',(1.522766630057E1,9.822609756024E-1));
#1460=LINE('',#1459,#1458);
#1461=TRIMMED_CURVE('',#1460,(PARAMETER_VALUE(0.E0)),(PARAMETER_VALUE(1.E0)),
.T.,.UNSPECIFIED.);
#1462=COMPOSITE_CURVE_SEGMENT(.CONTINUOUS.,.T.,#1461);
#1463=DIRECTION('',(-9.740945894525E-1,-2.261409533881E-1));
#1464=VECTOR('',#1463,2.410004574028E-2);
#1465=CARTESIAN_POINT('',(1.520386559276E1,9.780083046530E-1));
#1466=LINE('',#1465,#1464);
#1467=TRIMMED_CURVE('',#1466,(PARAMETER_VALUE(0.E0)),(PARAMETER_VALUE(1.E0)),
.T.,.UNSPECIFIED.);
#1468=COMPOSITE_CURVE_SEGMENT(.CONTINUOUS.,.T.,#1467);
#1469=DIRECTION('',(-9.612140054110E-1,-2.758036181811E-1));
#1470=VECTOR('',#1469,2.410935169008E-2);
#1471=CARTESIAN_POINT('',(1.518038986860E1,9.725582973326E-1));
#1472=LINE('',#1471,#1470);
#1473=TRIMMED_CURVE('',#1472,(PARAMETER_VALUE(0.E0)),(PARAMETER_VALUE(1.E0)),
.T.,.UNSPECIFIED.);
#1474=COMPOSITE_CURVE_SEGMENT(.CONTINUOUS.,.T.,#1473);
#1475=DIRECTION('',(-9.458597727533E-1,-3.245755540504E-1));
#1476=VECTOR('',#1475,2.420507270524E-2);
#1477=CARTESIAN_POINT('',(1.515721562209E1,9.659088509044E-1));
#1478=LINE('',#1477,#1476);
#1479=TRIMMED_CURVE('',#1478,(PARAMETER_VALUE(0.E0)),(PARAMETER_VALUE(1.E0)),
.T.,.UNSPECIFIED.);
#1480=COMPOSITE_CURVE_SEGMENT(.CONTINUOUS.,.T.,#1479);
#1481=DIRECTION('',(-9.281642016845E-1,-3.721709482365E-1));
#1482=VECTOR('',#1481,2.438671386791E-2);
#1483=CARTESIAN_POINT('',(1.513432101752E1,9.580524760203E-1));
#1484=LINE('',#1483,#1482);
#1485=TRIMMED_CURVE('',#1484,(PARAMETER_VALUE(0.E0)),(PARAMETER_VALUE(1.E0)),
.T.,.UNSPECIFIED.);
#1486=COMPOSITE_CURVE_SEGMENT(.CONTINUOUS.,.T.,#1485);
#1487=DIRECTION('',(-9.082947969144E-1,-4.183306848633E-1));
#1488=VECTOR('',#1487,2.465377297290E-2);
#1489=CARTESIAN_POINT('',(1.511168614271E1,9.489764495957E-1));
#1490=LINE('',#1489,#1488);
#1491=TRIMMED_CURVE('',#1490,(PARAMETER_VALUE(0.E0)),(PARAMETER_VALUE(1.E0)),
.T.,.UNSPECIFIED.);
#1492=COMPOSITE_CURVE_SEGMENT(.CONTINUOUS.,.T.,#1491);
#1493=DIRECTION('',(-8.871196951998E-1,-4.615394310225E-1));
#1494=VECTOR('',#1493,2.352072490985E-2);
#1495=CARTESIAN_POINT('',(1.508929324900E1,9.386630198635E-1));
#1496=LINE('',#1495,#1494);
#1497=TRIMMED_CURVE('',#1496,(PARAMETER_VALUE(0.E0)),(PARAMETER_VALUE(1.E0)),
.T.,.UNSPECIFIED.);
#1498=COMPOSITE_CURVE_SEGMENT(.CONTINUOUS.,.T.,#1497);
#1499=DIRECTION('',(-8.666816920438E-1,-4.988615486045E-1));
#1500=VECTOR('',#1499,4.129805739941E-3);
#1501=CARTESIAN_POINT('',(1.506842755069E1,9.278072778714E-1));
#1502=LINE('',#1501,#1500);
#1503=TRIMMED_CURVE('',#1502,(PARAMETER_VALUE(0.E0)),(PARAMETER_VALUE(1.E0)),
.T.,.UNSPECIFIED.);
#1504=COMPOSITE_CURVE_SEGMENT(.CONTINUOUS.,.T.,#1503);
#1505=DIRECTION('',(-8.541675814502E-1,-5.199978296104E-1));
#1506=VECTOR('',#1505,2.764037671303E-2);
#1507=CARTESIAN_POINT('',(1.506484832366E1,9.257470765845E-1));
#1508=LINE('',#1507,#1506);
#1509=TRIMMED_CURVE('',#1508,(PARAMETER_VALUE(0.E0)),(PARAMETER_VALUE(1.E0)),
.T.,.UNSPECIFIED.);
#1510=COMPOSITE_CURVE_SEGMENT(.CONTINUOUS.,.T.,#1509);
#1511=DIRECTION('',(-8.300696681002E-1,-5.576597045691E-1));
#1512=VECTOR('',#1511,2.640188138370E-2);
#1513=CARTESIAN_POINT('',(1.504123880993E1,9.113741406841E-1));
#1514=LINE('',#1513,#1512);
#1515=TRIMMED_CURVE('',#1514,(PARAMETER_VALUE(0.E0)),(PARAMETER_VALUE(1.E0)),
.T.,.UNSPECIFIED.);
#1516=COMPOSITE_CURVE_SEGMENT(.CONTINUOUS.,.T.,#1515);
#1517=DIRECTION('',(-8.030547675279E-1,-5.959052276585E-1));
#1518=VECTOR('',#1517,2.529490782091E-2);
#1519=CARTESIAN_POINT('',(1.501932340901E1,8.966508753116E-1));
#1520=LINE('',#1519,#1518);
#1521=TRIMMED_CURVE('',#1520,(PARAMETER_VALUE(0.E0)),(PARAMETER_VALUE(1.E0)),
.T.,.UNSPECIFIED.);
#1522=COMPOSITE_CURVE_SEGMENT(.CONTINUOUS.,.T.,#1521);
#1523=DIRECTION('',(-7.729745686600E-1,-6.344370072788E-1));
#1524=VECTOR('',#1523,2.431518008333E-2);
#1525=CARTESIAN_POINT('',(1.499901021269E1,8.815775075080E-1));
#1526=LINE('',#1525,#1524);
#1527=TRIMMED_CURVE('',#1526,(PARAMETER_VALUE(0.E0)),(PARAMETER_VALUE(1.E0)),
.T.,.UNSPECIFIED.);
#1528=COMPOSITE_CURVE_SEGMENT(.CONTINUOUS.,.T.,#1527);
#1529=DIRECTION('',(-7.397211934131E-1,-6.729134833064E-1));
#1530=VECTOR('',#1529,2.345921228072E-2);
#1531=CARTESIAN_POINT('',(1.498021519686E1,8.661510574245E-1));
#1532=LINE('',#1531,#1530);
#1533=TRIMMED_CURVE('',#1532,(PARAMETER_VALUE(0.E0)),(PARAMETER_VALUE(1.E0)),
.T.,.UNSPECIFIED.);
#1534=COMPOSITE_CURVE_SEGMENT(.CONTINUOUS.,.T.,#1533);
#1535=DIRECTION('',(-7.032390520315E-1,-7.109534694323E-1));
#1536=VECTOR('',#1535,2.272417312908E-2);
#1537=CARTESIAN_POINT('',(1.496286192035E1,8.503650371730E-1));
#1538=LINE('',#1537,#1536);
#1539=TRIMMED_CURVE('',#1538,(PARAMETER_VALUE(0.E0)),(PARAMETER_VALUE(1.E0)),
.T.,.UNSPECIFIED.);
#1540=COMPOSITE_CURVE_SEGMENT(.CONTINUOUS.,.T.,#1539);
#1541=DIRECTION('',(-6.635361654317E-1,-7.481442088022E-1));
#1542=VECTOR('',#1541,2.210778694678E-2);
#1543=CARTESIAN_POINT('',(1.494688139438E1,8.342092074469E-1));
#1544=LINE('',#1543,#1542);
#1545=TRIMMED_CURVE('',#1544,(PARAMETER_VALUE(0.E0)),(PARAMETER_VALUE(1.E0)),
.T.,.UNSPECIFIED.);
#1546=COMPOSITE_CURVE_SEGMENT(.CONTINUOUS.,.T.,#1545);
#1547=DIRECTION('',(-6.206938077458E-1,-7.840530575325E-1));
#1548=VECTOR('',#1547,2.160826029627E-2);
#1549=CARTESIAN_POINT('',(1.493221207821E1,8.176693946733E-1));
#1550=LINE('',#1549,#1548);
#1551=TRIMMED_CURVE('',#1550,(PARAMETER_VALUE(0.E0)),(PARAMETER_VALUE(1.E0)),
.T.,.UNSPECIFIED.);
#1552=COMPOSITE_CURVE_SEGMENT(.CONTINUOUS.,.T.,#1551);
#1553=DIRECTION('',(-5.748732120272E-1,-8.182425007866E-1));
#1554=VECTOR('',#1553,2.122422666060E-2);
#1555=CARTESIAN_POINT('',(1.491879996484E1,8.007273721200E-1));
#1556=LINE('',#1555,#1554);
#1557=TRIMMED_CURVE('',#1556,(PARAMETER_VALUE(0.E0)),(PARAMETER_VALUE(1.E0)),
.T.,.UNSPECIFIED.);
#1558=COMPOSITE_CURVE_SEGMENT(.CONTINUOUS.,.T.,#1557);
#1559=DIRECTION('',(-5.263181443067E-1,-8.502877224643E-1));
#1560=VECTOR('',#1559,2.095470372342E-2);
#1561=CARTESIAN_POINT('',(1.490659872549E1,7.833608078200E-1));
#1562=LINE('',#1561,#1560);
#1563=TRIMMED_CURVE('',#1562,(PARAMETER_VALUE(0.E0)),(PARAMETER_VALUE(1.E0)),
.T.,.UNSPECIFIED.);
#1564=COMPOSITE_CURVE_SEGMENT(.CONTINUOUS.,.T.,#1563);
#1565=DIRECTION('',(-4.923978776553E-1,-8.703702258697E-1));
#1566=VECTOR('',#1565,2.387187186347E-2);
#1567=CARTESIAN_POINT('',(1.489556988471E1,7.655432805161E-1));
#1568=LINE('',#1567,#1566);
#1569=TRIMMED_CURVE('',#1568,(PARAMETER_VALUE(0.E0)),(PARAMETER_VALUE(1.E0)),
.T.,.UNSPECIFIED.);
#1570=COMPOSITE_CURVE_SEGMENT(.CONTINUOUS.,.T.,#1569);
#1571=DIRECTION('',(-4.459172212583E-1,-8.950742046251E-1));
#1572=VECTOR('',#1571,2.314882824264E-2);
#1573=CARTESIAN_POINT('',(1.488381542567E1,7.447659140103E-1));
#1574=LINE('',#1573,#1572);
#1575=TRIMMED_CURVE('',#1574,(PARAMETER_VALUE(0.E0)),(PARAMETER_VALUE(1.E0)),
.T.,.UNSPECIFIED.);
#1576=COMPOSITE_CURVE_SEGMENT(.CONTINUOUS.,.T.,#1575);
#1577=DIRECTION('',(-3.967186396949E-1,-9.179402599944E-1));
#1578=VECTOR('',#1577,2.263063390365E-2);
#1579=CARTESIAN_POINT('',(1.487349296451E1,7.240459949831E-1));
#1580=LINE('',#1579,#1578);
#1581=TRIMMED_CURVE('',#1580,(PARAMETER_VALUE(0.E0)),(PARAMETER_VALUE(1.E0)),
.T.,.UNSPECIFIED.);
#1582=COMPOSITE_CURVE_SEGMENT(.CONTINUOUS.,.T.,#1581);
#1583=DIRECTION('',(-3.452824845715E-1,-9.384988043936E-1));
#1584=VECTOR('',#1583,2.226089798059E-2);
#1585=CARTESIAN_POINT('',(1.486451497021E1,7.032724250137E-1));
#1586=LINE('',#1585,#1584);
#1587=TRIMMED_CURVE('',#1586,(PARAMETER_VALUE(0.E0)),(PARAMETER_VALUE(1.E0)),
.T.,.UNSPECIFIED.);
#1588=COMPOSITE_CURVE_SEGMENT(.CONTINUOUS.,.T.,#1587);
#1589=DIRECTION('',(-2.922434066318E-1,-9.563439712155E-1));
#1590=VECTOR('',#1589,2.206447466575E-2);
#1591=CARTESIAN_POINT('',(1.485682867205E1,6.823805988742E-1));
#1592=LINE('',#1591,#1590);
#1593=TRIMMED_CURVE('',#1592,(PARAMETER_VALUE(0.E0)),(PARAMETER_VALUE(1.E0)),
.T.,.UNSPECIFIED.);
#1594=COMPOSITE_CURVE_SEGMENT(.CONTINUOUS.,.T.,#1593);
#1595=DIRECTION('',(-2.382659534985E-1,-9.711999461509E-1));
#1596=VECTOR('',#1595,2.207020112776E-2);
#1597=CARTESIAN_POINT('',(1.485038047480E1,6.612793715496E-1));
#1598=LINE('',#1597,#1596);
#1599=TRIMMED_CURVE('',#1598,(PARAMETER_VALUE(0.E0)),(PARAMETER_VALUE(1.E0)),
.T.,.UNSPECIFIED.);
#1600=COMPOSITE_CURVE_SEGMENT(.CONTINUOUS.,.T.,#1599);
#1601=DIRECTION('',(-1.840322771105E-1,-9.829202007190E-1));
#1602=VECTOR('',#1601,2.228223435170E-2);
#1603=CARTESIAN_POINT('',(1.484512189729E1,6.398447934027E-1));
#1604=LINE('',#1603,#1602);
#1605=TRIMMED_CURVE('',#1604,(PARAMETER_VALUE(0.E0)),(PARAMETER_VALUE(1.E0)),
.T.,.UNSPECIFIED.);
#1606=COMPOSITE_CURVE_SEGMENT(.CONTINUOUS.,.T.,#1605);
#1607=DIRECTION('',(-1.302396242363E-1,-9.914825466335E-1));
#1608=VECTOR('',#1607,2.270901430329E-2);
#1609=CARTESIAN_POINT('',(1.484102124696E1,6.179431351413E-1));
#1610=LINE('',#1609,#1608);
#1611=TRIMMED_CURVE('',#1610,(PARAMETER_VALUE(0.E0)),(PARAMETER_VALUE(1.E0)),
.T.,.UNSPECIFIED.);
#1612=COMPOSITE_CURVE_SEGMENT(.CONTINUOUS.,.T.,#1611);
#1613=DIRECTION('',(-7.756630249899E-2,-9.969871958639E-1));
#1614=VECTOR('',#1613,2.336420821301E-2);
#1615=CARTESIAN_POINT('',(1.483806363347E1,5.954275438083E-1));
#1616=LINE('',#1615,#1614);
#1617=TRIMMED_CURVE('',#1616,(PARAMETER_VALUE(0.E0)),(PARAMETER_VALUE(1.E0)),
.T.,.UNSPECIFIED.);
#1618=COMPOSITE_CURVE_SEGMENT(.CONTINUOUS.,.T.,#1617);
#1619=DIRECTION('',(-2.664156313014E-2,-9.996450505624E-1));
#1620=VECTOR('',#1619,2.426817485512E-2);
#1621=CARTESIAN_POINT('',(1.483625135823E1,5.721337273785E-1));
#1622=LINE('',#1621,#1620);
#1623=TRIMMED_CURVE('',#1622,(PARAMETER_VALUE(0.E0)),(PARAMETER_VALUE(1.E0)),
.T.,.UNSPECIFIED.);
#1624=COMPOSITE_CURVE_SEGMENT(.CONTINUOUS.,.T.,#1623);
#1625=DIRECTION('',(-1.048257158675E-3,-9.999994505783E-1));
#1626=VECTOR('',#1625,1.072918038343E-3);
#1627=CARTESIAN_POINT('',(1.483560481612E1,5.478741664984E-1));
#1628=LINE('',#1627,#1626);
#1629=TRIMMED_CURVE('',#1628,(PARAMETER_VALUE(0.E0)),(PARAMETER_VALUE(1.E0)),
.T.,.UNSPECIFIED.);
#1630=COMPOSITE_CURVE_SEGMENT(.CONTINUOUS.,.T.,#1629);
#1631=DIRECTION('',(2.694999401325E-2,-9.996367829480E-1));
#1632=VECTOR('',#1631,2.293991700976E-2);
#1633=CARTESIAN_POINT('',(1.483560369142E1,5.468012490495E-1));
#1634=LINE('',#1633,#1632);
#1635=TRIMMED_CURVE('',#1634,(PARAMETER_VALUE(0.E0)),(PARAMETER_VALUE(1.E0)),
.T.,.UNSPECIFIED.);
#1636=COMPOSITE_CURVE_SEGMENT(.CONTINUOUS.,.T.,#1635);
#1637=DIRECTION('',(8.086815267917E-2,-9.967248074982E-1));
#1638=VECTOR('',#1637,2.290249727200E-2);
#1639=CARTESIAN_POINT('',(1.483622192205E1,5.238696642088E-1));
#1640=LINE('',#1639,#1638);
#1641=TRIMMED_CURVE('',#1640,(PARAMETER_VALUE(0.E0)),(PARAMETER_VALUE(1.E0)),
.T.,.UNSPECIFIED.);
#1642=COMPOSITE_CURVE_SEGMENT(.CONTINUOUS.,.T.,#1641);
#1643=DIRECTION('',(1.344437924620E-1,-9.909212212222E-1));
#1644=VECTOR('',#1643,2.296296816536E-2);
#1645=CARTESIAN_POINT('',(1.483807400470E1,5.010421770241E-1));
#1646=LINE('',#1645,#1644);
#1647=TRIMMED_CURVE('',#1646,(PARAMETER_VALUE(0.E0)),(PARAMETER_VALUE(1.E0)),
.T.,.UNSPECIFIED.);
#1648=COMPOSITE_CURVE_SEGMENT(.CONTINUOUS.,.T.,#1647);
#1649=DIRECTION('',(1.872994175115E-1,-9.823028698929E-1));
#1650=VECTOR('',#1649,2.312108884301E-2);
#1651=CARTESIAN_POINT('',(1.484116123322E1,4.782876845668E-1));
#1652=LINE('',#1651,#1650);
#1653=TRIMMED_CURVE('',#1652,(PARAMETER_VALUE(0.E0)),(PARAMETER_VALUE(1.E0)),
.T.,.UNSPECIFIED.);
#1654=COMPOSITE_CURVE_SEGMENT(.CONTINUOUS.,.T.,#1653);
#1655=DIRECTION('',(2.390793355646E-1,-9.710000367178E-1));
#1656=VECTOR('',#1655,2.337672572452E-2);
#1657=CARTESIAN_POINT('',(1.484549179969E1,4.555757726413E-1));
#1658=LINE('',#1657,#1656);
#1659=TRIMMED_CURVE('',#1658,(PARAMETER_VALUE(0.E0)),(PARAMETER_VALUE(1.E0)),
.T.,.UNSPECIFIED.);
#1660=COMPOSITE_CURVE_SEGMENT(.CONTINUOUS.,.T.,#1659);
#1661=DIRECTION('',(2.894601514597E-1,-9.571900650952E-1));
#1662=VECTOR('',#1661,2.372984957166E-2);
#1663=CARTESIAN_POINT('',(1.485108069175E1,4.328769711044E-1));
#1664=LINE('',#1663,#1662);
#1665=TRIMMED_CURVE('',#1664,(PARAMETER_VALUE(0.E0)),(PARAMETER_VALUE(1.E0)),
.T.,.UNSPECIFIED.);
#1666=COMPOSITE_CURVE_SEGMENT(.CONTINUOUS.,.T.,#1665);
#1667=DIRECTION('',(3.381590750233E-1,-9.410889649653E-1));
#1668=VECTOR('',#1667,2.418053048877E-2);
#1669=CARTESIAN_POINT('',(1.485794953760E1,4.101629948482E-1));
#1670=LINE('',#1669,#1668);
#1671=TRIMMED_CURVE('',#1670,(PARAMETER_VALUE(0.E0)),(PARAMETER_VALUE(1.E0)),
.T.,.UNSPECIFIED.);
#1672=COMPOSITE_CURVE_SEGMENT(.CONTINUOUS.,.T.,#1671);
#1673=DIRECTION('',(3.849396421237E-1,-9.229417489320E-1));
#1674=VECTOR('',#1673,2.472893071674E-2);
#1675=CARTESIAN_POINT('',(1.486612640342E1,3.874069644382E-1));
#1676=LINE('',#1675,#1674);
#1677=TRIMMED_CURVE('',#1676,(PARAMETER_VALUE(0.E0)),(PARAMETER_VALUE(1.E0)),
.T.,.UNSPECIFIED.);
#1678=COMPOSITE_CURVE_SEGMENT(.CONTINUOUS.,.T.,#1677);
#1679=DIRECTION('',(4.296147249496E-1,-9.030122856897E-1));
#1680=VECTOR('',#1679,2.537529513787E-2);
#1681=CARTESIAN_POINT('',(1.487564554916E1,3.645836018733E-1));
#1682=LINE('',#1681,#1680);
#1683=TRIMMED_CURVE('',#1682,(PARAMETER_VALUE(0.E0)),(PARAMETER_VALUE(1.E0)),
.T.,.UNSPECIFIED.);
#1684=COMPOSITE_CURVE_SEGMENT(.CONTINUOUS.,.T.,#1683);
#1685=DIRECTION('',(4.667024295415E-1,-8.844144064069E-1));
#1686=VECTOR('',#1685,1.933295080097E-2);
#1687=CARTESIAN_POINT('',(1.488654714960E1,3.416693986108E-1));
#1688=LINE('',#1687,#1686);
#1689=TRIMMED_CURVE('',#1688,(PARAMETER_VALUE(0.E0)),(PARAMETER_VALUE(1.E0)),
.T.,.UNSPECIFIED.);
#1690=COMPOSITE_CURVE_SEGMENT(.CONTINUOUS.,.T.,#1689);
#1691=DIRECTION('',(5.367402748339E-1,-8.437475199200E-1));
#1692=VECTOR('',#1691,2.365381822503E-2);
#1693=CARTESIAN_POINT('',(1.489556988471E1,3.245710584041E-1));
#1694=LINE('',#1693,#1692);
#1695=TRIMMED_CURVE('',#1694,(PARAMETER_VALUE(0.E0)),(PARAMETER_VALUE(1.E0)),
.T.,.UNSPECIFIED.);
#1696=COMPOSITE_CURVE_SEGMENT(.CONTINUOUS.,.T.,#1695);
#1697=DIRECTION('',(5.804365861140E-1,-8.143054522109E-1));
#1698=VECTOR('',#1697,2.351128742702E-2);
#1699=CARTESIAN_POINT('',(1.490826584161E1,3.046132079401E-1));
#1700=LINE('',#1699,#1698);
#1701=TRIMMED_CURVE('',#1700,(PARAMETER_VALUE(0.E0)),(PARAMETER_VALUE(1.E0)),
.T.,.UNSPECIFIED.);
#1702=COMPOSITE_CURVE_SEGMENT(.CONTINUOUS.,.T.,#1701);
#1703=DIRECTION('',(6.227428210480E-1,-7.824265964506E-1));
#1704=VECTOR('',#1703,2.341474700549E-2);
#1705=CARTESIAN_POINT('',(1.492191265302E1,2.854678383998E-1));
#1706=LINE('',#1705,#1704);
#1707=TRIMMED_CURVE('',#1706,(PARAMETER_VALUE(0.E0)),(PARAMETER_VALUE(1.E0)),
.T.,.UNSPECIFIED.);
#1708=COMPOSITE_CURVE_SEGMENT(.CONTINUOUS.,.T.,#1707);
#1709=DIRECTION('',(6.534282971510E-1,-7.569884150252E-1));
#1710=VECTOR('',#1709,1.168687356094E-2);
#1711=CARTESIAN_POINT('',(1.493649401862E1,2.671475175935E-1));
#1712=LINE('',#1711,#1710);
#1713=TRIMMED_CURVE('',#1712,(PARAMETER_VALUE(0.E0)),(PARAMETER_VALUE(1.E0)),
.T.,.UNSPECIFIED.);
#1714=COMPOSITE_CURVE_SEGMENT(.CONTINUOUS.,.T.,#1713);
#1715=DIRECTION('',(6.733348946310E-1,-7.393376222486E-1));
#1716=VECTOR('',#1715,1.167953599860E-2);
#1717=CARTESIAN_POINT('',(1.494413055251E1,2.583006897E-1));
#1718=LINE('',#1717,#1716);
#1719=TRIMMED_CURVE('',#1718,(PARAMETER_VALUE(0.E0)),(PARAMETER_VALUE(1.E0)),
.T.,.UNSPECIFIED.);
#1720=COMPOSITE_CURVE_SEGMENT(.CONTINUOUS.,.T.,#1719);
#1721=DIRECTION('',(7.023076574806E-1,-7.118735521454E-1));
#1722=VECTOR('',#1721,2.335481245943E-2);
#1723=CARTESIAN_POINT('',(1.495199479165E1,2.496655693258E-1));
#1724=LINE('',#1723,#1722);
#1725=TRIMMED_CURVE('',#1724,(PARAMETER_VALUE(0.E0)),(PARAMETER_VALUE(1.E0)),
.T.,.UNSPECIFIED.);
#1726=COMPOSITE_CURVE_SEGMENT(.CONTINUOUS.,.T.,#1725);
#1727=DIRECTION('',(7.391606358166E-1,-6.735291786249E-1));
#1728=VECTOR('',#1727,2.339020777053E-2);
#1729=CARTESIAN_POINT('',(1.496839705528E1,2.330398960206E-1));
#1730=LINE('',#1729,#1728);
#1731=TRIMMED_CURVE('',#1730,(PARAMETER_VALUE(0.E0)),(PARAMETER_VALUE(1.E0)),
.T.,.UNSPECIFIED.);
#1732=COMPOSITE_CURVE_SEGMENT(.CONTINUOUS.,.T.,#1731);
#1733=DIRECTION('',(7.738296805270E-1,-6.333937365774E-1));
#1734=VECTOR('',#1733,2.347163985993E-2);
#1735=CARTESIAN_POINT('',(1.498568617613E1,2.172859085931E-1));
#1736=LINE('',#1735,#1734);
#1737=TRIMMED_CURVE('',#1736,(PARAMETER_VALUE(0.E0)),(PARAMETER_VALUE(1.E0)),
.T.,.UNSPECIFIED.);
#1738=COMPOSITE_CURVE_SEGMENT(.CONTINUOUS.,.T.,#1737);
#1739=DIRECTION('',(8.061745983378E-1,-5.916777137893E-1));
#1740=VECTOR('',#1739,2.359888988331E-2);
#1741=CARTESIAN_POINT('',(1.500384922770E1,2.024191189186E-1));
#1742=LINE('',#1741,#1740);
#1743=TRIMMED_CURVE('',#1742,(PARAMETER_VALUE(0.E0)),(PARAMETER_VALUE(1.E0)),
.T.,.UNSPECIFIED.);
#1744=COMPOSITE_CURVE_SEGMENT(.CONTINUOUS.,.T.,#1743);
#1745=DIRECTION('',(8.360824171557E-1,-5.486038568249E-1));
#1746=VECTOR('',#1745,2.377164466878E-2);
#1747=CARTESIAN_POINT('',(1.502287405328E1,1.884561817045E-1));
#1748=LINE('',#1747,#1746);
#1749=TRIMMED_CURVE('',#1748,(PARAMETER_VALUE(0.E0)),(PARAMETER_VALUE(1.E0)),
.T.,.UNSPECIFIED.);
#1750=COMPOSITE_CURVE_SEGMENT(.CONTINUOUS.,.T.,#1749);
#1751=COMPOSITE_CURVE('',(#562,#568,#574,#580,#586,#592,#598,#604,#610,#616,
#622,#628,#634,#640,#646,#652,#658,#664,#670,#676,#682,#688,#694,#700,#706,#712,
#718,#724,#730,#736,#742,#748,#754,#760,#766,#772,#778,#784,#790,#796,#802,#808,
#814,#820,#826,#832,#838,#844,#850,#856,#862,#868,#874,#880,#886,#892,#898,#904,
#910,#916,#922,#928,#934,#940,#946,#952,#958,#964,#970,#976,#982,#988,#994,
#1000,#1006,#1012,#1018,#1024,#1030,#1036,#1042,#1048,#1054,#1060,#1066,#1072,
#1078,#1084,#1090,#1096,#1102,#1108,#1114,#1120,#1126,#1132,#1138,#1144,#1150,
#1156,#1162,#1168,#1174,#1180,#1186,#1192,#1198,#1204,#1210,#1216,#1222,#1228,
#1234,#1240,#1246,#1252,#1258,#1264,#1270,#1276,#1282,#1288,#1294,#1300,#1306,
#1312,#1318,#1324,#1330,#1336,#1342,#1348,#1354,#1360,#1366,#1372,#1378,#1384,
#1390,#1396,#1402,#1408,#1414,#1420,#1426,#1432,#1438,#1444,#1450,#1456,#1462,
#1468,#1474,#1480,#1486,#1492,#1498,#1504,#1510,#1516,#1522,#1528,#1534,#1540,
#1546,#1552,#1558,#1564,#1570,#1576,#1582,#1588,#1594,#1600,#1606,#1612,#1618,
#1624,#1630,#1636,#1642,#1648,#1654,#1660,#1666,#1672,#1678,#1684,#1690,#1696,
#1702,#1708,#1714,#1720,#1726,#1732,#1738,#1744,#1750),.F.);
#1752=(ANNOTATION_CURVE_OCCURRENCE()ANNOTATION_OCCURRENCE()DRAUGHTING_ANNOTATION_OCCURRENCE()GEOMETRIC_REPRESENTATION_ITEM()REPRESENTATION_ITEM('')STYLED_ITEM((
#41),#1751));
#1753=DIRECTION('',(-1.E0,0.E0));
#1754=VECTOR('',#1753,5.291666665344E-1);
#1755=CARTESIAN_POINT('',(7.713019498596E0,5.291666665344E-1));
#1756=LINE('',#1755,#1754);
#1757=TRIMMED_CURVE('',#1756,(PARAMETER_VALUE(0.E0)),(PARAMETER_VALUE(1.E0)),
.T.,.UNSPECIFIED.);
#1758=(ANNOTATION_CURVE_OCCURRENCE()ANNOTATION_OCCURRENCE()DRAUGHTING_ANNOTATION_OCCURRENCE()GEOMETRIC_REPRESENTATION_ITEM()REPRESENTATION_ITEM('')STYLED_ITEM((
#41),#1757));
#1759=DIRECTION('',(-1.E0,0.E0));
#1760=VECTOR('',#1759,4.833038328870E-1);
#1761=CARTESIAN_POINT('',(1.792945016010E1,5.362291122791E-1));
#1762=LINE('',#1761,#1760);
#1763=TRIMMED_CURVE('',#1762,(PARAMETER_VALUE(0.E0)),(PARAMETER_VALUE(1.E0)),
.T.,.UNSPECIFIED.);
#1764=(ANNOTATION_CURVE_OCCURRENCE()ANNOTATION_OCCURRENCE()DRAUGHTING_ANNOTATION_OCCURRENCE()GEOMETRIC_REPRESENTATION_ITEM()REPRESENTATION_ITEM('')STYLED_ITEM((
#41),#1763));
#1765=DIRECTION('',(-1.E0,0.E0));
#1766=VECTOR('',#1765,4.833038328870E-1);
#1767=CARTESIAN_POINT('',(4.739105416495E0,5.362291122791E-1));
#1768=LINE('',#1767,#1766);
#1769=TRIMMED_CURVE('',#1768,(PARAMETER_VALUE(0.E0)),(PARAMETER_VALUE(1.E0)),
.T.,.UNSPECIFIED.);
#1770=(ANNOTATION_CURVE_OCCURRENCE()ANNOTATION_OCCURRENCE()DRAUGHTING_ANNOTATION_OCCURRENCE()GEOMETRIC_REPRESENTATION_ITEM()REPRESENTATION_ITEM('')STYLED_ITEM((
#41),#1769));
#1771=DIRECTION('',(1.E0,0.E0));
#1772=VECTOR('',#1771,5.291666665344E-1);
#1773=CARTESIAN_POINT('',(7.183852832062E0,6.279547795739E-1));
#1774=LINE('',#1773,#1772);
#1775=TRIMMED_CURVE('',#1774,(PARAMETER_VALUE(0.E0)),(PARAMETER_VALUE(1.E0)),
.T.,.UNSPECIFIED.);
#1776=(ANNOTATION_CURVE_OCCURRENCE()ANNOTATION_OCCURRENCE()DRAUGHTING_ANNOTATION_OCCURRENCE()GEOMETRIC_REPRESENTATION_ITEM()REPRESENTATION_ITEM('')STYLED_ITEM((
#41),#1775));
#1777=DIRECTION('',(1.E0,0.E0));
#1778=VECTOR('',#1777,4.833038328870E-1);
#1779=CARTESIAN_POINT('',(4.255801583608E0,6.385269163443E-1));
#1780=LINE('',#1779,#1778);
#1781=TRIMMED_CURVE('',#1780,(PARAMETER_VALUE(0.E0)),(PARAMETER_VALUE(1.E0)),
.T.,.UNSPECIFIED.);
#1782=(ANNOTATION_CURVE_OCCURRENCE()ANNOTATION_OCCURRENCE()DRAUGHTING_ANNOTATION_OCCURRENCE()GEOMETRIC_REPRESENTATION_ITEM()REPRESENTATION_ITEM('')STYLED_ITEM((
#41),#1781));
#1783=DIRECTION('',(1.E0,0.E0));
#1784=VECTOR('',#1783,4.833038328870E-1);
#1785=CARTESIAN_POINT('',(1.744614632722E1,6.385269163443E-1));
#1786=LINE('',#1785,#1784);
#1787=TRIMMED_CURVE('',#1786,(PARAMETER_VALUE(0.E0)),(PARAMETER_VALUE(1.E0)),
.T.,.UNSPECIFIED.);
#1788=(ANNOTATION_CURVE_OCCURRENCE()ANNOTATION_OCCURRENCE()DRAUGHTING_ANNOTATION_OCCURRENCE()GEOMETRIC_REPRESENTATION_ITEM()REPRESENTATION_ITEM('')STYLED_ITEM((
#41),#1787));
#1789=DIRECTION('',(0.E0,-1.E0));
#1790=VECTOR('',#1789,1.022978040651E-1);
#1791=CARTESIAN_POINT('',(4.739105416495E0,6.385269163443E-1));
#1792=LINE('',#1791,#1790);
#1793=TRIMMED_CURVE('',#1792,(PARAMETER_VALUE(0.E0)),(PARAMETER_VALUE(1.E0)),
.T.,.UNSPECIFIED.);
#1794=(ANNOTATION_CURVE_OCCURRENCE()ANNOTATION_OCCURRENCE()DRAUGHTING_ANNOTATION_OCCURRENCE()GEOMETRIC_REPRESENTATION_ITEM()REPRESENTATION_ITEM('')STYLED_ITEM((
#41),#1793));
#1795=DIRECTION('',(0.E0,-1.E0));
#1796=VECTOR('',#1795,1.022978040651E-1);
#1797=CARTESIAN_POINT('',(4.739105416495E0,1.269948323250E-1));
#1798=LINE('',#1797,#1796);
#1799=TRIMMED_CURVE('',#1798,(PARAMETER_VALUE(0.E0)),(PARAMETER_VALUE(1.E0)),
.T.,.UNSPECIFIED.);
#1800=(ANNOTATION_CURVE_OCCURRENCE()ANNOTATION_OCCURRENCE()DRAUGHTING_ANNOTATION_OCCURRENCE()GEOMETRIC_REPRESENTATION_ITEM()REPRESENTATION_ITEM('')STYLED_ITEM((
#41),#1799));
#1801=DIRECTION('',(0.E0,-1.E0));
#1802=VECTOR('',#1801,9.876658119275E-2);
#1803=CARTESIAN_POINT('',(4.742615107520E0,1.061864555941E0));
#1804=LINE('',#1803,#1802);
#1805=TRIMMED_CURVE('',#1804,(PARAMETER_VALUE(0.E0)),(PARAMETER_VALUE(1.E0)),
.T.,.UNSPECIFIED.);
#1806=(ANNOTATION_CURVE_OCCURRENCE()ANNOTATION_OCCURRENCE()DRAUGHTING_ANNOTATION_OCCURRENCE()GEOMETRIC_REPRESENTATION_ITEM()REPRESENTATION_ITEM('')STYLED_ITEM((
#41),#1805));
#1807=DIRECTION('',(-2.007479730635E-1,-9.796429203087E-1));
#1808=VECTOR('',#1807,1.317987570333E0);
#1809=CARTESIAN_POINT('',(5.225940472254E0,8.554861108972E0));
#1810=LINE('',#1809,#1808);
#1811=TRIMMED_CURVE('',#1810,(PARAMETER_VALUE(0.E0)),(PARAMETER_VALUE(1.E0)),
.T.,.UNSPECIFIED.);
#1812=COMPOSITE_CURVE_SEGMENT(.CONTINUOUS.,.T.,#1811);
#1813=DIRECTION('',(-9.999990468940E-1,-1.380656011673E-3));
#1814=VECTOR('',#1813,2.557641325953E0);
#1815=CARTESIAN_POINT('',(4.961357138987E0,7.263703916641E0));
#1816=LINE('',#1815,#1814);
#1817=TRIMMED_CURVE('',#1816,(PARAMETER_VALUE(0.E0)),(PARAMETER_VALUE(1.E0)),
.T.,.UNSPECIFIED.);
#1818=COMPOSITE_CURVE_SEGMENT(.CONTINUOUS.,.T.,#1817);
#1819=DIRECTION('',(-2.015542693248E-1,-9.794773486492E-1));
#1820=VECTOR('',#1819,9.976762971995E-1);
#1821=CARTESIAN_POINT('',(2.403718250738E0,7.260172693769E0));
#1822=LINE('',#1821,#1820);
#1823=TRIMMED_CURVE('',#1822,(PARAMETER_VALUE(0.E0)),(PARAMETER_VALUE(1.E0)),
.T.,.UNSPECIFIED.);
#1824=COMPOSITE_CURVE_SEGMENT(.CONTINUOUS.,.T.,#1823);
#1825=DIRECTION('',(1.E0,0.E0));
#1826=VECTOR('',#1825,2.176632859428E0);
#1827=CARTESIAN_POINT('',(2.202632333633E0,6.282971359378E0));
#1828=LINE('',#1827,#1826);
#1829=TRIMMED_CURVE('',#1828,(PARAMETER_VALUE(0.E0)),(PARAMETER_VALUE(1.E0)),
.T.,.UNSPECIFIED.);
#1830=COMPOSITE_CURVE_SEGMENT(.CONTINUOUS.,.T.,#1829);
#1831=DIRECTION('',(-1.597581256919E-1,-9.871561888959E-1));
#1832=VECTOR('',#1831,9.836660852902E-2);
#1833=CARTESIAN_POINT('',(4.379265193060E0,6.282971359378E0));
#1834=LINE('',#1833,#1832);
#1835=TRIMMED_CURVE('',#1834,(PARAMETER_VALUE(0.E0)),(PARAMETER_VALUE(1.E0)),
.T.,.UNSPECIFIED.);
#1836=COMPOSITE_CURVE_SEGMENT(.CONTINUOUS.,.T.,#1835);
#1837=DIRECTION('',(-1.841169012681E-1,-9.829043527564E-1));
#1838=VECTOR('',#1837,2.724667595511E-1);
#1839=CARTESIAN_POINT('',(4.363550328051E0,6.185868152987E0));
#1840=LINE('',#1839,#1838);
#1841=TRIMMED_CURVE('',#1840,(PARAMETER_VALUE(0.E0)),(PARAMETER_VALUE(1.E0)),
.T.,.UNSPECIFIED.);
#1842=COMPOSITE_CURVE_SEGMENT(.CONTINUOUS.,.T.,#1841);
#1843=DIRECTION('',(-1.954380733051E-1,-9.807160442772E-1));
#1844=VECTOR('',#1843,2.050799542529E-1);
#1845=CARTESIAN_POINT('',(4.313384592584E0,5.918059389043E0));
#1846=LINE('',#1845,#1844);
#1847=TRIMMED_CURVE('',#1846,(PARAMETER_VALUE(0.E0)),(PARAMETER_VALUE(1.E0)),
.T.,.UNSPECIFIED.);
#1848=COMPOSITE_CURVE_SEGMENT(.CONTINUOUS.,.T.,#1847);
#1849=DIRECTION('',(-2.063048121336E-1,-9.784877743184E-1));
#1850=VECTOR('',#1849,3.278818769829E-1);
#1851=CARTESIAN_POINT('',(4.273304161451E0,5.716934187548E0));
#1852=LINE('',#1851,#1850);
#1853=TRIMMED_CURVE('',#1852,(PARAMETER_VALUE(0.E0)),(PARAMETER_VALUE(1.E0)),
.T.,.UNSPECIFIED.);
#1854=COMPOSITE_CURVE_SEGMENT(.CONTINUOUS.,.T.,#1853);
#1855=DIRECTION('',(-2.240244104879E-1,-9.745835333647E-1));
#1856=VECTOR('',#1855,2.173295707028E-1);
#1857=CARTESIAN_POINT('',(4.205660552418E0,5.396105779499E0));
#1858=LINE('',#1857,#1856);
#1859=TRIMMED_CURVE('',#1858,(PARAMETER_VALUE(0.E0)),(PARAMETER_VALUE(1.E0)),
.T.,.UNSPECIFIED.);
#1860=COMPOSITE_CURVE_SEGMENT(.CONTINUOUS.,.T.,#1859);
#1861=DIRECTION('',(-2.524512457968E-1,-9.676096157520E-1));
#1862=VECTOR('',#1861,1.206945510598E-1);
#1863=CARTESIAN_POINT('',(4.156973423460E0,5.184299958579E0));
#1864=LINE('',#1863,#1862);
#1865=TRIMMED_CURVE('',#1864,(PARAMETER_VALUE(0.E0)),(PARAMETER_VALUE(1.E0)),
.T.,.UNSPECIFIED.);
#1866=COMPOSITE_CURVE_SEGMENT(.CONTINUOUS.,.T.,#1865);
#1867=DIRECTION('',(-3.058703979644E-1,-9.520731587694E-1));
#1868=VECTOR('',#1867,5.608657641182E-2);
#1869=CARTESIAN_POINT('',(4.126503933684E0,5.067514750405E0));
#1870=LINE('',#1869,#1868);
#1871=TRIMMED_CURVE('',#1870,(PARAMETER_VALUE(0.E0)),(PARAMETER_VALUE(1.E0)),
.T.,.UNSPECIFIED.);
#1872=COMPOSITE_CURVE_SEGMENT(.CONTINUOUS.,.T.,#1871);
#1873=DIRECTION('',(-4.233010412041E-1,-9.059890885190E-1));
#1874=VECTOR('',#1873,2.071861212811E-2);
#1875=CARTESIAN_POINT('',(4.109348710237E0,5.014116226436E0));
#1876=LINE('',#1875,#1874);
#1877=TRIMMED_CURVE('',#1876,(PARAMETER_VALUE(0.E0)),(PARAMETER_VALUE(1.E0)),
.T.,.UNSPECIFIED.);
#1878=COMPOSITE_CURVE_SEGMENT(.CONTINUOUS.,.T.,#1877);
#1879=DIRECTION('',(-9.999947018935E-1,-3.255178164594E-3));
#1880=VECTOR('',#1879,2.169603440320E0);
#1881=CARTESIAN_POINT('',(4.100578500151E0,4.995345389919E0));
#1882=LINE('',#1881,#1880);
#1883=TRIMMED_CURVE('',#1882,(PARAMETER_VALUE(0.E0)),(PARAMETER_VALUE(1.E0)),
.T.,.UNSPECIFIED.);
#1884=COMPOSITE_CURVE_SEGMENT(.CONTINUOUS.,.T.,#1883);
#1885=DIRECTION('',(-2.032688230411E-1,-9.791229675477E-1));
#1886=VECTOR('',#1885,1.041271606282E0);
#1887=CARTESIAN_POINT('',(1.930986554621E0,4.988282944174E0));
#1888=LINE('',#1887,#1886);
#1889=TRIMMED_CURVE('',#1888,(PARAMETER_VALUE(0.E0)),(PARAMETER_VALUE(1.E0)),
.T.,.UNSPECIFIED.);
#1890=COMPOSITE_CURVE_SEGMENT(.CONTINUOUS.,.T.,#1889);
#1891=DIRECTION('',(9.999990335974E-1,-1.390253310416E-3));
#1892=VECTOR('',#1891,2.539985228536E0);
#1893=CARTESIAN_POINT('',(1.719328500746E0,3.968749999008E0));
#1894=LINE('',#1893,#1892);
#1895=TRIMMED_CURVE('',#1894,(PARAMETER_VALUE(0.E0)),(PARAMETER_VALUE(1.E0)),
.T.,.UNSPECIFIED.);
#1896=COMPOSITE_CURVE_SEGMENT(.CONTINUOUS.,.T.,#1895);
#1897=DIRECTION('',(-5.761425166394E-2,-9.983389194082E-1));
#1898=VECTOR('',#1897,3.619305871664E-2);
#1899=CARTESIAN_POINT('',(4.259311274633E0,3.965218776135E0));
#1900=LINE('',#1899,#1898);
#1901=TRIMMED_CURVE('',#1900,(PARAMETER_VALUE(0.E0)),(PARAMETER_VALUE(1.E0)),
.T.,.UNSPECIFIED.);
#1902=COMPOSITE_CURVE_SEGMENT(.CONTINUOUS.,.T.,#1901);
#1903=DIRECTION('',(-1.335705353781E-1,-9.910393090482E-1));
#1904=VECTOR('',#1903,9.062919300942E-2);
#1905=CARTESIAN_POINT('',(4.257226038640E0,3.929085837006E0));
#1906=LINE('',#1905,#1904);
#1907=TRIMMED_CURVE('',#1906,(PARAMETER_VALUE(0.E0)),(PARAMETER_VALUE(1.E0)),
.T.,.UNSPECIFIED.);
#1908=COMPOSITE_CURVE_SEGMENT(.CONTINUOUS.,.T.,#1907);
#1909=DIRECTION('',(-1.698703284811E-1,-9.854664233254E-1));
#1910=VECTOR('',#1909,1.792152255804E-1);
#1911=CARTESIAN_POINT('',(4.245120648809E0,3.839268744187E0));
#1912=LINE('',#1911,#1910);
#1913=TRIMMED_CURVE('',#1912,(PARAMETER_VALUE(0.E0)),(PARAMETER_VALUE(1.E0)),
.T.,.UNSPECIFIED.);
#1914=COMPOSITE_CURVE_SEGMENT(.CONTINUOUS.,.T.,#1913);
#1915=DIRECTION('',(-1.917527283300E-1,-9.814432694649E-1));
#1916=VECTOR('',#1915,2.833794953336E-1);
#1917=CARTESIAN_POINT('',(4.214677299571E0,3.662658156828E0));
#1918=LINE('',#1917,#1916);
#1919=TRIMMED_CURVE('',#1918,(PARAMETER_VALUE(0.E0)),(PARAMETER_VALUE(1.E0)),
.T.,.UNSPECIFIED.);
#1920=COMPOSITE_CURVE_SEGMENT(.CONTINUOUS.,.T.,#1919);
#1921=DIRECTION('',(-2.080073163980E-1,-9.781272700037E-1));
#1922=VECTOR('',#1921,2.718425705514E-1);
#1923=CARTESIAN_POINT('',(4.160338508188E0,3.384537258429E0));
#1924=LINE('',#1923,#1922);
#1925=TRIMMED_CURVE('',#1924,(PARAMETER_VALUE(0.E0)),(PARAMETER_VALUE(1.E0)),
.T.,.UNSPECIFIED.);
#1926=COMPOSITE_CURVE_SEGMENT(.CONTINUOUS.,.T.,#1925);
#1927=DIRECTION('',(-2.253655445832E-1,-9.742742793047E-1));
#1928=VECTOR('',#1927,2.360684657151E-1);
#1929=CARTESIAN_POINT('',(4.103793264605E0,3.118640627025E0));
#1930=LINE('',#1929,#1928);
#1931=TRIMMED_CURVE('',#1930,(PARAMETER_VALUE(0.E0)),(PARAMETER_VALUE(1.E0)),
.T.,.UNSPECIFIED.);
#1932=COMPOSITE_CURVE_SEGMENT(.CONTINUOUS.,.T.,#1931);
#1933=DIRECTION('',(-2.516939450325E-1,-9.678068805469E-1));
#1934=VECTOR('',#1933,1.363921647056E-1);
#1935=CARTESIAN_POINT('',(4.050591566270E0,2.888645192723E0));
#1936=LINE('',#1935,#1934);
#1937=TRIMMED_CURVE('',#1936,(PARAMETER_VALUE(0.E0)),(PARAMETER_VALUE(1.E0)),
.T.,.UNSPECIFIED.);
#1938=COMPOSITE_CURVE_SEGMENT(.CONTINUOUS.,.T.,#1937);
#1939=DIRECTION('',(-2.989404651207E-1,-9.542717633428E-1));
#1940=VECTOR('',#1939,6.402339583747E-2);
#1941=CARTESIAN_POINT('',(4.016262484264E0,2.756643917269E0));
#1942=LINE('',#1941,#1940);
#1943=TRIMMED_CURVE('',#1942,(PARAMETER_VALUE(0.E0)),(PARAMETER_VALUE(1.E0)),
.T.,.UNSPECIFIED.);
#1944=COMPOSITE_CURVE_SEGMENT(.CONTINUOUS.,.T.,#1943);
#1945=DIRECTION('',(-4.021017104030E-1,-9.155950057154E-1));
#1946=VECTOR('',#1945,2.346737857827E-2);
#1947=CARTESIAN_POINT('',(3.997123300533E0,2.695548198428E0));
#1948=LINE('',#1947,#1946);
#1949=TRIMMED_CURVE('',#1948,(PARAMETER_VALUE(0.E0)),(PARAMETER_VALUE(1.E0)),
.T.,.UNSPECIFIED.);
#1950=COMPOSITE_CURVE_SEGMENT(.CONTINUOUS.,.T.,#1949);
#1951=DIRECTION('',(-9.999996076609E-1,-8.858205761954E-4));
#1952=VECTOR('',#1951,3.986386145538E0);
#1953=CARTESIAN_POINT('',(3.987687027468E0,2.674061583804E0));
#1954=LINE('',#1953,#1952);
#1955=TRIMMED_CURVE('',#1954,(PARAMETER_VALUE(0.E0)),(PARAMETER_VALUE(1.E0)),
.T.,.UNSPECIFIED.);
#1956=COMPOSITE_CURVE_SEGMENT(.CONTINUOUS.,.T.,#1955);
#1957=DIRECTION('',(1.813599470768E-1,9.834167832594E-1));
#1958=VECTOR('',#1957,2.549108067656E-1);
#1959=CARTESIAN_POINT('',(1.302445945333E-3,2.670530360932E0));
#1960=LINE('',#1959,#1958);
#1961=TRIMMED_CURVE('',#1960,(PARAMETER_VALUE(0.E0)),(PARAMETER_VALUE(1.E0)),
.T.,.UNSPECIFIED.);
#1962=COMPOSITE_CURVE_SEGMENT(.CONTINUOUS.,.T.,#1961);
#1963=DIRECTION('',(2.000084893305E-1,9.797941641976E-1));
#1964=VECTOR('',#1963,3.047084381214E-1);
#1965=CARTESIAN_POINT('',(4.753305636964E-2,2.921213926539E0));
#1966=LINE('',#1965,#1964);
#1967=TRIMMED_CURVE('',#1966,(PARAMETER_VALUE(0.E0)),(PARAMETER_VALUE(1.E0)),
.T.,.UNSPECIFIED.);
#1968=COMPOSITE_CURVE_SEGMENT(.CONTINUOUS.,.T.,#1967);
#1969=DIRECTION('',(2.113993340841E-1,9.773997757053E-1));
#1970=VECTOR('',#1969,4.215897408614E-1);
#1971=CARTESIAN_POINT('',(1.084773307646E-1,3.219765475992E0));
#1972=LINE('',#1971,#1970);
#1973=TRIMMED_CURVE('',#1972,(PARAMETER_VALUE(0.E0)),(PARAMETER_VALUE(1.E0)),
.T.,.UNSPECIFIED.);
#1974=COMPOSITE_CURVE_SEGMENT(.CONTINUOUS.,.T.,#1973);
#1975=DIRECTION('',(2.109815713478E-1,9.774900391061E-1));
#1976=VECTOR('',#1975,2.124983684193E-1);
#1977=CARTESIAN_POINT('',(1.976011212394E-1,3.631827194150E0));
#1978=LINE('',#1977,#1976);
#1979=TRIMMED_CURVE('',#1978,(PARAMETER_VALUE(0.E0)),(PARAMETER_VALUE(1.E0)),
.T.,.UNSPECIFIED.);
#1980=COMPOSITE_CURVE_SEGMENT(.CONTINUOUS.,.T.,#1979);
#1981=DIRECTION('',(2.018453487583E-1,9.794174060045E-1));
#1982=VECTOR('',#1981,3.084133797523E-1);
#1983=CARTESIAN_POINT('',(2.424343609173E-1,3.839542232606E0));
#1984=LINE('',#1983,#1982);
#1985=TRIMMED_CURVE('',#1984,(PARAMETER_VALUE(0.E0)),(PARAMETER_VALUE(1.E0)),
.T.,.UNSPECIFIED.);
#1986=COMPOSITE_CURVE_SEGMENT(.CONTINUOUS.,.T.,#1985);
#1987=DIRECTION('',(1.991657805044E-1,9.799658115853E-1));
#1988=VECTOR('',#1987,7.631569884129E-1);
#1989=CARTESIAN_POINT('',(3.046861671152E-1,4.141607664980E0));
#1990=LINE('',#1989,#1988);
#1991=TRIMMED_CURVE('',#1990,(PARAMETER_VALUE(0.E0)),(PARAMETER_VALUE(1.E0)),
.T.,.UNSPECIFIED.);
#1992=COMPOSITE_CURVE_SEGMENT(.CONTINUOUS.,.T.,#1991);
#1993=DIRECTION('',(2.002143299686E-1,9.797521227715E-1));
#1994=VECTOR('',#1993,6.620869481808E-1);
#1995=CARTESIAN_POINT('',(4.566809243598E-1,4.889475422497E0));
#1996=LINE('',#1995,#1994);
#1997=TRIMMED_CURVE('',#1996,(PARAMETER_VALUE(0.E0)),(PARAMETER_VALUE(1.E0)),
.T.,.UNSPECIFIED.);
#1998=COMPOSITE_CURVE_SEGMENT(.CONTINUOUS.,.T.,#1997);
#1999=DIRECTION('',(2.025630286190E-1,9.792692272489E-1));
#2000=VECTOR('',#1999,1.185813342736E0);
#2001=CARTESIAN_POINT('',(5.892402190708E-1,5.538156515437E0));
#2002=LINE('',#2001,#2000);
#2003=TRIMMED_CURVE('',#2002,(PARAMETER_VALUE(0.E0)),(PARAMETER_VALUE(1.E0)),
.T.,.UNSPECIFIED.);
#2004=COMPOSITE_CURVE_SEGMENT(.CONTINUOUS.,.T.,#2003);
#2005=DIRECTION('',(2.070625993825E-1,9.783276955790E-1));
#2006=VECTOR('',#2005,8.448303426952E-1);
#2007=CARTESIAN_POINT('',(8.294421611522E-1,6.699387031239E0));
#2008=LINE('',#2007,#2006);
#2009=TRIMMED_CURVE('',#2008,(PARAMETER_VALUE(0.E0)),(PARAMETER_VALUE(1.E0)),
.T.,.UNSPECIFIED.);
#2010=COMPOSITE_CURVE_SEGMENT(.CONTINUOUS.,.T.,#2009);
#2011=DIRECTION('',(2.140978272652E-1,9.768122236952E-1));
#2012=VECTOR('',#2011,5.328782661523E-1);
#2013=CARTESIAN_POINT('',(1.004374927948E0,7.525907953564E0));
#2014=LINE('',#2013,#2012);
#2015=TRIMMED_CURVE('',#2014,(PARAMETER_VALUE(0.E0)),(PARAMETER_VALUE(1.E0)),
.T.,.UNSPECIFIED.);
#2016=COMPOSITE_CURVE_SEGMENT(.CONTINUOUS.,.T.,#2015);
#2017=DIRECTION('',(2.259101155715E-1,9.741481507874E-1));
#2018=VECTOR('',#2017,2.996977832903E-1);
#2019=CARTESIAN_POINT('',(1.118463006928E0,8.046429957683E0));
#2020=LINE('',#2019,#2018);
#2021=TRIMMED_CURVE('',#2020,(PARAMETER_VALUE(0.E0)),(PARAMETER_VALUE(1.E0)),
.T.,.UNSPECIFIED.);
#2022=COMPOSITE_CURVE_SEGMENT(.CONTINUOUS.,.T.,#2021);
#2023=DIRECTION('',(2.477799650947E-1,9.688163339342E-1));
#2024=VECTOR('',#2023,1.461925098068E-1);
#2025=CARTESIAN_POINT('',(1.186167767788E0,8.338379999070E0));
#2026=LINE('',#2025,#2024);
#2027=TRIMMED_CURVE('',#2026,(PARAMETER_VALUE(0.E0)),(PARAMETER_VALUE(1.E0)),
.T.,.UNSPECIFIED.);
#2028=COMPOSITE_CURVE_SEGMENT(.CONTINUOUS.,.T.,#2027);
#2029=DIRECTION('',(2.940813333225E-1,9.557803980995E-1));
#2030=VECTOR('',#2029,5.829691997660E-2);
#2031=CARTESIAN_POINT('',(1.222391342765E0,8.480013690470E0));
#2032=LINE('',#2031,#2030);
#2033=TRIMMED_CURVE('',#2032,(PARAMETER_VALUE(0.E0)),(PARAMETER_VALUE(1.E0)),
.T.,.UNSPECIFIED.);
#2034=COMPOSITE_CURVE_SEGMENT(.CONTINUOUS.,.T.,#2033);
#2035=DIRECTION('',(4.124381957666E-1,9.109855842289E-1));
#2036=VECTOR('',#2035,1.712117350385E-2);
#2037=CARTESIAN_POINT('',(1.239535378720E0,8.535732743853E0));
#2038=LINE('',#2037,#2036);
#2039=TRIMMED_CURVE('',#2038,(PARAMETER_VALUE(0.E0)),(PARAMETER_VALUE(1.E0)),
.T.,.UNSPECIFIED.);
#2040=COMPOSITE_CURVE_SEGMENT(.CONTINUOUS.,.T.,#2039);
#2041=DIRECTION('',(9.999996062713E-1,8.873879154405E-4));
#2042=VECTOR('',#2041,3.979345234408E0);
#2043=CARTESIAN_POINT('',(1.246596804629E0,8.551329886100E0));
#2044=LINE('',#2043,#2042);
#2045=TRIMMED_CURVE('',#2044,(PARAMETER_VALUE(0.E0)),(PARAMETER_VALUE(1.E0)),
.T.,.UNSPECIFIED.);
#2046=COMPOSITE_CURVE_SEGMENT(.CONTINUOUS.,.T.,#2045);
#2047=COMPOSITE_CURVE('',(#1812,#1818,#1824,#1830,#1836,#1842,#1848,#1854,#1860,
#1866,#1872,#1878,#1884,#1890,#1896,#1902,#1908,#1914,#1920,#1926,#1932,#1938,
#1944,#1950,#1956,#1962,#1968,#1974,#1980,#1986,#1992,#1998,#2004,#2010,#2016,
#2022,#2028,#2034,#2040,#2046),.F.);
#2048=(ANNOTATION_CURVE_OCCURRENCE()ANNOTATION_OCCURRENCE()DRAUGHTING_ANNOTATION_OCCURRENCE()GEOMETRIC_REPRESENTATION_ITEM()REPRESENTATION_ITEM('')STYLED_ITEM((
#41),#2047));
#2049=DIRECTION('',(-1.E0,0.E0));
#2050=VECTOR('',#2049,4.868350557594E-1);
#2051=CARTESIAN_POINT('',(1.793298138298E1,9.630979747484E-1));
#2052=LINE('',#2051,#2050);
#2053=TRIMMED_CURVE('',#2052,(PARAMETER_VALUE(0.E0)),(PARAMETER_VALUE(1.E0)),
.T.,.UNSPECIFIED.);
#2054=(ANNOTATION_CURVE_OCCURRENCE()ANNOTATION_OCCURRENCE()DRAUGHTING_ANNOTATION_OCCURRENCE()GEOMETRIC_REPRESENTATION_ITEM()REPRESENTATION_ITEM('')STYLED_ITEM((
#41),#2053));
#2055=DIRECTION('',(-1.E0,0.E0));
#2056=VECTOR('',#2055,4.868135239126E-1);
#2057=CARTESIAN_POINT('',(4.742615107520E0,9.630979747484E-1));
#2058=LINE('',#2057,#2056);
#2059=TRIMMED_CURVE('',#2058,(PARAMETER_VALUE(0.E0)),(PARAMETER_VALUE(1.E0)),
.T.,.UNSPECIFIED.);
#2060=(ANNOTATION_CURVE_OCCURRENCE()ANNOTATION_OCCURRENCE()DRAUGHTING_ANNOTATION_OCCURRENCE()GEOMETRIC_REPRESENTATION_ITEM()REPRESENTATION_ITEM('')STYLED_ITEM((
#41),#2059));
#2061=DIRECTION('',(-1.E0,0.E0));
#2062=VECTOR('',#2061,2.328238592626E-1);
#2063=CARTESIAN_POINT('',(3.507892885607E0,9.630979747484E-1));
#2064=LINE('',#2063,#2062);
#2065=TRIMMED_CURVE('',#2064,(PARAMETER_VALUE(0.E0)),(PARAMETER_VALUE(1.E0)),
.T.,.UNSPECIFIED.);
#2066=(ANNOTATION_CURVE_OCCURRENCE()ANNOTATION_OCCURRENCE()DRAUGHTING_ANNOTATION_OCCURRENCE()GEOMETRIC_REPRESENTATION_ITEM()REPRESENTATION_ITEM('')STYLED_ITEM((
#41),#2065));
#2067=DIRECTION('',(-1.E0,0.E0));
#2068=VECTOR('',#2067,2.328453911093E-1);
#2069=CARTESIAN_POINT('',(3.172771222279E0,9.630979747484E-1));
#2070=LINE('',#2069,#2068);
#2071=TRIMMED_CURVE('',#2070,(PARAMETER_VALUE(0.E0)),(PARAMETER_VALUE(1.E0)),
.T.,.UNSPECIFIED.);
#2072=(ANNOTATION_CURVE_OCCURRENCE()ANNOTATION_OCCURRENCE()DRAUGHTING_ANNOTATION_OCCURRENCE()GEOMETRIC_REPRESENTATION_ITEM()REPRESENTATION_ITEM('')STYLED_ITEM((
#41),#2071));
#2073=DIRECTION('',(1.E0,0.E0));
#2074=VECTOR('',#2073,5.679670544370E-1);
#2075=CARTESIAN_POINT('',(2.939925831170E0,1.061864555941E0));
#2076=LINE('',#2075,#2074);
#2077=TRIMMED_CURVE('',#2076,(PARAMETER_VALUE(0.E0)),(PARAMETER_VALUE(1.E0)),
.T.,.UNSPECIFIED.);
#2078=(ANNOTATION_CURVE_OCCURRENCE()ANNOTATION_OCCURRENCE()DRAUGHTING_ANNOTATION_OCCURRENCE()GEOMETRIC_REPRESENTATION_ITEM()REPRESENTATION_ITEM('')STYLED_ITEM((
#41),#2077));
#2079=DIRECTION('',(1.E0,0.E0));
#2080=VECTOR('',#2079,5.926640826969E-1);
#2081=CARTESIAN_POINT('',(4.149951024824E0,1.061864555941E0));
#2082=LINE('',#2081,#2080);
#2083=TRIMMED_CURVE('',#2082,(PARAMETER_VALUE(0.E0)),(PARAMETER_VALUE(1.E0)),
.T.,.UNSPECIFIED.);
#2084=(ANNOTATION_CURVE_OCCURRENCE()ANNOTATION_OCCURRENCE()DRAUGHTING_ANNOTATION_OCCURRENCE()GEOMETRIC_REPRESENTATION_ITEM()REPRESENTATION_ITEM('')STYLED_ITEM((
#41),#2083));
#2085=DIRECTION('',(1.E0,0.E0));
#2086=VECTOR('',#2085,1.058290269375E-1);
#2087=CARTESIAN_POINT('',(7.078023805125E0,1.061864555941E0));
#2088=LINE('',#2087,#2086);
#2089=TRIMMED_CURVE('',#2088,(PARAMETER_VALUE(0.E0)),(PARAMETER_VALUE(1.E0)),
.T.,.UNSPECIFIED.);
#2090=(ANNOTATION_CURVE_OCCURRENCE()ANNOTATION_OCCURRENCE()DRAUGHTING_ANNOTATION_OCCURRENCE()GEOMETRIC_REPRESENTATION_ITEM()REPRESENTATION_ITEM('')STYLED_ITEM((
#41),#2089));
#2091=DIRECTION('',(1.E0,0.E0));
#2092=VECTOR('',#2091,1.022978040651E-1);
#2093=CARTESIAN_POINT('',(7.713019498596E0,1.061864555941E0));
#2094=LINE('',#2093,#2092);
#2095=TRIMMED_CURVE('',#2094,(PARAMETER_VALUE(0.E0)),(PARAMETER_VALUE(1.E0)),
.T.,.UNSPECIFIED.);
#2096=(ANNOTATION_CURVE_OCCURRENCE()ANNOTATION_OCCURRENCE()DRAUGHTING_ANNOTATION_OCCURRENCE()GEOMETRIC_REPRESENTATION_ITEM()REPRESENTATION_ITEM('')STYLED_ITEM((
#41),#2095));
#2097=DIRECTION('',(1.E0,0.E0));
#2098=VECTOR('',#2097,2.116580538751E-2);
#2099=CARTESIAN_POINT('',(8.559673245943E0,1.061864555941E0));
#2100=LINE('',#2099,#2098);
#2101=TRIMMED_CURVE('',#2100,(PARAMETER_VALUE(0.E0)),(PARAMETER_VALUE(1.E0)),
.T.,.UNSPECIFIED.);
#2102=(ANNOTATION_CURVE_OCCURRENCE()ANNOTATION_OCCURRENCE()DRAUGHTING_ANNOTATION_OCCURRENCE()GEOMETRIC_REPRESENTATION_ITEM()REPRESENTATION_ITEM('')STYLED_ITEM((
#41),#2101));
#2103=DIRECTION('',(1.E0,0.E0));
#2104=VECTOR('',#2103,1.058290269375E-1);
#2105=CARTESIAN_POINT('',(9.272291247067E0,1.061864555941E0));
#2106=LINE('',#2105,#2104);
#2107=TRIMMED_CURVE('',#2106,(PARAMETER_VALUE(0.E0)),(PARAMETER_VALUE(1.E0)),
.T.,.UNSPECIFIED.);
#2108=(ANNOTATION_CURVE_OCCURRENCE()ANNOTATION_OCCURRENCE()DRAUGHTING_ANNOTATION_OCCURRENCE()GEOMETRIC_REPRESENTATION_ITEM()REPRESENTATION_ITEM('')STYLED_ITEM((
#41),#2107));
#2109=DIRECTION('',(1.E0,0.E0));
#2110=VECTOR('',#2109,1.058505587843E-1);
#2111=CARTESIAN_POINT('',(1.186519930035E1,1.061864555941E0));
#2112=LINE('',#2111,#2110);
#2113=TRIMMED_CURVE('',#2112,(PARAMETER_VALUE(0.E0)),(PARAMETER_VALUE(1.E0)),
.T.,.UNSPECIFIED.);
#2114=(ANNOTATION_CURVE_OCCURRENCE()ANNOTATION_OCCURRENCE()DRAUGHTING_ANNOTATION_OCCURRENCE()GEOMETRIC_REPRESENTATION_ITEM()REPRESENTATION_ITEM('')STYLED_ITEM((
#41),#2113));
#2115=DIRECTION('',(1.E0,0.E0));
#2116=VECTOR('',#2115,1.022978040651E-1);
#2117=CARTESIAN_POINT('',(1.650776691258E1,1.061864555941E0));
#2118=LINE('',#2117,#2116);
#2119=TRIMMED_CURVE('',#2118,(PARAMETER_VALUE(0.E0)),(PARAMETER_VALUE(1.E0)),
.T.,.UNSPECIFIED.);
#2120=(ANNOTATION_CURVE_OCCURRENCE()ANNOTATION_OCCURRENCE()DRAUGHTING_ANNOTATION_OCCURRENCE()GEOMETRIC_REPRESENTATION_ITEM()REPRESENTATION_ITEM('')STYLED_ITEM((
#41),#2119));
#2121=DIRECTION('',(1.E0,0.E0));
#2122=VECTOR('',#2121,5.926640826969E-1);
#2123=CARTESIAN_POINT('',(1.734031730028E1,1.061864555941E0));
#2124=LINE('',#2123,#2122);
#2125=TRIMMED_CURVE('',#2124,(PARAMETER_VALUE(0.E0)),(PARAMETER_VALUE(1.E0)),
.T.,.UNSPECIFIED.);
#2126=(ANNOTATION_CURVE_OCCURRENCE()ANNOTATION_OCCURRENCE()DRAUGHTING_ANNOTATION_OCCURRENCE()GEOMETRIC_REPRESENTATION_ITEM()REPRESENTATION_ITEM('')STYLED_ITEM((
#41),#2125));
#2127=DIRECTION('',(-9.813977642438E-1,-1.919854899134E-1));
#2128=VECTOR('',#2127,2.296193514954E-2);
#2129=CARTESIAN_POINT('',(5.843992109447E0,9.809533234907E-1));
#2130=LINE('',#2129,#2128);
#2131=TRIMMED_CURVE('',#2130,(PARAMETER_VALUE(0.E0)),(PARAMETER_VALUE(1.E0)),
.T.,.UNSPECIFIED.);
#2132=COMPOSITE_CURVE_SEGMENT(.CONTINUOUS.,.T.,#2131);
#2133=DIRECTION('',(-9.701416489318E-1,-2.425390298651E-1));
#2134=VECTOR('',#2133,2.255413347291E-2);
#2135=CARTESIAN_POINT('',(5.821457317629E0,9.765449651217E-1));
#2136=LINE('',#2135,#2134);
#2137=TRIMMED_CURVE('',#2136,(PARAMETER_VALUE(0.E0)),(PARAMETER_VALUE(1.E0)),
.T.,.UNSPECIFIED.);
#2138=COMPOSITE_CURVE_SEGMENT(.CONTINUOUS.,.T.,#2137);
#2139=DIRECTION('',(-9.560127585493E-1,-2.933250850012E-1));
#2140=VECTOR('',#2139,2.224614446868E-2);
#2141=CARTESIAN_POINT('',(5.799576613391E0,9.710747074697E-1));
#2142=LINE('',#2141,#2140);
#2143=TRIMMED_CURVE('',#2142,(PARAMETER_VALUE(0.E0)),(PARAMETER_VALUE(1.E0)),
.T.,.UNSPECIFIED.);
#2144=COMPOSITE_CURVE_SEGMENT(.CONTINUOUS.,.T.,#2143);
#2145=DIRECTION('',(-9.389823273880E-1,-3.439653890336E-1));
#2146=VECTOR('',#2145,2.203736262409E-2);
#2147=CARTESIAN_POINT('',(5.778309015450E0,9.645493552525E-1));
#2148=LINE('',#2147,#2146);
#2149=TRIMMED_CURVE('',#2148,(PARAMETER_VALUE(0.E0)),(PARAMETER_VALUE(1.E0)),
.T.,.UNSPECIFIED.);
#2150=COMPOSITE_CURVE_SEGMENT(.CONTINUOUS.,.T.,#2149);
#2151=DIRECTION('',(-9.190803879148E-1,-3.940700959859E-1));
#2152=VECTOR('',#2151,2.192741830747E-2);
#2153=CARTESIAN_POINT('',(5.757616321404E0,9.569692652442E-1));
#2154=LINE('',#2153,#2152);
#2155=TRIMMED_CURVE('',#2154,(PARAMETER_VALUE(0.E0)),(PARAMETER_VALUE(1.E0)),
.T.,.UNSPECIFIED.);
#2156=COMPOSITE_CURVE_SEGMENT(.CONTINUOUS.,.T.,#2155);
#2157=DIRECTION('',(-8.963977692185E-1,-4.432505378904E-1));
#2158=VECTOR('',#2157,2.191615844197E-2);
#2159=CARTESIAN_POINT('',(5.737463261280E0,9.483283254071E-1));
#2160=LINE('',#2159,#2158);
#2161=TRIMMED_CURVE('',#2160,(PARAMETER_VALUE(0.E0)),(PARAMETER_VALUE(1.E0)),
.T.,.UNSPECIFIED.);
#2162=COMPOSITE_CURVE_SEGMENT(.CONTINUOUS.,.T.,#2161);
#2163=DIRECTION('',(-8.710848639767E-1,-4.911325276855E-1));
#2164=VECTOR('',#2163,2.200363019887E-2);
#2165=CARTESIAN_POINT('',(5.717817665743E0,9.386139763892E-1));
#2166=LINE('',#2165,#2164);
#2167=TRIMMED_CURVE('',#2166,(PARAMETER_VALUE(0.E0)),(PARAMETER_VALUE(1.E0)),
.T.,.UNSPECIFIED.);
#2168=COMPOSITE_CURVE_SEGMENT(.CONTINUOUS.,.T.,#2167);
#2169=DIRECTION('',(-8.637269332480E-1,-5.039601023712E-1));
#2170=VECTOR('',#2169,2.326166074327E-2);
#2171=CARTESIAN_POINT('',(5.698650636524E0,9.278072778714E-1));
#2172=LINE('',#2171,#2170);
#2173=TRIMMED_CURVE('',#2172,(PARAMETER_VALUE(0.E0)),(PARAMETER_VALUE(1.E0)),
.T.,.UNSPECIFIED.);
#2174=COMPOSITE_CURVE_SEGMENT(.CONTINUOUS.,.T.,#2173);
#2175=DIRECTION('',(-8.364163658408E-1,-5.480945748259E-1));
#2176=VECTOR('',#2175,2.276604463601E-2);
#2177=CARTESIAN_POINT('',(5.678558913628E0,9.160843289419E-1));
#2178=LINE('',#2177,#2176);
#2179=TRIMMED_CURVE('',#2178,(PARAMETER_VALUE(0.E0)),(PARAMETER_VALUE(1.E0)),
.T.,.UNSPECIFIED.);
#2180=COMPOSITE_CURVE_SEGMENT(.CONTINUOUS.,.T.,#2179);
#2181=DIRECTION('',(-8.062036522586E-1,-5.916381251111E-1));
#2182=VECTOR('',#2181,2.239756790932E-2);
#2183=CARTESIAN_POINT('',(5.659517021309E0,9.036063833866E-1));
#2184=LINE('',#2183,#2182);
#2185=TRIMMED_CURVE('',#2184,(PARAMETER_VALUE(0.E0)),(PARAMETER_VALUE(1.E0)),
.T.,.UNSPECIFIED.);
#2186=COMPOSITE_CURVE_SEGMENT(.CONTINUOUS.,.T.,#2185);
#2187=DIRECTION('',(-7.816938526210E-1,-6.236623451632E-1));
#2188=VECTOR('',#2187,1.110062205758E-2);
#2189=CARTESIAN_POINT('',(5.641460020259E0,8.903551283017E-1));
#2190=LINE('',#2189,#2188);
#2191=TRIMMED_CURVE('',#2190,(PARAMETER_VALUE(0.E0)),(PARAMETER_VALUE(1.E0)),
.T.,.UNSPECIFIED.);
#2192=COMPOSITE_CURVE_SEGMENT(.CONTINUOUS.,.T.,#2191);
#2193=DIRECTION('',(-7.645296669064E-1,-6.445885419553E-1));
#2194=VECTOR('',#2193,1.104780876500E-2);
#2195=CARTESIAN_POINT('',(5.632782732236E0,8.834320883165E-1));
#2196=LINE('',#2195,#2194);
#2197=TRIMMED_CURVE('',#2196,(PARAMETER_VALUE(0.E0)),(PARAMETER_VALUE(1.E0)),
.T.,.UNSPECIFIED.);
#2198=COMPOSITE_CURVE_SEGMENT(.CONTINUOUS.,.T.,#2197);
#2199=DIRECTION('',(-7.376371807415E-1,-6.751972967865E-1));
#2200=VECTOR('',#2199,2.198394797285E-2);
#2201=CARTESIAN_POINT('',(5.624336354681E0,8.763107973729E-1));
#2202=LINE('',#2201,#2200);
#2203=TRIMMED_CURVE('',#2202,(PARAMETER_VALUE(0.E0)),(PARAMETER_VALUE(1.E0)),
.T.,.UNSPECIFIED.);
#2204=COMPOSITE_CURVE_SEGMENT(.CONTINUOUS.,.T.,#2203);
#2205=DIRECTION('',(-6.998029751758E-1,-7.143359125336E-1));
#2206=VECTOR('',#2205,2.194709778384E-2);
#2207=CARTESIAN_POINT('',(5.608120177277E0,8.614672951289E-1));
#2208=LINE('',#2207,#2206);
#2209=TRIMMED_CURVE('',#2208,(PARAMETER_VALUE(0.E0)),(PARAMETER_VALUE(1.E0)),
.T.,.UNSPECIFIED.);
#2210=COMPOSITE_CURVE_SEGMENT(.CONTINUOUS.,.T.,#2209);
#2211=DIRECTION('',(-6.600316609257E-1,-7.512377829793E-1));
#2212=VECTOR('',#2211,2.203598995183E-2);
#2213=CARTESIAN_POINT('',(5.592761532951E0,8.457896950060E-1));
#2214=LINE('',#2213,#2212);
#2215=TRIMMED_CURVE('',#2214,(PARAMETER_VALUE(0.E0)),(PARAMETER_VALUE(1.E0)),
.T.,.UNSPECIFIED.);
#2216=COMPOSITE_CURVE_SEGMENT(.CONTINUOUS.,.T.,#2215);
#2217=DIRECTION('',(-6.187024431739E-1,-7.856254112557E-1));
#2218=VECTOR('',#2217,2.225150448696E-2);
#2219=CARTESIAN_POINT('',(5.578217081903E0,8.292354267689E-1));
#2220=LINE('',#2219,#2218);
#2221=TRIMMED_CURVE('',#2220,(PARAMETER_VALUE(0.E0)),(PARAMETER_VALUE(1.E0)),
.T.,.UNSPECIFIED.);
#2222=COMPOSITE_CURVE_SEGMENT(.CONTINUOUS.,.T.,#2221);
#2223=DIRECTION('',(-5.762269205388E-1,-8.172897503618E-1));
#2224=VECTOR('',#2223,2.259532068211E-2);
#2225=CARTESIAN_POINT('',(5.564450021713E0,8.117540794052E-1));
#2226=LINE('',#2225,#2224);
#2227=TRIMMED_CURVE('',#2226,(PARAMETER_VALUE(0.E0)),(PARAMETER_VALUE(1.E0)),
.T.,.UNSPECIFIED.);
#2228=COMPOSITE_CURVE_SEGMENT(.CONTINUOUS.,.T.,#2227);
#2229=DIRECTION('',(-5.330321665634E-1,-8.460949765888E-1));
#2230=VECTOR('',#2229,2.306999353934E-2);
#2231=CARTESIAN_POINT('',(5.551429989657E0,7.932871554056E-1));
#2232=LINE('',#2231,#2230);
#2233=TRIMMED_CURVE('',#2232,(PARAMETER_VALUE(0.E0)),(PARAMETER_VALUE(1.E0)),
.T.,.UNSPECIFIED.);
#2234=COMPOSITE_CURVE_SEGMENT(.CONTINUOUS.,.T.,#2233);
#2235=DIRECTION('',(-5.062636730128E-1,-8.623787412661E-1));
#2236=VECTOR('',#2235,5.467178160533E-3);
#2237=CARTESIAN_POINT('',(5.539132941019E0,7.737677497620E-1));
#2238=LINE('',#2237,#2236);
#2239=TRIMMED_CURVE('',#2238,(PARAMETER_VALUE(0.E0)),(PARAMETER_VALUE(1.E0)),
.T.,.UNSPECIFIED.);
#2240=COMPOSITE_CURVE_SEGMENT(.CONTINUOUS.,.T.,#2239);
#2241=COMPOSITE_CURVE('',(#2132,#2138,#2144,#2150,#2156,#2162,#2168,#2174,#2180,
#2186,#2192,#2198,#2204,#2210,#2216,#2222,#2228,#2234,#2240),.F.);
#2242=(ANNOTATION_CURVE_OCCURRENCE()ANNOTATION_OCCURRENCE()DRAUGHTING_ANNOTATION_OCCURRENCE()GEOMETRIC_REPRESENTATION_ITEM()REPRESENTATION_ITEM('')STYLED_ITEM((
#41),#2241));
#2243=DIRECTION('',(6.585104148687E-1,-7.525716135422E-1));
#2244=VECTOR('',#2243,1.050024692281E0);
#2245=CARTESIAN_POINT('',(8.580839051331E0,1.061864555941E0));
#2246=LINE('',#2245,#2244);
#2247=TRIMMED_CURVE('',#2246,(PARAMETER_VALUE(0.E0)),(PARAMETER_VALUE(1.E0)),
.T.,.UNSPECIFIED.);
#2248=(ANNOTATION_CURVE_OCCURRENCE()ANNOTATION_OCCURRENCE()DRAUGHTING_ANNOTATION_OCCURRENCE()GEOMETRIC_REPRESENTATION_ITEM()REPRESENTATION_ITEM('')STYLED_ITEM((
#41),#2247));
#2249=DIRECTION('',(-6.582595119048E-1,7.527910832275E-1));
#2250=VECTOR('',#2249,1.045027726264E0);
#2251=CARTESIAN_POINT('',(9.353423245745E0,2.469702825989E-2));
#2252=LINE('',#2251,#2250);
#2253=TRIMMED_CURVE('',#2252,(PARAMETER_VALUE(0.E0)),(PARAMETER_VALUE(1.E0)),
.T.,.UNSPECIFIED.);
#2254=(ANNOTATION_CURVE_OCCURRENCE()ANNOTATION_OCCURRENCE()DRAUGHTING_ANNOTATION_OCCURRENCE()GEOMETRIC_REPRESENTATION_ITEM()REPRESENTATION_ITEM('')STYLED_ITEM((
#41),#2253));
#2255=DIRECTION('',(-1.189286590886E-1,9.929028019134E-1));
#2256=VECTOR('',#2255,6.821904770421E-1);
#2257=CARTESIAN_POINT('',(4.442762609223E0,1.024819013551E1));
#2258=LINE('',#2257,#2256);
#2259=TRIMMED_CURVE('',#2258,(PARAMETER_VALUE(0.E0)),(PARAMETER_VALUE(1.E0)),
.T.,.UNSPECIFIED.);
#2260=(ANNOTATION_CURVE_OCCURRENCE()ANNOTATION_OCCURRENCE()DRAUGHTING_ANNOTATION_OCCURRENCE()GEOMETRIC_REPRESENTATION_ITEM()REPRESENTATION_ITEM('')STYLED_ITEM((
#41),#2259));
#2261=DIRECTION('',(1.189323862860E-1,-9.929023554672E-1));
#2262=VECTOR('',#2261,6.821690980159E-1);
#2263=CARTESIAN_POINT('',(4.442762609223E0,1.188155296876E1));
#2264=LINE('',#2263,#2262);
#2265=TRIMMED_CURVE('',#2264,(PARAMETER_VALUE(0.E0)),(PARAMETER_VALUE(1.E0)),
.T.,.UNSPECIFIED.);
#2266=(ANNOTATION_CURVE_OCCURRENCE()ANNOTATION_OCCURRENCE()DRAUGHTING_ANNOTATION_OCCURRENCE()GEOMETRIC_REPRESENTATION_ITEM()REPRESENTATION_ITEM('')STYLED_ITEM((
#41),#2265));
#2267=DIRECTION('',(-7.228043728481E-1,6.910527031939E-1));
#2268=VECTOR('',#2267,2.704213209512E-2);
#2269=CARTESIAN_POINT('',(1.100795188438E1,9.313385007437E-1));
#2270=LINE('',#2269,#2268);
#2271=TRIMMED_CURVE('',#2270,(PARAMETER_VALUE(0.E0)),(PARAMETER_VALUE(1.E0)),
.T.,.UNSPECIFIED.);
#2272=COMPOSITE_CURVE_SEGMENT(.CONTINUOUS.,.T.,#2271);
#2273=DIRECTION('',(-7.537011620116E-1,6.572172839954E-1));
#2274=VECTOR('',#2273,2.645502161067E-2);
#2275=CARTESIAN_POINT('',(1.098840571305E1,9.500260392282E-1));
#2276=LINE('',#2275,#2274);
#2277=TRIMMED_CURVE('',#2276,(PARAMETER_VALUE(0.E0)),(PARAMETER_VALUE(1.E0)),
.T.,.UNSPECIFIED.);
#2278=COMPOSITE_CURVE_SEGMENT(.CONTINUOUS.,.T.,#2277);
#2279=DIRECTION('',(-7.836346865286E-1,6.212219233649E-1));
#2280=VECTOR('',#2279,2.596932295079E-2);
#2281=CARTESIAN_POINT('',(1.096846653252E1,9.674127366792E-1));
#2282=LINE('',#2281,#2280);
#2283=TRIMMED_CURVE('',#2282,(PARAMETER_VALUE(0.E0)),(PARAMETER_VALUE(1.E0)),
.T.,.UNSPECIFIED.);
#2284=COMPOSITE_CURVE_SEGMENT(.CONTINUOUS.,.T.,#2283);
#2285=DIRECTION('',(-8.123481609720E-1,5.831727577360E-1));
#2286=VECTOR('',#2285,2.558412257571E-2);
#2287=CARTESIAN_POINT('',(1.094811607027E1,9.835454494312E-1));
#2288=LINE('',#2287,#2286);
#2289=TRIMMED_CURVE('',#2288,(PARAMETER_VALUE(0.E0)),(PARAMETER_VALUE(1.E0)),
.T.,.UNSPECIFIED.);
#2290=COMPOSITE_CURVE_SEGMENT(.CONTINUOUS.,.T.,#2289);
#2291=DIRECTION('',(-8.395922215528E-1,5.432171771106E-1));
#2292=VECTOR('',#2291,2.529874003266E-2);
#2293=CARTESIAN_POINT('',(1.092733285535E1,9.984654127479E-1));
#2294=LINE('',#2293,#2292);
#2295=TRIMMED_CURVE('',#2294,(PARAMETER_VALUE(0.E0)),(PARAMETER_VALUE(1.E0)),
.T.,.UNSPECIFIED.);
#2296=COMPOSITE_CURVE_SEGMENT(.CONTINUOUS.,.T.,#2295);
#2297=DIRECTION('',(-8.651329508039E-1,5.015425978253E-1));
#2298=VECTOR('',#2297,2.511272344777E-2);
#2299=CARTESIAN_POINT('',(1.090609223E1,1.012208122893E0));
#2300=LINE('',#2299,#2298);
#2301=TRIMMED_CURVE('',#2300,(PARAMETER_VALUE(0.E0)),(PARAMETER_VALUE(1.E0)),
.T.,.UNSPECIFIED.);
#2302=COMPOSITE_CURVE_SEGMENT(.CONTINUOUS.,.T.,#2301);
#2303=DIRECTION('',(-8.887597783994E-1,4.583732717987E-1));
#2304=VECTOR('',#2303,2.502584555007E-2);
#2305=CARTESIAN_POINT('',(1.088436638546E1,1.024803223449E0));
#2306=LINE('',#2305,#2304);
#2307=TRIMMED_CURVE('',#2306,(PARAMETER_VALUE(0.E0)),(PARAMETER_VALUE(1.E0)),
.T.,.UNSPECIFIED.);
#2308=COMPOSITE_CURVE_SEGMENT(.CONTINUOUS.,.T.,#2307);
#2309=DIRECTION('',(-9.051129280849E-1,4.251712448103E-1));
#2310=VECTOR('',#2309,1.251346916476E-2);
#2311=CARTESIAN_POINT('',(1.086212442052E1,1.036274402154E0));
#2312=LINE('',#2311,#2310);
#2313=TRIMMED_CURVE('',#2312,(PARAMETER_VALUE(0.E0)),(PARAMETER_VALUE(1.E0)),
.T.,.UNSPECIFIED.);
#2314=COMPOSITE_CURVE_SEGMENT(.CONTINUOUS.,.T.,#2313);
#2315=DIRECTION('',(-9.153275803067E-1,4.027100951428E-1));
#2316=VECTOR('',#2315,1.252400962150E-2);
#2317=CARTESIAN_POINT('',(1.085079831780E1,1.041594769415E0));
#2318=LINE('',#2317,#2316);
#2319=TRIMMED_CURVE('',#2318,(PARAMETER_VALUE(0.E0)),(PARAMETER_VALUE(1.E0)),
.T.,.UNSPECIFIED.);
#2320=COMPOSITE_CURVE_SEGMENT(.CONTINUOUS.,.T.,#2319);
#2321=DIRECTION('',(-9.295732656923E-1,3.686374149624E-1));
#2322=VECTOR('',#2321,2.511271980763E-2);
#2323=CARTESIAN_POINT('',(1.083933474638E1,1.046638314522E0));
#2324=LINE('',#2323,#2322);
#2325=TRIMMED_CURVE('',#2324,(PARAMETER_VALUE(0.E0)),(PARAMETER_VALUE(1.E0)),
.T.,.UNSPECIFIED.);
#2326=COMPOSITE_CURVE_SEGMENT(.CONTINUOUS.,.T.,#2325);
#2327=DIRECTION('',(-9.464976683886E-1,3.227106501727E-1));
#2328=VECTOR('',#2327,2.528919257498E-2);
#2329=CARTESIAN_POINT('',(1.081599063342E1,1.055895802634E0));
#2330=LINE('',#2329,#2328);
#2331=TRIMMED_CURVE('',#2330,(PARAMETER_VALUE(0.E0)),(PARAMETER_VALUE(1.E0)),
.T.,.UNSPECIFIED.);
#2332=COMPOSITE_CURVE_SEGMENT(.CONTINUOUS.,.T.,#2331);
#2333=DIRECTION('',(-9.610163370582E-1,2.764915910244E-1));
#2334=VECTOR('',#2333,2.556513594242E-2);
#2335=CARTESIAN_POINT('',(1.079205447161E1,1.064056894412E0));
#2336=LINE('',#2335,#2334);
#2337=TRIMMED_CURVE('',#2336,(PARAMETER_VALUE(0.E0)),(PARAMETER_VALUE(1.E0)),
.T.,.UNSPECIFIED.);
#2338=COMPOSITE_CURVE_SEGMENT(.CONTINUOUS.,.T.,#2337);
#2339=DIRECTION('',(-9.731242356944E-1,2.302807458391E-1));
#2340=VECTOR('',#2339,2.594091588450E-2);
#2341=CARTESIAN_POINT('',(1.076748595831E1,1.071125439524E0));
#2342=LINE('',#2341,#2340);
#2343=TRIMMED_CURVE('',#2342,(PARAMETER_VALUE(0.E0)),(PARAMETER_VALUE(1.E0)),
.T.,.UNSPECIFIED.);
#2344=COMPOSITE_CURVE_SEGMENT(.CONTINUOUS.,.T.,#2343);
#2345=DIRECTION('',(-9.828575752255E-1,1.843664471154E-1));
#2346=VECTOR('',#2345,2.641712154778E-2);
#2347=CARTESIAN_POINT('',(1.074224222437E1,1.077099132981E0));
#2348=LINE('',#2347,#2346);
#2349=TRIMMED_CURVE('',#2348,(PARAMETER_VALUE(0.E0)),(PARAMETER_VALUE(1.E0)),
.T.,.UNSPECIFIED.);
#2350=COMPOSITE_CURVE_SEGMENT(.CONTINUOUS.,.T.,#2349);
#2351=DIRECTION('',(-9.902898971196E-1,1.390176955028E-1));
#2352=VECTOR('',#2351,2.699456723123E-2);
#2353=CARTESIAN_POINT('',(1.071627795634E1,1.081969563824E0));
#2354=LINE('',#2353,#2352);
#2355=TRIMMED_CURVE('',#2354,(PARAMETER_VALUE(0.E0)),(PARAMETER_VALUE(1.E0)),
.T.,.UNSPECIFIED.);
#2356=COMPOSITE_CURVE_SEGMENT(.CONTINUOUS.,.T.,#2355);
#2357=DIRECTION('',(-9.955269091337E-1,9.447842711849E-2));
#2358=VECTOR('',#2357,2.767429476824E-2);
#2359=CARTESIAN_POINT('',(1.068954550913E1,1.085722286352E0));
#2360=LINE('',#2359,#2358);
#2361=TRIMMED_CURVE('',#2360,(PARAMETER_VALUE(0.E0)),(PARAMETER_VALUE(1.E0)),
.T.,.UNSPECIFIED.);
#2362=COMPOSITE_CURVE_SEGMENT(.CONTINUOUS.,.T.,#2361);
#2363=DIRECTION('',(-9.987005223948E-1,5.096338458404E-2));
#2364=VECTOR('',#2363,2.845757638975E-2);
#2365=CARTESIAN_POINT('',(1.066199500400E1,1.088336910193E0));
#2366=LINE('',#2365,#2364);
#2367=TRIMMED_CURVE('',#2366,(PARAMETER_VALUE(0.E0)),(PARAMETER_VALUE(1.E0)),
.T.,.UNSPECIFIED.);
#2368=COMPOSITE_CURVE_SEGMENT(.CONTINUOUS.,.T.,#2367);
#2369=DIRECTION('',(-9.998913738824E-1,1.473907851552E-2));
#2370=VECTOR('',#2369,2.073416394626E-2);
#2371=CARTESIAN_POINT('',(1.063357440759E1,1.089787204603E0));
#2372=LINE('',#2371,#2370);
#2373=TRIMMED_CURVE('',#2372,(PARAMETER_VALUE(0.E0)),(PARAMETER_VALUE(1.E0)),
.T.,.UNSPECIFIED.);
#2374=COMPOSITE_CURVE_SEGMENT(.CONTINUOUS.,.T.,#2373);
#2375=DIRECTION('',(-9.999905800897E-1,-4.340476002932E-3));
#2376=VECTOR('',#2375,4.776138626041E-3);
#2377=CARTESIAN_POINT('',(1.061284249592E1,1.090092807073E0));
#2378=LINE('',#2377,#2376);
#2379=TRIMMED_CURVE('',#2378,(PARAMETER_VALUE(0.E0)),(PARAMETER_VALUE(1.E0)),
.T.,.UNSPECIFIED.);
#2380=COMPOSITE_CURVE_SEGMENT(.CONTINUOUS.,.T.,#2379);
#2381=DIRECTION('',(-9.994749930549E-1,-3.239966447311E-2));
#2382=VECTOR('',#2381,2.586602674668E-2);
#2383=CARTESIAN_POINT('',(1.060806640228E1,1.090072076358E0));
#2384=LINE('',#2383,#2382);
#2385=TRIMMED_CURVE('',#2384,(PARAMETER_VALUE(0.E0)),(PARAMETER_VALUE(1.E0)),
.T.,.UNSPECIFIED.);
#2386=COMPOSITE_CURVE_SEGMENT(.CONTINUOUS.,.T.,#2385);
#2387=DIRECTION('',(-9.967845252534E-1,-8.012871030632E-2));
#2388=VECTOR('',#2387,2.563334037343E-2);
#2389=CARTESIAN_POINT('',(1.058221395538E1,1.089234025770E0));
#2390=LINE('',#2389,#2388);
#2391=TRIMMED_CURVE('',#2390,(PARAMETER_VALUE(0.E0)),(PARAMETER_VALUE(1.E0)),
.T.,.UNSPECIFIED.);
#2392=COMPOSITE_CURVE_SEGMENT(.CONTINUOUS.,.T.,#2391);
#2393=DIRECTION('',(-9.917640586194E-1,-1.280783042940E-1));
#2394=VECTOR('',#2393,2.542881132181E-2);
#2395=CARTESIAN_POINT('',(1.055666303837E1,1.087180059265E0));
#2396=LINE('',#2395,#2394);
#2397=TRIMMED_CURVE('',#2396,(PARAMETER_VALUE(0.E0)),(PARAMETER_VALUE(1.E0)),
.T.,.UNSPECIFIED.);
#2398=COMPOSITE_CURVE_SEGMENT(.CONTINUOUS.,.T.,#2397);
#2399=DIRECTION('',(-9.843749941780E-1,-1.760848398844E-1));
#2400=VECTOR('',#2399,2.525407407349E-2);
#2401=CARTESIAN_POINT('',(1.053144365724E1,1.083923180231E0));
#2402=LINE('',#2401,#2400);
#2403=TRIMMED_CURVE('',#2402,(PARAMETER_VALUE(0.E0)),(PARAMETER_VALUE(1.E0)),
.T.,.UNSPECIFIED.);
#2404=COMPOSITE_CURVE_SEGMENT(.CONTINUOUS.,.T.,#2403);
#2405=DIRECTION('',(-9.745946104478E-1,-2.239762158938E-1));
#2406=VECTOR('',#2405,2.511073270172E-2);
#2407=CARTESIAN_POINT('',(1.050658417822E1,1.079476320642E0));
#2408=LINE('',#2407,#2406);
#2409=TRIMMED_CURVE('',#2408,(PARAMETER_VALUE(0.E0)),(PARAMETER_VALUE(1.E0)),
.T.,.UNSPECIFIED.);
#2410=COMPOSITE_CURVE_SEGMENT(.CONTINUOUS.,.T.,#2409);
#2411=DIRECTION('',(-9.624176457792E-1,-2.715737010332E-1));
#2412=VECTOR('',#2411,2.500034517990E-2);
#2413=CARTESIAN_POINT('',(1.048211139347E1,1.073852113753E0));
#2414=LINE('',#2413,#2412);
#2415=TRIMMED_CURVE('',#2414,(PARAMETER_VALUE(0.E0)),(PARAMETER_VALUE(1.E0)),
.T.,.UNSPECIFIED.);
#2416=COMPOSITE_CURVE_SEGMENT(.CONTINUOUS.,.T.,#2415);
#2417=DIRECTION('',(-9.478576038461E-1,-3.186941524896E-1));
#2418=VECTOR('',#2417,2.492440949943E-2);
#2419=CARTESIAN_POINT('',(1.045805062012E1,1.067062677485E0));
#2420=LINE('',#2419,#2418);
#2421=TRIMMED_CURVE('',#2420,(PARAMETER_VALUE(0.E0)),(PARAMETER_VALUE(1.E0)),
.T.,.UNSPECIFIED.);
#2422=COMPOSITE_CURVE_SEGMENT(.CONTINUOUS.,.T.,#2421);
#2423=DIRECTION('',(-9.309477006679E-1,-3.651525415783E-1));
#2424=VECTOR('',#2423,2.488435177247E-2);
#2425=CARTESIAN_POINT('',(1.043442582905E1,1.059119413923E0));
#2426=LINE('',#2425,#2424);
#2427=TRIMMED_CURVE('',#2426,(PARAMETER_VALUE(0.E0)),(PARAMETER_VALUE(1.E0)),
.T.,.UNSPECIFIED.);
#2428=COMPOSITE_CURVE_SEGMENT(.CONTINUOUS.,.T.,#2427);
#2429=DIRECTION('',(-9.117413814192E-1,-4.107647178225E-1));
#2430=VECTOR('',#2429,2.488151640603E-2);
#2431=CARTESIAN_POINT('',(1.041125979899E1,1.050032829628E0));
#2432=LINE('',#2431,#2430);
#2433=TRIMMED_CURVE('',#2432,(PARAMETER_VALUE(0.E0)),(PARAMETER_VALUE(1.E0)),
.T.,.UNSPECIFIED.);
#2434=COMPOSITE_CURVE_SEGMENT(.CONTINUOUS.,.T.,#2433);
#2435=DIRECTION('',(-8.903123512944E-1,-4.553503235232E-1));
#2436=VECTOR('',#2435,2.491715835396E-2);
#2437=CARTESIAN_POINT('',(1.038857429085E1,1.039812380563E0));
#2438=LINE('',#2437,#2436);
#2439=TRIMMED_CURVE('',#2438,(PARAMETER_VALUE(0.E0)),(PARAMETER_VALUE(1.E0)),
.T.,.UNSPECIFIED.);
#2440=COMPOSITE_CURVE_SEGMENT(.CONTINUOUS.,.T.,#2439);
#2441=DIRECTION('',(-8.667540861126E-1,-4.987357558939E-1));
#2442=VECTOR('',#2441,2.499243738548E-2);
#2443=CARTESIAN_POINT('',(1.036639023700E1,1.028466344445E0));
#2444=LINE('',#2443,#2442);
#2445=TRIMMED_CURVE('',#2444,(PARAMETER_VALUE(0.E0)),(PARAMETER_VALUE(1.E0)),
.T.,.UNSPECIFIED.);
#2446=COMPOSITE_CURVE_SEGMENT(.CONTINUOUS.,.T.,#2445);
#2447=DIRECTION('',(-8.731313519531E-1,-4.874850174482E-1));
#2448=VECTOR('',#2447,1.307512823522E-2);
#2449=CARTESIAN_POINT('',(1.034472793978E1,1.016001722294E0));
#2450=LINE('',#2449,#2448);
#2451=TRIMMED_CURVE('',#2450,(PARAMETER_VALUE(0.E0)),(PARAMETER_VALUE(1.E0)),
.T.,.UNSPECIFIED.);
#2452=COMPOSITE_CURVE_SEGMENT(.CONTINUOUS.,.T.,#2451);
#2453=DIRECTION('',(-8.542575807743E-1,-5.198499645952E-1));
#2454=VECTOR('',#2453,2.490011162098E-2);
#2455=CARTESIAN_POINT('',(1.033331163539E1,1.009627793178E0));
#2456=LINE('',#2455,#2454);
#2457=TRIMMED_CURVE('',#2456,(PARAMETER_VALUE(0.E0)),(PARAMETER_VALUE(1.E0)),
.T.,.UNSPECIFIED.);
#2458=COMPOSITE_CURVE_SEGMENT(.CONTINUOUS.,.T.,#2457);
#2459=DIRECTION('',(-8.273465524777E-1,-5.616918034860E-1));
#2460=VECTOR('',#2459,2.467352433214E-2);
#2461=CARTESIAN_POINT('',(1.031204052627E1,9.966834710333E-1));
#2462=LINE('',#2461,#2460);
#2463=TRIMMED_CURVE('',#2462,(PARAMETER_VALUE(0.E0)),(PARAMETER_VALUE(1.E0)),
.T.,.UNSPECIFIED.);
#2464=COMPOSITE_CURVE_SEGMENT(.CONTINUOUS.,.T.,#2463);
#2465=DIRECTION('',(-7.981312317864E-1,-6.024836403149E-1));
#2466=VECTOR('',#2465,2.450132419575E-2);
#2467=CARTESIAN_POINT('',(1.029162697098E1,9.828245546528E-1));
#2468=LINE('',#2467,#2466);
#2469=TRIMMED_CURVE('',#2468,(PARAMETER_VALUE(0.E0)),(PARAMETER_VALUE(1.E0)),
.T.,.UNSPECIFIED.);
#2470=COMPOSITE_CURVE_SEGMENT(.CONTINUOUS.,.T.,#2469);
#2471=DIRECTION('',(-7.667005444802E-1,-6.420048871261E-1));
#2472=VECTOR('',#2471,2.438388032762E-2);
#2473=CARTESIAN_POINT('',(1.027207169892E1,9.680629076588E-1));
#2474=LINE('',#2473,#2472);
#2475=TRIMMED_CURVE('',#2474,(PARAMETER_VALUE(0.E0)),(PARAMETER_VALUE(1.E0)),
.T.,.UNSPECIFIED.);
#2476=COMPOSITE_CURVE_SEGMENT(.CONTINUOUS.,.T.,#2475);
#2477=DIRECTION('',(-7.331714676114E-1,-6.800438214413E-1));
#2478=VECTOR('',#2477,2.432145011379E-2);
#2479=CARTESIAN_POINT('',(1.025337656459E1,9.524083373214E-1));
#2480=LINE('',#2479,#2478);
#2481=TRIMMED_CURVE('',#2480,(PARAMETER_VALUE(0.E0)),(PARAMETER_VALUE(1.E0)),
.T.,.UNSPECIFIED.);
#2482=COMPOSITE_CURVE_SEGMENT(.CONTINUOUS.,.T.,#2481);
#2483=DIRECTION('',(-6.976897703875E-1,-7.164000169575E-1));
#2484=VECTOR('',#2483,2.431107769389E-2);
#2485=CARTESIAN_POINT('',(1.023554477132E1,9.358686854430E-1));
#2486=LINE('',#2485,#2484);
#2487=TRIMMED_CURVE('',#2486,(PARAMETER_VALUE(0.E0)),(PARAMETER_VALUE(1.E0)),
.T.,.UNSPECIFIED.);
#2488=COMPOSITE_CURVE_SEGMENT(.CONTINUOUS.,.T.,#2487);
#2489=DIRECTION('',(-6.604324832405E-1,-7.508854340582E-1));
#2490=VECTOR('',#2489,2.434707886242E-2);
#2491=CARTESIAN_POINT('',(1.021858318110E1,9.184522289708E-1));
#2492=LINE('',#2491,#2490);
#2493=TRIMMED_CURVE('',#2492,(PARAMETER_VALUE(0.E0)),(PARAMETER_VALUE(1.E0)),
.T.,.UNSPECIFIED.);
#2494=COMPOSITE_CURVE_SEGMENT(.CONTINUOUS.,.T.,#2493);
#2495=DIRECTION('',(-6.215959612308E-1,-7.833380247259E-1));
#2496=VECTOR('',#2495,2.443816534741E-2);
#2497=CARTESIAN_POINT('',(1.020250357935E1,9.001703620912E-1));
#2498=LINE('',#2497,#2496);
#2499=TRIMMED_CURVE('',#2498,(PARAMETER_VALUE(0.E0)),(PARAMETER_VALUE(1.E0)),
.T.,.UNSPECIFIED.);
#2500=COMPOSITE_CURVE_SEGMENT(.CONTINUOUS.,.T.,#2499);
#2501=DIRECTION('',(-5.813860212101E-1,-8.136278598607E-1));
#2502=VECTOR('',#2501,2.458413460502E-2);
#2503=CARTESIAN_POINT('',(1.018731291447E1,8.810270179200E-1));
#2504=LINE('',#2503,#2502);
#2505=TRIMMED_CURVE('',#2504,(PARAMETER_VALUE(0.E0)),(PARAMETER_VALUE(1.E0)),
.T.,.UNSPECIFIED.);
#2506=COMPOSITE_CURVE_SEGMENT(.CONTINUOUS.,.T.,#2505);
#2507=DIRECTION('',(-5.400196178225E-1,-8.416524296685E-1));
#2508=VECTOR('',#2507,2.478467163384E-2);
#2509=CARTESIAN_POINT('',(1.017302004227E1,8.610246810948E-1));
#2510=LINE('',#2509,#2508);
#2511=TRIMMED_CURVE('',#2510,(PARAMETER_VALUE(0.E0)),(PARAMETER_VALUE(1.E0)),
.T.,.UNSPECIFIED.);
#2512=COMPOSITE_CURVE_SEGMENT(.CONTINUOUS.,.T.,#2511);
#2513=DIRECTION('',(-4.977200758015E-1,-8.673377232337E-1));
#2514=VECTOR('',#2513,2.503935128434E-2);
#2515=CARTESIAN_POINT('',(1.015963583337E1,8.401646019957E-1));
#2516=LINE('',#2515,#2514);
#2517=TRIMMED_CURVE('',#2516,(PARAMETER_VALUE(0.E0)),(PARAMETER_VALUE(1.E0)),
.T.,.UNSPECIFIED.);
#2518=COMPOSITE_CURVE_SEGMENT(.CONTINUOUS.,.T.,#2517);
#2519=DIRECTION('',(-4.829938840730E-1,-8.756237250943E-1));
#2520=VECTOR('',#2519,2.576889374740E-2);
#2521=CARTESIAN_POINT('',(1.014717324555E1,8.184470280614E-1));
#2522=LINE('',#2521,#2520);
#2523=TRIMMED_CURVE('',#2522,(PARAMETER_VALUE(0.E0)),(PARAMETER_VALUE(1.E0)),
.T.,.UNSPECIFIED.);
#2524=COMPOSITE_CURVE_SEGMENT(.CONTINUOUS.,.T.,#2523);
#2525=DIRECTION('',(-4.405712020409E-1,-8.977176705024E-1));
#2526=VECTOR('',#2525,2.572741292057E-2);
#2527=CARTESIAN_POINT('',(1.013472702747E1,7.958831733268E-1));
#2528=LINE('',#2527,#2526);
#2529=TRIMMED_CURVE('',#2528,(PARAMETER_VALUE(0.E0)),(PARAMETER_VALUE(1.E0)),
.T.,.UNSPECIFIED.);
#2530=COMPOSITE_CURVE_SEGMENT(.CONTINUOUS.,.T.,#2529);
#2531=DIRECTION('',(-3.971086738852E-1,-9.177715952922E-1));
#2532=VECTOR('',#2531,2.572251073748E-2);
#2533=CARTESIAN_POINT('',(1.012339227023E1,7.727872201317E-1));
#2534=LINE('',#2533,#2532);
#2535=TRIMMED_CURVE('',#2534,(PARAMETER_VALUE(0.E0)),(PARAMETER_VALUE(1.E0)),
.T.,.UNSPECIFIED.);
#2536=COMPOSITE_CURVE_SEGMENT(.CONTINUOUS.,.T.,#2535);
#2537=DIRECTION('',(-3.527650836485E-1,-9.357119192136E-1));
#2538=VECTOR('',#2537,2.575291999456E-2);
#2539=CARTESIAN_POINT('',(1.011317763810E1,7.491798304172E-1));
#2540=LINE('',#2539,#2538);
#2541=TRIMMED_CURVE('',#2540,(PARAMETER_VALUE(0.E0)),(PARAMETER_VALUE(1.E0)),
.T.,.UNSPECIFIED.);
#2542=COMPOSITE_CURVE_SEGMENT(.CONTINUOUS.,.T.,#2541);
#2543=DIRECTION('',(-3.077032365597E-1,-9.514823793485E-1));
#2544=VECTOR('',#2543,2.581729025162E-2);
#2545=CARTESIAN_POINT('',(1.010409290713E1,7.250825162238E-1));
#2546=LINE('',#2545,#2544);
#2547=TRIMMED_CURVE('',#2546,(PARAMETER_VALUE(0.E0)),(PARAMETER_VALUE(1.E0)),
.T.,.UNSPECIFIED.);
#2548=COMPOSITE_CURVE_SEGMENT(.CONTINUOUS.,.T.,#2547);
#2549=DIRECTION('',(-2.620875337963E-1,-9.650441050173E-1));
#2550=VECTOR('',#2549,2.591419530583E-2);
#2551=CARTESIAN_POINT('',(1.009614884336E1,7.005178194668E-1));
#2552=LINE('',#2551,#2550);
#2553=TRIMMED_CURVE('',#2552,(PARAMETER_VALUE(0.E0)),(PARAMETER_VALUE(1.E0)),
.T.,.UNSPECIFIED.);
#2554=COMPOSITE_CURVE_SEGMENT(.CONTINUOUS.,.T.,#2553);
#2555=DIRECTION('',(-2.160816534935E-1,-9.763752961969E-1));
#2556=VECTOR('',#2555,2.604214262856E-2);
#2557=CARTESIAN_POINT('',(1.008935705582E1,6.755094780507E-1));
#2558=LINE('',#2557,#2556);
#2559=TRIMMED_CURVE('',#2558,(PARAMETER_VALUE(0.E0)),(PARAMETER_VALUE(1.E0)),
.T.,.UNSPECIFIED.);
#2560=COMPOSITE_CURVE_SEGMENT(.CONTINUOUS.,.T.,#2559);
#2561=DIRECTION('',(-1.698464087169E-1,-9.854705462093E-1));
#2562=VECTOR('',#2561,2.619958476742E-2);
#2563=CARTESIAN_POINT('',(1.008372982658E1,6.500825733281E-1));
#2564=LINE('',#2563,#2562);
#2565=TRIMMED_CURVE('',#2564,(PARAMETER_VALUE(0.E0)),(PARAMETER_VALUE(1.E0)),
.T.,.UNSPECIFIED.);
#2566=COMPOSITE_CURVE_SEGMENT(.CONTINUOUS.,.T.,#2565);
#2567=DIRECTION('',(-1.235378390148E-1,-9.923398623111E-1));
#2568=VECTOR('',#2567,2.638493264229E-2);
#2569=CARTESIAN_POINT('',(1.007927992120E1,6.242636542169E-1));
#2570=LINE('',#2569,#2568);
#2571=TRIMMED_CURVE('',#2570,(PARAMETER_VALUE(0.E0)),(PARAMETER_VALUE(1.E0)),
.T.,.UNSPECIFIED.);
#2572=COMPOSITE_CURVE_SEGMENT(.CONTINUOUS.,.T.,#2571);
#2573=DIRECTION('',(-7.730557607464E-2,-9.970074462650E-1));
#2574=VECTOR('',#2573,2.659657058237E-2);
#2575=CARTESIAN_POINT('',(1.007602038364E1,5.980808337915E-1));
#2576=LINE('',#2575,#2574);
#2577=TRIMMED_CURVE('',#2576,(PARAMETER_VALUE(0.E0)),(PARAMETER_VALUE(1.E0)),
.T.,.UNSPECIFIED.);
#2578=COMPOSITE_CURVE_SEGMENT(.CONTINUOUS.,.T.,#2577);
#2579=DIRECTION('',(-3.129150727276E-2,-9.995103008837E-1));
#2580=VECTOR('',#2579,2.683287286447E-2);
#2581=CARTESIAN_POINT('',(1.007396432043E1,5.715638548758E-1));
#2582=LINE('',#2581,#2580);
#2583=TRIMMED_CURVE('',#2582,(PARAMETER_VALUE(0.E0)),(PARAMETER_VALUE(1.E0)),
.T.,.UNSPECIFIED.);
#2584=COMPOSITE_CURVE_SEGMENT(.CONTINUOUS.,.T.,#2583);
#2585=DIRECTION('',(-4.210972512924E-3,-9.999911338159E-1));
#2586=VECTOR('',#2585,4.983831081509E-3);
#2587=CARTESIAN_POINT('',(1.007312467939E1,5.447441220455E-1));
#2588=LINE('',#2587,#2586);
#2589=TRIMMED_CURVE('',#2588,(PARAMETER_VALUE(0.E0)),(PARAMETER_VALUE(1.E0)),
.T.,.UNSPECIFIED.);
#2590=COMPOSITE_CURVE_SEGMENT(.CONTINUOUS.,.T.,#2589);
#2591=DIRECTION('',(2.227494230024E-2,-9.997518826917E-1));
#2592=VECTOR('',#2591,2.726062055245E-2);
#2593=CARTESIAN_POINT('',(1.007310369261E1,5.397603351515E-1));
#2594=LINE('',#2593,#2592);
#2595=TRIMMED_CURVE('',#2594,(PARAMETER_VALUE(0.E0)),(PARAMETER_VALUE(1.E0)),
.T.,.UNSPECIFIED.);
#2596=COMPOSITE_CURVE_SEGMENT(.CONTINUOUS.,.T.,#2595);
#2597=DIRECTION('',(6.772836047048E-2,-9.977037983229E-1));
#2598=VECTOR('',#2597,2.663159205896E-2);
#2599=CARTESIAN_POINT('',(1.007371092136E1,5.125064784309E-1));
#2600=LINE('',#2599,#2598);
#2601=TRIMMED_CURVE('',#2600,(PARAMETER_VALUE(0.E0)),(PARAMETER_VALUE(1.E0)),
.T.,.UNSPECIFIED.);
#2602=COMPOSITE_CURVE_SEGMENT(.CONTINUOUS.,.T.,#2601);
#2603=DIRECTION('',(1.140884824693E-1,-9.934705925028E-1));
#2604=VECTOR('',#2603,2.609614263437E-2);
#2605=CARTESIAN_POINT('',(1.007551463543E1,4.859360378783E-1));
#2606=LINE('',#2605,#2604);
#2607=TRIMMED_CURVE('',#2606,(PARAMETER_VALUE(0.E0)),(PARAMETER_VALUE(1.E0)),
.T.,.UNSPECIFIED.);
#2608=COMPOSITE_CURVE_SEGMENT(.CONTINUOUS.,.T.,#2607);
#2609=DIRECTION('',(1.611213919209E-1,-9.869345961438E-1));
#2610=VECTOR('',#2609,2.565376384096E-2);
#2611=CARTESIAN_POINT('',(1.007849190474E1,4.600102875932E-1));
#2612=LINE('',#2611,#2610);
#2613=TRIMMED_CURVE('',#2612,(PARAMETER_VALUE(0.E0)),(PARAMETER_VALUE(1.E0)),
.T.,.UNSPECIFIED.);
#2614=COMPOSITE_CURVE_SEGMENT(.CONTINUOUS.,.T.,#2613);
#2615=DIRECTION('',(2.085674138739E-1,-9.780079927434E-1));
#2616=VECTOR('',#2615,2.530406279442E-2);
#2617=CARTESIAN_POINT('',(1.008262527488E1,4.346917005373E-1));
#2618=LINE('',#2617,#2616);
#2619=TRIMMED_CURVE('',#2618,(PARAMETER_VALUE(0.E0)),(PARAMETER_VALUE(1.E0)),
.T.,.UNSPECIFIED.);
#2620=COMPOSITE_CURVE_SEGMENT(.CONTINUOUS.,.T.,#2619);
#2621=DIRECTION('',(2.561463417798E-1,-9.666380147671E-1));
#2622=VECTOR('',#2621,2.504676409194E-2);
#2623=CARTESIAN_POINT('',(1.008790287782E1,4.099441248755E-1));
#2624=LINE('',#2623,#2622);
#2625=TRIMMED_CURVE('',#2624,(PARAMETER_VALUE(0.E0)),(PARAMETER_VALUE(1.E0)),
.T.,.UNSPECIFIED.);
#2626=COMPOSITE_CURVE_SEGMENT(.CONTINUOUS.,.T.,#2625);
#2627=DIRECTION('',(3.035640546076E-1,-9.528110330754E-1));
#2628=VECTOR('',#2627,2.488171088305E-2);
#2629=CARTESIAN_POINT('',(1.009431851481E1,3.857329705573E-1));
#2630=LINE('',#2629,#2628);
#2631=TRIMMED_CURVE('',#2630,(PARAMETER_VALUE(0.E0)),(PARAMETER_VALUE(1.E0)),
.T.,.UNSPECIFIED.);
#2632=COMPOSITE_CURVE_SEGMENT(.CONTINUOUS.,.T.,#2631);
#2633=DIRECTION('',(3.505202333121E-1,-9.365551591011E-1));
#2634=VECTOR('',#2633,2.480886505611E-2);
#2635=CARTESIAN_POINT('',(1.010187170785E1,3.620254019061E-1));
#2636=LINE('',#2635,#2634);
#2637=TRIMMED_CURVE('',#2636,(PARAMETER_VALUE(0.E0)),(PARAMETER_VALUE(1.E0)),
.T.,.UNSPECIFIED.);
#2638=COMPOSITE_CURVE_SEGMENT(.CONTINUOUS.,.T.,#2637);
#2639=DIRECTION('',(3.967016052409E-1,-9.179476218169E-1));
#2640=VECTOR('',#2639,2.481183391037E-2);
#2641=CARTESIAN_POINT('',(1.011056771702E1,3.387905313464E-1));
#2642=LINE('',#2641,#2640);
#2643=TRIMMED_CURVE('',#2642,(PARAMETER_VALUE(0.E0)),(PARAMETER_VALUE(1.E0)),
.T.,.UNSPECIFIED.);
#2644=COMPOSITE_CURVE_SEGMENT(.CONTINUOUS.,.T.,#2643);
#2645=DIRECTION('',(4.417946217152E-1,-8.971162200203E-1));
#2646=VECTOR('',#2645,2.489280586792E-2);
#2647=CARTESIAN_POINT('',(1.012041061136E1,3.160145674155E-1));
#2648=LINE('',#2647,#2646);
#2649=TRIMMED_CURVE('',#2648,(PARAMETER_VALUE(0.E0)),(PARAMETER_VALUE(1.E0)),
.T.,.UNSPECIFIED.);
#2650=COMPOSITE_CURVE_SEGMENT(.CONTINUOUS.,.T.,#2649);
#2651=DIRECTION('',(4.855235747585E-1,-8.742235745813E-1));
#2652=VECTOR('',#2651,2.506606372241E-2);
#2653=CARTESIAN_POINT('',(1.013140811911E1,2.936828275095E-1));
#2654=LINE('',#2653,#2652);
#2655=TRIMMED_CURVE('',#2654,(PARAMETER_VALUE(0.E0)),(PARAMETER_VALUE(1.E0)),
.T.,.UNSPECIFIED.);
#2656=COMPOSITE_CURVE_SEGMENT(.CONTINUOUS.,.T.,#2655);
#2657=DIRECTION('',(5.276545373030E-1,-8.494590568495E-1));
#2658=VECTOR('',#2657,2.533165572190E-2);
#2659=CARTESIAN_POINT('',(1.014357828398E1,2.717694836815E-1));
#2660=LINE('',#2659,#2658);
#2661=TRIMMED_CURVE('',#2660,(PARAMETER_VALUE(0.E0)),(PARAMETER_VALUE(1.E0)),
.T.,.UNSPECIFIED.);
#2662=COMPOSITE_CURVE_SEGMENT(.CONTINUOUS.,.T.,#2661);
#2663=DIRECTION('',(5.679872427476E-1,-8.230373576430E-1));
#2664=VECTOR('',#2663,2.568974870237E-2);
#2665=CARTESIAN_POINT('',(1.015694464706E1,2.502512793035E-1));
#2666=LINE('',#2665,#2664);
#2667=TRIMMED_CURVE('',#2666,(PARAMETER_VALUE(0.E0)),(PARAMETER_VALUE(1.E0)),
.T.,.UNSPECIFIED.);
#2668=COMPOSITE_CURVE_SEGMENT(.CONTINUOUS.,.T.,#2667);
#2669=DIRECTION('',(6.063587126242E-1,-7.951912421705E-1));
#2670=VECTOR('',#2669,2.614062783243E-2);
#2671=CARTESIAN_POINT('',(1.017153609659E1,2.291076564130E-1));
#2672=LINE('',#2671,#2670);
#2673=TRIMMED_CURVE('',#2672,(PARAMETER_VALUE(0.E0)),(PARAMETER_VALUE(1.E0)),
.T.,.UNSPECIFIED.);
#2674=COMPOSITE_CURVE_SEGMENT(.CONTINUOUS.,.T.,#2673);
#2675=DIRECTION('',(6.426450653862E-1,-7.661640293924E-1));
#2676=VECTOR('',#2675,2.668469548065E-2);
#2677=CARTESIAN_POINT('',(1.018738669403E1,2.083208580958E-1));
#2678=LINE('',#2677,#2676);
#2679=TRIMMED_CURVE('',#2678,(PARAMETER_VALUE(0.E0)),(PARAMETER_VALUE(1.E0)),
.T.,.UNSPECIFIED.);
#2680=COMPOSITE_CURVE_SEGMENT(.CONTINUOUS.,.T.,#2679);
#2681=DIRECTION('',(6.767615703214E-1,-7.362022663210E-1));
#2682=VECTOR('',#2681,2.732246923465E-2);
#2683=CARTESIAN_POINT('',(1.020453548190E1,1.878760042832E-1));
#2684=LINE('',#2683,#2682);
#2685=TRIMMED_CURVE('',#2684,(PARAMETER_VALUE(0.E0)),(PARAMETER_VALUE(1.E0)),
.T.,.UNSPECIFIED.);
#2686=COMPOSITE_CURVE_SEGMENT(.CONTINUOUS.,.T.,#2685);
#2687=DIRECTION('',(7.001316482626E-1,-7.140137779491E-1));
#2688=VECTOR('',#2687,1.261437028205E-2);
#2689=CARTESIAN_POINT('',(1.022302627909E1,1.677611405112E-1));
#2690=LINE('',#2689,#2688);
#2691=TRIMMED_CURVE('',#2690,(PARAMETER_VALUE(0.E0)),(PARAMETER_VALUE(1.E0)),
.T.,.UNSPECIFIED.);
#2692=COMPOSITE_CURVE_SEGMENT(.CONTINUOUS.,.T.,#2691);
#2693=DIRECTION('',(7.228176341760E-1,-6.910388322838E-1));
#2694=VECTOR('',#2693,2.711180208271E-2);
#2695=CARTESIAN_POINT('',(1.023185799894E1,1.587543063297E-1));
#2696=LINE('',#2695,#2694);
#2697=TRIMMED_CURVE('',#2696,(PARAMETER_VALUE(0.E0)),(PARAMETER_VALUE(1.E0)),
.T.,.UNSPECIFIED.);
#2698=COMPOSITE_CURVE_SEGMENT(.CONTINUOUS.,.T.,#2697);
#2699=DIRECTION('',(7.536773988642E-1,-6.572445347368E-1));
#2700=VECTOR('',#2699,2.657453233503E-2);
#2701=CARTESIAN_POINT('',(1.025145488758E1,1.400189982773E-1));
#2702=LINE('',#2701,#2700);
#2703=TRIMMED_CURVE('',#2702,(PARAMETER_VALUE(0.E0)),(PARAMETER_VALUE(1.E0)),
.T.,.UNSPECIFIED.);
#2704=COMPOSITE_CURVE_SEGMENT(.CONTINUOUS.,.T.,#2703);
#2705=DIRECTION('',(7.835199934569E-1,-6.213665744577E-1));
#2706=VECTOR('',#2705,2.612018127071E-2);
#2707=CARTESIAN_POINT('',(1.027148351199E1,1.225530321369E-1));
#2708=LINE('',#2707,#2706);
#2709=TRIMMED_CURVE('',#2708,(PARAMETER_VALUE(0.E0)),(PARAMETER_VALUE(1.E0)),
.T.,.UNSPECIFIED.);
#2710=COMPOSITE_CURVE_SEGMENT(.CONTINUOUS.,.T.,#2709);
#2711=DIRECTION('',(8.121160546101E-1,-5.834959415835E-1));
#2712=VECTOR('',#2711,2.574870787198E-2);
#2713=CARTESIAN_POINT('',(1.029194919625E1,1.063228245765E-1));
#2714=LINE('',#2713,#2712);
#2715=TRIMMED_CURVE('',#2714,(PARAMETER_VALUE(0.E0)),(PARAMETER_VALUE(1.E0)),
.T.,.UNSPECIFIED.);
#2716=COMPOSITE_CURVE_SEGMENT(.CONTINUOUS.,.T.,#2715);
#2717=DIRECTION('',(8.392417396482E-1,-5.437584964231E-1));
#2718=VECTOR('',#2717,2.546009247041E-2);
#2719=CARTESIAN_POINT('',(1.031286013530E1,9.129855803223E-2));
#2720=LINE('',#2719,#2718);
#2721=TRIMMED_CURVE('',#2720,(PARAMETER_VALUE(0.E0)),(PARAMETER_VALUE(1.E0)),
.T.,.UNSPECIFIED.);
#2722=COMPOSITE_CURVE_SEGMENT(.CONTINUOUS.,.T.,#2721);
#2723=DIRECTION('',(8.646851144058E-1,-5.023142969547E-1));
#2724=VECTOR('',#2723,2.525433938941E-2);
#2725=CARTESIAN_POINT('',(1.033422730759E1,7.745441643173E-2));
#2726=LINE('',#2725,#2724);
#2727=TRIMMED_CURVE('',#2726,(PARAMETER_VALUE(0.E0)),(PARAMETER_VALUE(1.E0)),
.T.,.UNSPECIFIED.);
#2728=COMPOSITE_CURVE_SEGMENT(.CONTINUOUS.,.T.,#2727);
#2729=DIRECTION('',(8.882525369837E-1,-4.593554511945E-1));
#2730=VECTOR('',#2729,2.513147836327E-2);
#2731=CARTESIAN_POINT('',(1.035606435894E1,6.476880069628E-2));
#2732=LINE('',#2731,#2730);
#2733=TRIMMED_CURVE('',#2732,(PARAMETER_VALUE(0.E0)),(PARAMETER_VALUE(1.E0)),
.T.,.UNSPECIFIED.);
#2734=COMPOSITE_CURVE_SEGMENT(.CONTINUOUS.,.T.,#2733);
#2735=DIRECTION('',(9.097711249461E-1,-4.151102265837E-1));
#2736=VECTOR('',#2735,2.508290935145E-2);
#2737=CARTESIAN_POINT('',(1.037838745835E1,5.322451911353E-2));
#2738=LINE('',#2737,#2736);
#2739=TRIMMED_CURVE('',#2738,(PARAMETER_VALUE(0.E0)),(PARAMETER_VALUE(1.E0)),
.T.,.UNSPECIFIED.);
#2740=COMPOSITE_CURVE_SEGMENT(.CONTINUOUS.,.T.,#2739);
#2741=DIRECTION('',(9.290926809918E-1,-3.698469820446E-1));
#2742=VECTOR('',#2741,2.509968261080E-2);
#2743=CARTESIAN_POINT('',(1.040120716501E1,4.281234692928E-2));
#2744=LINE('',#2743,#2742);
#2745=TRIMMED_CURVE('',#2744,(PARAMETER_VALUE(0.E0)),(PARAMETER_VALUE(1.E0)),
.T.,.UNSPECIFIED.);
#2746=COMPOSITE_CURVE_SEGMENT(.CONTINUOUS.,.T.,#2745);
#2747=DIRECTION('',(9.461104209894E-1,-3.238442083707E-1));
#2748=VECTOR('',#2747,2.519930875675E-2);
#2749=CARTESIAN_POINT('',(1.042452709642E1,3.352930506539E-2));
#2750=LINE('',#2749,#2748);
#2751=TRIMMED_CURVE('',#2750,(PARAMETER_VALUE(0.E0)),(PARAMETER_VALUE(1.E0)),
.T.,.UNSPECIFIED.);
#2752=COMPOSITE_CURVE_SEGMENT(.CONTINUOUS.,.T.,#2751);
#2753=DIRECTION('',(9.607622053603E-1,-2.773733670545E-1));
#2754=VECTOR('',#2753,2.538166342277E-2);
#2755=CARTESIAN_POINT('',(1.044836842503E1,2.536865486958E-2));
#2756=LINE('',#2755,#2754);
#2757=TRIMMED_CURVE('',#2756,(PARAMETER_VALUE(0.E0)),(PARAMETER_VALUE(1.E0)),
.T.,.UNSPECIFIED.);
#2758=COMPOSITE_CURVE_SEGMENT(.CONTINUOUS.,.T.,#2757);
#2759=DIRECTION('',(9.730232662363E-1,-2.307070076153E-1));
#2760=VECTOR('',#2759,2.564664488574E-2);
#2761=CARTESIAN_POINT('',(1.047275416796E1,1.832845742456E-2));
#2762=LINE('',#2761,#2760);
#2763=TRIMMED_CURVE('',#2762,(PARAMETER_VALUE(0.E0)),(PARAMETER_VALUE(1.E0)),
.T.,.UNSPECIFIED.);
#2764=COMPOSITE_CURVE_SEGMENT(.CONTINUOUS.,.T.,#2763);
#2765=DIRECTION('',(9.829053103709E-1,-1.841117889891E-1));
#2766=VECTOR('',#2765,2.599417277399E-2);
#2767=CARTESIAN_POINT('',(1.049770895013E1,1.241159672760E-2));
#2768=LINE('',#2767,#2766);
#2769=TRIMMED_CURVE('',#2768,(PARAMETER_VALUE(0.E0)),(PARAMETER_VALUE(1.E0)),
.T.,.UNSPECIFIED.);
#2770=COMPOSITE_CURVE_SEGMENT(.CONTINUOUS.,.T.,#2769);
#2771=DIRECTION('',(9.904542168819E-1,-1.378420990147E-1));
#2772=VECTOR('',#2771,2.642418549144E-2);
#2773=CARTESIAN_POINT('',(1.052325876059E1,7.625763074885E-3));
#2774=LINE('',#2773,#2772);
#2775=TRIMMED_CURVE('',#2774,(PARAMETER_VALUE(0.E0)),(PARAMETER_VALUE(1.E0)),
.T.,.UNSPECIFIED.);
#2776=COMPOSITE_CURVE_SEGMENT(.CONTINUOUS.,.T.,#2775);
#2777=DIRECTION('',(9.957465635955E-1,-9.213458138888E-2));
#2778=VECTOR('',#2777,2.693663637868E-2);
#2779=CARTESIAN_POINT('',(1.054943070654E1,3.983397881990E-3));
#2780=LINE('',#2779,#2778);
#2781=TRIMMED_CURVE('',#2780,(PARAMETER_VALUE(0.E0)),(PARAMETER_VALUE(1.E0)),
.T.,.UNSPECIFIED.);
#2782=COMPOSITE_CURVE_SEGMENT(.CONTINUOUS.,.T.,#2781);
#2783=DIRECTION('',(9.988852800758E-1,-4.720378425470E-2));
#2784=VECTOR('',#2783,2.753148866818E-2);
#2785=CARTESIAN_POINT('',(1.057625276965E1,1.501602165216E-3));
#2786=LINE('',#2785,#2784);
#2787=TRIMMED_CURVE('',#2786,(PARAMETER_VALUE(0.E0)),(PARAMETER_VALUE(1.E0)),
.T.,.UNSPECIFIED.);
#2788=COMPOSITE_CURVE_SEGMENT(.CONTINUOUS.,.T.,#2787);
#2789=DIRECTION('',(9.999217916266E-1,-1.250642356186E-2));
#2790=VECTOR('',#2789,1.615263651619E-2);
#2791=CARTESIAN_POINT('',(1.060375356842E1,2.020117139123E-4));
#2792=LINE('',#2791,#2790);
#2793=TRIMMED_CURVE('',#2792,(PARAMETER_VALUE(0.E0)),(PARAMETER_VALUE(1.E0)),
.T.,.UNSPECIFIED.);
#2794=COMPOSITE_CURVE_SEGMENT(.CONTINUOUS.,.T.,#2793);
#2795=DIRECTION('',(9.997737730445E-1,2.126976098605E-2));
#2796=VECTOR('',#2795,2.841732159570E-2);
#2797=CARTESIAN_POINT('',(1.061990494166E1,0.E0));
#2798=LINE('',#2797,#2796);
#2799=TRIMMED_CURVE('',#2798,(PARAMETER_VALUE(0.E0)),(PARAMETER_VALUE(1.E0)),
.T.,.UNSPECIFIED.);
#2800=COMPOSITE_CURVE_SEGMENT(.CONTINUOUS.,.T.,#2799);
#2801=DIRECTION('',(9.978896979041E-1,6.493189368017E-2));
#2802=VECTOR('',#2801,2.757490035431E-2);
#2803=CARTESIAN_POINT('',(1.064831583449E1,6.044296382042E-4));
#2804=LINE('',#2803,#2802);
#2805=TRIMMED_CURVE('',#2804,(PARAMETER_VALUE(0.E0)),(PARAMETER_VALUE(1.E0)),
.T.,.UNSPECIFIED.);
#2806=COMPOSITE_CURVE_SEGMENT(.CONTINUOUS.,.T.,#2805);
#2807=DIRECTION('',(9.939558576665E-1,1.097804764537E-1));
#2808=VECTOR('',#2807,2.684769429559E-2);
#2809=CARTESIAN_POINT('',(1.067583254348E1,2.394920136251E-3));
#2810=LINE('',#2809,#2808);
#2811=TRIMMED_CURVE('',#2810,(PARAMETER_VALUE(0.E0)),(PARAMETER_VALUE(1.E0)),
.T.,.UNSPECIFIED.);
#2812=COMPOSITE_CURVE_SEGMENT(.CONTINUOUS.,.T.,#2811);
#2813=DIRECTION('',(9.878213795986E-1,1.555921656380E-1));
#2814=VECTOR('',#2813,2.623363414133E-2);
#2815=CARTESIAN_POINT('',(1.070251796649E1,5.342272807705E-3));
#2816=LINE('',#2815,#2814);
#2817=TRIMMED_CURVE('',#2816,(PARAMETER_VALUE(0.E0)),(PARAMETER_VALUE(1.E0)),
.T.,.UNSPECIFIED.);
#2818=COMPOSITE_CURVE_SEGMENT(.CONTINUOUS.,.T.,#2817);
#2819=DIRECTION('',(9.793628771846E-1,2.021097592714E-1));
#2820=VECTOR('',#2819,2.573104467143E-2);
#2821=CARTESIAN_POINT('',(1.072843211116E1,9.424020756310E-3));
#2822=LINE('',#2821,#2820);
#2823=TRIMMED_CURVE('',#2822,(PARAMETER_VALUE(0.E0)),(PARAMETER_VALUE(1.E0)),
.T.,.UNSPECIFIED.);
#2824=COMPOSITE_CURVE_SEGMENT(.CONTINUOUS.,.T.,#2823);
#2825=DIRECTION('',(9.684915075770E-1,2.490465814887E-1));
#2826=VECTOR('',#2825,2.533863293236E-2);
#2827=CARTESIAN_POINT('',(1.075363214110E1,1.462451600066E-2));
#2828=LINE('',#2827,#2826);
#2829=TRIMMED_CURVE('',#2828,(PARAMETER_VALUE(0.E0)),(PARAMETER_VALUE(1.E0)),
.T.,.UNSPECIFIED.);
#2830=COMPOSITE_CURVE_SEGMENT(.CONTINUOUS.,.T.,#2829);
#2831=DIRECTION('',(9.551591716335E-1,2.960928179547E-1));
#2832=VECTOR('',#2831,2.505547946736E-2);
#2833=CARTESIAN_POINT('',(1.077817239191E1,2.093501591206E-2));
#2834=LINE('',#2833,#2832);
#2835=TRIMMED_CURVE('',#2834,(PARAMETER_VALUE(0.E0)),(PARAMETER_VALUE(1.E0)),
.T.,.UNSPECIFIED.);
#2836=COMPOSITE_CURVE_SEGMENT(.CONTINUOUS.,.T.,#2835);
#2837=DIRECTION('',(9.393632950427E-1,3.429236065459E-1));
#2838=VECTOR('',#2837,2.488103239882E-2);
#2839=CARTESIAN_POINT('',(1.080210436292E1,2.835376343275E-2));
#2840=LINE('',#2839,#2838);
#2841=TRIMMED_CURVE('',#2840,(PARAMETER_VALUE(0.E0)),(PARAMETER_VALUE(1.E0)),
.T.,.UNSPECIFIED.);
#2842=COMPOSITE_CURVE_SEGMENT(.CONTINUOUS.,.T.,#2841);
#2843=DIRECTION('',(9.211547531584E-1,3.891965065795E-1));
#2844=VECTOR('',#2843,2.480214980191E-2);
#2845=CARTESIAN_POINT('',(1.082547669150E1,3.688605679754E-2));
#2846=LINE('',#2845,#2844);
#2847=TRIMMED_CURVE('',#2846,(PARAMETER_VALUE(0.E0)),(PARAMETER_VALUE(1.E0)),
.T.,.UNSPECIFIED.);
#2848=COMPOSITE_CURVE_SEGMENT(.CONTINUOUS.,.T.,#2847);
#2849=DIRECTION('',(9.006470323723E-1,4.345514044148E-1));
#2850=VECTOR('',#2849,2.480586286966E-2);
#2851=CARTESIAN_POINT('',(1.084832330968E1,4.653896685611E-2));
#2852=LINE('',#2851,#2850);
#2853=TRIMMED_CURVE('',#2852,(PARAMETER_VALUE(0.E0)),(PARAMETER_VALUE(1.E0)),
.T.,.UNSPECIFIED.);
#2854=COMPOSITE_CURVE_SEGMENT(.CONTINUOUS.,.T.,#2853);
#2855=DIRECTION('',(8.780006085120E-1,4.786595151593E-1));
#2856=VECTOR('',#2855,2.491801716451E-2);
#2857=CARTESIAN_POINT('',(1.087066463646E1,5.731838940384E-2));
#2858=LINE('',#2857,#2856);
#2859=TRIMMED_CURVE('',#2858,(PARAMETER_VALUE(0.E0)),(PARAMETER_VALUE(1.E0)),
.T.,.UNSPECIFIED.);
#2860=COMPOSITE_CURVE_SEGMENT(.CONTINUOUS.,.T.,#2859);
#2861=DIRECTION('',(8.534075993087E-1,5.212441553075E-1));
#2862=VECTOR('',#2861,2.513883048648E-2);
#2863=CARTESIAN_POINT('',(1.089254267069E1,6.924563541854E-2));
#2864=LINE('',#2863,#2862);
#2865=TRIMMED_CURVE('',#2864,(PARAMETER_VALUE(0.E0)),(PARAMETER_VALUE(1.E0)),
.T.,.UNSPECIFIED.);
#2866=COMPOSITE_CURVE_SEGMENT(.CONTINUOUS.,.T.,#2865);
#2867=DIRECTION('',(8.270936519472E-1,5.620641341597E-1));
#2868=VECTOR('',#2867,2.546889420856E-2);
#2869=CARTESIAN_POINT('',(1.091399633967E1,8.234910388088E-2));
#2870=LINE('',#2869,#2868);
#2871=TRIMMED_CURVE('',#2870,(PARAMETER_VALUE(0.E0)),(PARAMETER_VALUE(1.E0)),
.T.,.UNSPECIFIED.);
#2872=COMPOSITE_CURVE_SEGMENT(.CONTINUOUS.,.T.,#2871);
#2873=DIRECTION('',(7.993096091610E-1,6.009194194755E-1));
#2874=VECTOR('',#2873,2.590918529668E-2);
#2875=CARTESIAN_POINT('',(1.093506150039E1,9.666425585222E-2));
#2876=LINE('',#2875,#2874);
#2877=TRIMMED_CURVE('',#2876,(PARAMETER_VALUE(0.E0)),(PARAMETER_VALUE(1.E0)),
.T.,.UNSPECIFIED.);
#2878=COMPOSITE_CURVE_SEGMENT(.CONTINUOUS.,.T.,#2877);
#2879=DIRECTION('',(7.703224675643E-1,6.376545271271E-1));
#2880=VECTOR('',#2879,2.646108194979E-2);
#2881=CARTESIAN_POINT('',(1.095577096116E1,1.122335884398E-1));
#2882=LINE('',#2881,#2880);
#2883=TRIMMED_CURVE('',#2882,(PARAMETER_VALUE(0.E0)),(PARAMETER_VALUE(1.E0)),
.T.,.UNSPECIFIED.);
#2884=COMPOSITE_CURVE_SEGMENT(.CONTINUOUS.,.T.,#2883);
#2885=DIRECTION('',(7.404062833857E-1,6.721596056912E-1));
#2886=VECTOR('',#2885,2.712638326741E-2);
#2887=CARTESIAN_POINT('',(1.097615452710E1,1.291066171378E-1));
#2888=LINE('',#2887,#2886);
#2889=TRIMMED_CURVE('',#2888,(PARAMETER_VALUE(0.E0)),(PARAMETER_VALUE(1.E0)),
.T.,.UNSPECIFIED.);
#2890=COMPOSITE_CURVE_SEGMENT(.CONTINUOUS.,.T.,#2889);
#2891=DIRECTION('',(7.161701130107E-1,6.979257619764E-1));
#2892=VECTOR('',#2891,1.635479120121E-2);
#2893=CARTESIAN_POINT('',(1.099623907172E1,1.473398762186E-1));
#2894=LINE('',#2893,#2892);
#2895=TRIMMED_CURVE('',#2894,(PARAMETER_VALUE(0.E0)),(PARAMETER_VALUE(1.E0)),
.T.,.UNSPECIFIED.);
#2896=COMPOSITE_CURVE_SEGMENT(.CONTINUOUS.,.T.,#2895);
#2897=DIRECTION('',(6.979789566113E-1,7.161182696509E-1));
#2898=VECTOR('',#2897,1.638369283410E-2);
#2899=CARTESIAN_POINT('',(1.100795188438E1,1.587543063297E-1));
#2900=LINE('',#2899,#2898);
#2901=TRIMMED_CURVE('',#2900,(PARAMETER_VALUE(0.E0)),(PARAMETER_VALUE(1.E0)),
.T.,.UNSPECIFIED.);
#2902=COMPOSITE_CURVE_SEGMENT(.CONTINUOUS.,.T.,#2901);
#2903=DIRECTION('',(6.721902884778E-1,7.403784276140E-1));
#2904=VECTOR('',#2903,2.712117038888E-2);
#2905=CARTESIAN_POINT('',(1.101938735721E1,1.704869680925E-1));
#2906=LINE('',#2905,#2904);
#2907=TRIMMED_CURVE('',#2906,(PARAMETER_VALUE(0.E0)),(PARAMETER_VALUE(1.E0)),
.T.,.UNSPECIFIED.);
#2908=COMPOSITE_CURVE_SEGMENT(.CONTINUOUS.,.T.,#2907);
#2909=DIRECTION('',(6.376790031469E-1,7.703022062448E-1));
#2910=VECTOR('',#2909,2.645610326055E-2);
#2911=CARTESIAN_POINT('',(1.103761794456E1,1.905668975801E-1));
#2912=LINE('',#2911,#2910);
#2913=TRIMMED_CURVE('',#2912,(PARAMETER_VALUE(0.E0)),(PARAMETER_VALUE(1.E0)),
.T.,.UNSPECIFIED.);
#2914=COMPOSITE_CURVE_SEGMENT(.CONTINUOUS.,.T.,#2913);
#2915=DIRECTION('',(6.009370702716E-1,7.992963390216E-1));
#2916=VECTOR('',#2915,2.590450308134E-2);
#2917=CARTESIAN_POINT('',(1.105448844611E1,2.109460922903E-1));
#2918=LINE('',#2917,#2916);
#2919=TRIMMED_CURVE('',#2918,(PARAMETER_VALUE(0.E0)),(PARAMETER_VALUE(1.E0)),
.T.,.UNSPECIFIED.);
#2920=COMPOSITE_CURVE_SEGMENT(.CONTINUOUS.,.T.,#2919);
#2921=DIRECTION('',(5.620745311377E-1,8.270865864263E-1));
#2922=VECTOR('',#2921,2.546457069071E-2);
#2923=CARTESIAN_POINT('',(1.107005542230E1,2.316514667674E-1));
#2924=LINE('',#2923,#2922);
#2925=TRIMMED_CURVE('',#2924,(PARAMETER_VALUE(0.E0)),(PARAMETER_VALUE(1.E0)),
.T.,.UNSPECIFIED.);
#2926=COMPOSITE_CURVE_SEGMENT(.CONTINUOUS.,.T.,#2925);
#2927=DIRECTION('',(5.212471045406E-1,8.534057979696E-1));
#2928=VECTOR('',#2927,2.513492863105E-2);
#2929=CARTESIAN_POINT('',(1.108436840893E1,2.527128716148E-1));
#2930=LINE('',#2929,#2928);
#2931=TRIMMED_CURVE('',#2930,(PARAMETER_VALUE(0.E0)),(PARAMETER_VALUE(1.E0)),
.T.,.UNSPECIFIED.);
#2932=COMPOSITE_CURVE_SEGMENT(.CONTINUOUS.,.T.,#2931);
#2933=DIRECTION('',(4.786550940812E-1,8.780030187363E-1));
#2934=VECTOR('',#2933,2.491460152773E-2);
#2935=CARTESIAN_POINT('',(1.109746991771E1,2.741631654401E-1));
#2936=LINE('',#2935,#2934);
#2937=TRIMMED_CURVE('',#2936,(PARAMETER_VALUE(0.E0)),(PARAMETER_VALUE(1.E0)),
.T.,.UNSPECIFIED.);
#2938=COMPOSITE_CURVE_SEGMENT(.CONTINUOUS.,.T.,#2937);
#2939=DIRECTION('',(4.345399866412E-1,9.006525412221E-1));
#2940=VECTOR('',#2939,2.480300050645E-2);
#2941=CARTESIAN_POINT('',(1.110939541864E1,2.960382607920E-1));
#2942=LINE('',#2941,#2940);
#2943=TRIMMED_CURVE('',#2942,(PARAMETER_VALUE(0.E0)),(PARAMETER_VALUE(1.E0)),
.T.,.UNSPECIFIED.);
#2944=COMPOSITE_CURVE_SEGMENT(.CONTINUOUS.,.T.,#2943);
#2945=DIRECTION('',(3.891787719060E-1,9.211622460228E-1));
#2946=VECTOR('',#2945,2.479991124405E-2);
#2947=CARTESIAN_POINT('',(1.112017331415E1,3.183771462281E-1));
#2948=LINE('',#2947,#2946);
#2949=TRIMMED_CURVE('',#2948,(PARAMETER_VALUE(0.E0)),(PARAMETER_VALUE(1.E0)),
.T.,.UNSPECIFIED.);
#2950=COMPOSITE_CURVE_SEGMENT(.CONTINUOUS.,.T.,#2949);
#2951=DIRECTION('',(3.429012510045E-1,9.393714558467E-1));
#2952=VECTOR('',#2951,2.487873032712E-2);
#2953=CARTESIAN_POINT('',(1.112982491315E1,3.412218881708E-1));
#2954=LINE('',#2953,#2952);
#2955=TRIMMED_CURVE('',#2954,(PARAMETER_VALUE(0.E0)),(PARAMETER_VALUE(1.E0)),
.T.,.UNSPECIFIED.);
#2956=COMPOSITE_CURVE_SEGMENT(.CONTINUOUS.,.T.,#2955);
#2957=DIRECTION('',(2.960678661188E-1,9.551669061750E-1));
#2958=VECTOR('',#2957,2.505390509616E-2);
#2959=CARTESIAN_POINT('',(1.113835586091E1,3.645922572979E-1));
#2960=LINE('',#2959,#2958);
#2961=TRIMMED_CURVE('',#2960,(PARAMETER_VALUE(0.E0)),(PARAMETER_VALUE(1.E0)),
.T.,.UNSPECIFIED.);
#2962=COMPOSITE_CURVE_SEGMENT(.CONTINUOUS.,.T.,#2961);
#2963=DIRECTION('',(2.490205915913E-1,9.684981904803E-1));
#2964=VECTOR('',#2963,2.533785826158E-2);
#2965=CARTESIAN_POINT('',(1.114577351713E1,3.885229183162E-1));
#2966=LINE('',#2965,#2964);
#2967=TRIMMED_CURVE('',#2966,(PARAMETER_VALUE(0.E0)),(PARAMETER_VALUE(1.E0)),
.T.,.UNSPECIFIED.);
#2968=COMPOSITE_CURVE_SEGMENT(.CONTINUOUS.,.T.,#2967);
#2969=DIRECTION('',(2.020844381140E-1,9.793681023354E-1));
#2970=VECTOR('',#2969,2.573114833012E-2);
#2971=CARTESIAN_POINT('',(1.115208316558E1,4.130625881931E-1));
#2972=LINE('',#2971,#2970);
#2973=TRIMMED_CURVE('',#2972,(PARAMETER_VALUE(0.E0)),(PARAMETER_VALUE(1.E0)),
.T.,.UNSPECIFIED.);
#2974=COMPOSITE_CURVE_SEGMENT(.CONTINUOUS.,.T.,#2973);
#2975=DIRECTION('',(1.555693109239E-1,9.878249791834E-1));
#2976=VECTOR('',#2975,2.623470276418E-2);
#2977=CARTESIAN_POINT('',(1.115728303023E1,4.382628541041E-1));
#2978=LINE('',#2977,#2976);
#2979=TRIMMED_CURVE('',#2978,(PARAMETER_VALUE(0.E0)),(PARAMETER_VALUE(1.E0)),
.T.,.UNSPECIFIED.);
#2980=COMPOSITE_CURVE_SEGMENT(.CONTINUOUS.,.T.,#2979);
#2981=DIRECTION('',(1.097619187991E-1,9.939579071478E-1));
#2982=VECTOR('',#2981,2.684982407311E-2);
#2983=CARTESIAN_POINT('',(1.116136434486E1,4.641781488160E-1));
#2984=LINE('',#2983,#2982);
#2985=TRIMMED_CURVE('',#2984,(PARAMETER_VALUE(0.E0)),(PARAMETER_VALUE(1.E0)),
.T.,.UNSPECIFIED.);
#2986=COMPOSITE_CURVE_SEGMENT(.CONTINUOUS.,.T.,#2985);
#2987=DIRECTION('',(6.491944233156E-2,9.978905080255E-1));
#2988=VECTOR('',#2987,2.757819878970E-2);
#2989=CARTESIAN_POINT('',(1.116431143307E1,4.908657437590E-1));
#2990=LINE('',#2989,#2988);
#2991=TRIMMED_CURVE('',#2990,(PARAMETER_VALUE(0.E0)),(PARAMETER_VALUE(1.E0)),
.T.,.UNSPECIFIED.);
#2992=COMPOSITE_CURVE_SEGMENT(.CONTINUOUS.,.T.,#2991);
#2993=DIRECTION('',(2.126515644688E-2,9.997738709935E-1));
#2994=VECTOR('',#2993,2.842190950794E-2);
#2995=CARTESIAN_POINT('',(1.116610179436E1,5.183857665597E-1));
#2996=LINE('',#2995,#2994);
#2997=TRIMMED_CURVE('',#2996,(PARAMETER_VALUE(0.E0)),(PARAMETER_VALUE(1.E0)),
.T.,.UNSPECIFIED.);
#2998=COMPOSITE_CURVE_SEGMENT(.CONTINUOUS.,.T.,#2997);
#2999=DIRECTION('',(-1.511931883084E-2,9.998856965664E-1));
#3000=VECTOR('',#2999,1.950024419359E-2);
#3001=CARTESIAN_POINT('',(1.116670619071E1,5.468012490495E-1));
#3002=LINE('',#3001,#3000);
#3003=TRIMMED_CURVE('',#3002,(PARAMETER_VALUE(0.E0)),(PARAMETER_VALUE(1.E0)),
.T.,.UNSPECIFIED.);
#3004=COMPOSITE_CURVE_SEGMENT(.CONTINUOUS.,.T.,#3003);
#3005=DIRECTION('',(-5.253875847095E-2,9.986188856908E-1));
#3006=VECTOR('',#3005,2.745169400592E-2);
#3007=CARTESIAN_POINT('',(1.116641136030E1,5.662992642982E-1));
#3008=LINE('',#3007,#3006);
#3009=TRIMMED_CURVE('',#3008,(PARAMETER_VALUE(0.E0)),(PARAMETER_VALUE(1.E0)),
.T.,.UNSPECIFIED.);
#3010=COMPOSITE_CURVE_SEGMENT(.CONTINUOUS.,.T.,#3009);
#3011=DIRECTION('',(-9.757746262255E-2,9.952279330827E-1));
#3012=VECTOR('',#3011,2.684664042E-2);
#3013=CARTESIAN_POINT('',(1.116496908238E1,5.937130443767E-1));
#3014=LINE('',#3013,#3012);
#3015=TRIMMED_CURVE('',#3014,(PARAMETER_VALUE(0.E0)),(PARAMETER_VALUE(1.E0)),
.T.,.UNSPECIFIED.);
#3016=COMPOSITE_CURVE_SEGMENT(.CONTINUOUS.,.T.,#3015);
#3017=DIRECTION('',(-1.434029584391E-1,9.896643832688E-1));
#3018=VECTOR('',#3017,2.631563042394E-2);
#3019=CARTESIAN_POINT('',(1.116234945533E1,6.204315708321E-1));
#3020=LINE('',#3019,#3018);
#3021=TRIMMED_CURVE('',#3020,(PARAMETER_VALUE(0.E0)),(PARAMETER_VALUE(1.E0)),
.T.,.UNSPECIFIED.);
#3022=COMPOSITE_CURVE_SEGMENT(.CONTINUOUS.,.T.,#3021);
#3023=DIRECTION('',(-1.898143169476E-1,9.818200064583E-1));
#3024=VECTOR('',#3023,2.585922542139E-2);
#3025=CARTESIAN_POINT('',(1.115857571607E1,6.464752129860E-1));
#3026=LINE('',#3025,#3024);
#3027=TRIMMED_CURVE('',#3026,(PARAMETER_VALUE(0.E0)),(PARAMETER_VALUE(1.E0)),
.T.,.UNSPECIFIED.);
#3028=COMPOSITE_CURVE_SEGMENT(.CONTINUOUS.,.T.,#3027);
#3029=DIRECTION('',(-2.365878176321E-1,9.716101093279E-1));
#3030=VECTOR('',#3029,2.547792112735E-2);
#3031=CARTESIAN_POINT('',(1.115366726486E1,6.718643178562E-1));
#3032=LINE('',#3031,#3030);
#3033=TRIMMED_CURVE('',#3032,(PARAMETER_VALUE(0.E0)),(PARAMETER_VALUE(1.E0)),
.T.,.UNSPECIFIED.);
#3034=COMPOSITE_CURVE_SEGMENT(.CONTINUOUS.,.T.,#3033);
#3035=DIRECTION('',(-2.834804993142E-1,9.589780010556E-1));
#3036=VECTOR('',#3035,2.517215491296E-2);
#3037=CARTESIAN_POINT('',(1.114763949911E1,6.966189235882E-1));
#3038=LINE('',#3037,#3036);
#3039=TRIMMED_CURVE('',#3038,(PARAMETER_VALUE(0.E0)),(PARAMETER_VALUE(1.E0)),
.T.,.UNSPECIFIED.);
#3040=COMPOSITE_CURVE_SEGMENT(.CONTINUOUS.,.T.,#3039);
#3041=DIRECTION('',(-3.302348386908E-1,9.438988035350E-1));
#3042=VECTOR('',#3041,2.494231219667E-2);
#3043=CARTESIAN_POINT('',(1.114050368406E1,7.207584663889E-1));
#3044=LINE('',#3043,#3042);
#3045=TRIMMED_CURVE('',#3044,(PARAMETER_VALUE(0.E0)),(PARAMETER_VALUE(1.E0)),
.T.,.UNSPECIFIED.);
#3046=COMPOSITE_CURVE_SEGMENT(.CONTINUOUS.,.T.,#3045);
#3047=DIRECTION('',(-3.765844142950E-1,9.263823071012E-1));
#3048=VECTOR('',#3047,2.478873173580E-2);
#3049=CARTESIAN_POINT('',(1.113226686362E1,7.443014850287E-1));
#3050=LINE('',#3049,#3048);
#3051=TRIMMED_CURVE('',#3050,(PARAMETER_VALUE(0.E0)),(PARAMETER_VALUE(1.E0)),
.T.,.UNSPECIFIED.);
#3052=COMPOSITE_CURVE_SEGMENT(.CONTINUOUS.,.T.,#3051);
#3053=DIRECTION('',(-4.222603192166E-1,9.064746123390E-1));
#3054=VECTOR('',#3053,2.471170971796E-2);
#3055=CARTESIAN_POINT('',(1.112293181360E1,7.672653275243E-1));
#3056=LINE('',#3055,#3054);
#3057=TRIMMED_CURVE('',#3056,(PARAMETER_VALUE(0.E0)),(PARAMETER_VALUE(1.E0)),
.T.,.UNSPECIFIED.);
#3058=COMPOSITE_CURVE_SEGMENT(.CONTINUOUS.,.T.,#3057);
#3059=DIRECTION('',(-4.669980041940E-1,8.842583695272E-1));
#3060=VECTOR('',#3059,2.471150260017E-2);
#3061=CARTESIAN_POINT('',(1.111249703916E1,7.896658650111E-1));
#3062=LINE('',#3061,#3060);
#3063=TRIMMED_CURVE('',#3062,(PARAMETER_VALUE(0.E0)),(PARAMETER_VALUE(1.E0)),
.T.,.UNSPECIFIED.);
#3064=COMPOSITE_CURVE_SEGMENT(.CONTINUOUS.,.T.,#3063);
#3065=DIRECTION('',(-4.997759043266E-1,8.661547468291E-1));
#3066=VECTOR('',#3065,1.238050206651E-2);
#3067=CARTESIAN_POINT('',(1.110095681677E1,8.115172180089E-1));
#3068=LINE('',#3067,#3066);
#3069=TRIMMED_CURVE('',#3068,(PARAMETER_VALUE(0.E0)),(PARAMETER_VALUE(1.E0)),
.T.,.UNSPECIFIED.);
#3070=COMPOSITE_CURVE_SEGMENT(.CONTINUOUS.,.T.,#3069);
#3071=DIRECTION('',(-5.212041124137E-1,8.534320554110E-1));
#3072=VECTOR('',#3071,1.240536830351E-2);
#3073=CARTESIAN_POINT('',(1.109476934015E1,8.222406486419E-1));
#3074=LINE('',#3073,#3072);
#3075=TRIMMED_CURVE('',#3074,(PARAMETER_VALUE(0.E0)),(PARAMETER_VALUE(1.E0)),
.T.,.UNSPECIFIED.);
#3076=COMPOSITE_CURVE_SEGMENT(.CONTINUOUS.,.T.,#3075);
#3077=DIRECTION('',(-5.526333174869E-1,8.334245115207E-1));
#3078=VECTOR('',#3077,2.491481671542E-2);
#3079=CARTESIAN_POINT('',(1.108830361118E1,8.328277876113E-1));
#3080=LINE('',#3079,#3078);
#3081=TRIMMED_CURVE('',#3080,(PARAMETER_VALUE(0.E0)),(PARAMETER_VALUE(1.E0)),
.T.,.UNSPECIFIED.);
#3082=COMPOSITE_CURVE_SEGMENT(.CONTINUOUS.,.T.,#3081);
#3083=DIRECTION('',(-5.930535175679E-1,8.051630426817E-1));
#3084=VECTOR('',#3083,2.512280011550E-2);
#3085=CARTESIAN_POINT('',(1.107453485336E1,8.535924065620E-1));
#3086=LINE('',#3085,#3084);
#3087=TRIMMED_CURVE('',#3086,(PARAMETER_VALUE(0.E0)),(PARAMETER_VALUE(1.E0)),
.T.,.UNSPECIFIED.);
#3088=COMPOSITE_CURVE_SEGMENT(.CONTINUOUS.,.T.,#3087);
#3089=DIRECTION('',(-6.316240916627E-1,7.752747943995E-1));
#3090=VECTOR('',#3089,2.540783910274E-2);
#3091=CARTESIAN_POINT('',(1.105963568838E1,8.738203567437E-1));
#3092=LINE('',#3091,#3090);
#3093=TRIMMED_CURVE('',#3092,(PARAMETER_VALUE(0.E0)),(PARAMETER_VALUE(1.E0)),
.T.,.UNSPECIFIED.);
#3094=COMPOSITE_CURVE_SEGMENT(.CONTINUOUS.,.T.,#3093);
#3095=DIRECTION('',(-6.682008174172E-1,7.439809591669E-1));
#3096=VECTOR('',#3095,2.576984615509E-2);
#3097=CARTESIAN_POINT('',(1.104358748509E1,8.935184139802E-1));
#3098=LINE('',#3097,#3096);
#3099=TRIMMED_CURVE('',#3098,(PARAMETER_VALUE(0.E0)),(PARAMETER_VALUE(1.E0)),
.T.,.UNSPECIFIED.);
#3100=COMPOSITE_CURVE_SEGMENT(.CONTINUOUS.,.T.,#3099);
#3101=DIRECTION('',(-7.026737629049E-1,7.115121804474E-1));
#3102=VECTOR('',#3101,2.620870368203E-2);
#3103=CARTESIAN_POINT('',(1.102636805282E1,9.126906888402E-1));
#3104=LINE('',#3103,#3102);
#3105=TRIMMED_CURVE('',#3104,(PARAMETER_VALUE(0.E0)),(PARAMETER_VALUE(1.E0)),
.T.,.UNSPECIFIED.);
#3106=COMPOSITE_CURVE_SEGMENT(.CONTINUOUS.,.T.,#3105);
#3107=COMPOSITE_CURVE('',(#2272,#2278,#2284,#2290,#2296,#2302,#2308,#2314,#2320,
#2326,#2332,#2338,#2344,#2350,#2356,#2362,#2368,#2374,#2380,#2386,#2392,#2398,
#2404,#2410,#2416,#2422,#2428,#2434,#2440,#2446,#2452,#2458,#2464,#2470,#2476,
#2482,#2488,#2494,#2500,#2506,#2512,#2518,#2524,#2530,#2536,#2542,#2548,#2554,
#2560,#2566,#2572,#2578,#2584,#2590,#2596,#2602,#2608,#2614,#2620,#2626,#2632,
#2638,#2644,#2650,#2656,#2662,#2668,#2674,#2680,#2686,#2692,#2698,#2704,#2710,
#2716,#2722,#2728,#2734,#2740,#2746,#2752,#2758,#2764,#2770,#2776,#2782,#2788,
#2794,#2800,#2806,#2812,#2818,#2824,#2830,#2836,#2842,#2848,#2854,#2860,#2866,
#2872,#2878,#2884,#2890,#2896,#2902,#2908,#2914,#2920,#2926,#2932,#2938,#2944,
#2950,#2956,#2962,#2968,#2974,#2980,#2986,#2992,#2998,#3004,#3010,#3016,#3022,
#3028,#3034,#3040,#3046,#3052,#3058,#3064,#3070,#3076,#3082,#3088,#3094,#3100,
#3106),.F.);
#3108=(ANNOTATION_CURVE_OCCURRENCE()ANNOTATION_OCCURRENCE()DRAUGHTING_ANNOTATION_OCCURRENCE()GEOMETRIC_REPRESENTATION_ITEM()REPRESENTATION_ITEM('')STYLED_ITEM((
#41),#3107));
#3109=DIRECTION('',(0.E0,1.E0));
#3110=VECTOR('',#3109,1.037167527681E0);
#3111=CARTESIAN_POINT('',(7.078023805125E0,2.469702825989E-2));
#3112=LINE('',#3111,#3110);
#3113=TRIMMED_CURVE('',#3112,(PARAMETER_VALUE(0.E0)),(PARAMETER_VALUE(1.E0)),
.T.,.UNSPECIFIED.);
#3114=(ANNOTATION_CURVE_OCCURRENCE()ANNOTATION_OCCURRENCE()DRAUGHTING_ANNOTATION_OCCURRENCE()GEOMETRIC_REPRESENTATION_ITEM()REPRESENTATION_ITEM('')STYLED_ITEM((
#41),#3113));
#3115=DIRECTION('',(0.E0,-1.E0));
#3116=VECTOR('',#3115,4.339097763672E-1);
#3117=CARTESIAN_POINT('',(7.183852832062E0,1.061864555941E0));
#3118=LINE('',#3117,#3116);
#3119=TRIMMED_CURVE('',#3118,(PARAMETER_VALUE(0.E0)),(PARAMETER_VALUE(1.E0)),
.T.,.UNSPECIFIED.);
#3120=(ANNOTATION_CURVE_OCCURRENCE()ANNOTATION_OCCURRENCE()DRAUGHTING_ANNOTATION_OCCURRENCE()GEOMETRIC_REPRESENTATION_ITEM()REPRESENTATION_ITEM('')STYLED_ITEM((
#41),#3119));
#3121=DIRECTION('',(0.E0,-1.E0));
#3122=VECTOR('',#3121,5.044696382745E-1);
#3123=CARTESIAN_POINT('',(7.183852832062E0,5.291666665344E-1));
#3124=LINE('',#3123,#3122);
#3125=TRIMMED_CURVE('',#3124,(PARAMETER_VALUE(0.E0)),(PARAMETER_VALUE(1.E0)),
.T.,.UNSPECIFIED.);
#3126=(ANNOTATION_CURVE_OCCURRENCE()ANNOTATION_OCCURRENCE()DRAUGHTING_ANNOTATION_OCCURRENCE()GEOMETRIC_REPRESENTATION_ITEM()REPRESENTATION_ITEM('')STYLED_ITEM((
#41),#3125));
#3127=DIRECTION('',(8.634685611028E-1,-5.044026605671E-1));
#3128=VECTOR('',#3127,2.398950044755E-2);
#3129=CARTESIAN_POINT('',(1.504274910741E1,1.754149657561E-1));
#3130=LINE('',#3129,#3128);
#3131=TRIMMED_CURVE('',#3130,(PARAMETER_VALUE(0.E0)),(PARAMETER_VALUE(1.E0)),
.T.,.UNSPECIFIED.);
#3132=COMPOSITE_CURVE_SEGMENT(.CONTINUOUS.,.T.,#3131);
#3133=DIRECTION('',(8.810851707381E-1,-4.729576322520E-1));
#3134=VECTOR('',#3133,9.642072067510E-3);
#3135=CARTESIAN_POINT('',(1.506346328684E1,1.633145979047E-1));
#3136=LINE('',#3135,#3134);
#3137=TRIMMED_CURVE('',#3136,(PARAMETER_VALUE(0.E0)),(PARAMETER_VALUE(1.E0)),
.T.,.UNSPECIFIED.);
#3138=COMPOSITE_CURVE_SEGMENT(.CONTINUOUS.,.T.,#3137);
#3139=DIRECTION('',(8.959305293263E-1,-4.441941992205E-1));
#3140=VECTOR('',#3139,2.436286179756E-2);
#3141=CARTESIAN_POINT('',(1.507195877356E1,1.587543063297E-1));
#3142=LINE('',#3141,#3140);
#3143=TRIMMED_CURVE('',#3142,(PARAMETER_VALUE(0.E0)),(PARAMETER_VALUE(1.E0)),
.T.,.UNSPECIFIED.);
#3144=COMPOSITE_CURVE_SEGMENT(.CONTINUOUS.,.T.,#3143);
#3145=DIRECTION('',(9.155148065724E-1,-4.022842762856E-1));
#3146=VECTOR('',#3145,2.564146335713E-2);
#3147=CARTESIAN_POINT('',(1.509378620522E1,1.479324644428E-1));
#3148=LINE('',#3147,#3146);
#3149=TRIMMED_CURVE('',#3148,(PARAMETER_VALUE(0.E0)),(PARAMETER_VALUE(1.E0)),
.T.,.UNSPECIFIED.);
#3150=COMPOSITE_CURVE_SEGMENT(.CONTINUOUS.,.T.,#3149);
#3151=DIRECTION('',(9.338738478297E-1,-3.576026235078E-1));
#3152=VECTOR('',#3151,2.539496424847E-2);
#3153=CARTESIAN_POINT('',(1.511726134459E1,1.376173069133E-1));
#3154=LINE('',#3153,#3152);
#3155=TRIMMED_CURVE('',#3154,(PARAMETER_VALUE(0.E0)),(PARAMETER_VALUE(1.E0)),
.T.,.UNSPECIFIED.);
#3156=COMPOSITE_CURVE_SEGMENT(.CONTINUOUS.,.T.,#3155);
#3157=DIRECTION('',(9.501927651972E-1,-3.116628129357E-1));
#3158=VECTOR('',#3157,2.522997896563E-2);
#3159=CARTESIAN_POINT('',(1.514097703757E1,1.285360010741E-1));
#3160=LINE('',#3159,#3158);
#3161=TRIMMED_CURVE('',#3160,(PARAMETER_VALUE(0.E0)),(PARAMETER_VALUE(1.E0)),
.T.,.UNSPECIFIED.);
#3162=COMPOSITE_CURVE_SEGMENT(.CONTINUOUS.,.T.,#3161);
#3163=DIRECTION('',(9.643313151647E-1,-2.646981575168E-1));
#3164=VECTOR('',#3163,2.514700308955E-2);
#3165=CARTESIAN_POINT('',(1.516495038105E1,1.206727548594E-1));
#3166=LINE('',#3165,#3164);
#3167=TRIMMED_CURVE('',#3166,(PARAMETER_VALUE(0.E0)),(PARAMETER_VALUE(1.E0)),
.T.,.UNSPECIFIED.);
#3168=COMPOSITE_CURVE_SEGMENT(.CONTINUOUS.,.T.,#3167);
#3169=DIRECTION('',(9.761797634786E-1,-2.169632903853E-1));
#3170=VECTOR('',#3169,2.514652009442E-2);
#3171=CARTESIAN_POINT('',(1.518920042361E1,1.140163894745E-1));
#3172=LINE('',#3171,#3170);
#3173=TRIMMED_CURVE('',#3172,(PARAMETER_VALUE(0.E0)),(PARAMETER_VALUE(1.E0)),
.T.,.UNSPECIFIED.);
#3174=COMPOSITE_CURVE_SEGMENT(.CONTINUOUS.,.T.,#3173);
#3175=DIRECTION('',(9.856626514023E-1,-1.687279989527E-1));
#3176=VECTOR('',#3175,2.522901092291E-2);
#3177=CARTESIAN_POINT('',(1.521374794765E1,1.085605177331E-1));
#3178=LINE('',#3177,#3176);
#3179=TRIMMED_CURVE('',#3178,(PARAMETER_VALUE(0.E0)),(PARAMETER_VALUE(1.E0)),
.T.,.UNSPECIFIED.);
#3180=COMPOSITE_CURVE_SEGMENT(.CONTINUOUS.,.T.,#3179);
#3181=DIRECTION('',(9.927411828599E-1,-1.202702949773E-1));
#3182=VECTOR('',#3181,2.539496142380E-2);
#3183=CARTESIAN_POINT('',(1.523861524145E1,1.043036772045E-1));
#3184=LINE('',#3183,#3182);
#3185=TRIMMED_CURVE('',#3184,(PARAMETER_VALUE(0.E0)),(PARAMETER_VALUE(1.E0)),
.T.,.UNSPECIFIED.);
#3186=COMPOSITE_CURVE_SEGMENT(.CONTINUOUS.,.T.,#3185);
#3187=DIRECTION('',(9.974140714229E-1,-7.186911803759E-2));
#3188=VECTOR('',#3187,2.564486789089E-2);
#3189=CARTESIAN_POINT('',(1.526382586549E1,1.012494177031E-1));
#3190=LINE('',#3189,#3188);
#3191=TRIMMED_CURVE('',#3190,(PARAMETER_VALUE(0.E0)),(PARAMETER_VALUE(1.E0)),
.T.,.UNSPECIFIED.);
#3192=COMPOSITE_CURVE_SEGMENT(.CONTINUOUS.,.T.,#3191);
#3193=DIRECTION('',(9.997168088885E-1,-2.379710120769E-2));
#3194=VECTOR('',#3193,2.597924094542E-2);
#3195=CARTESIAN_POINT('',(1.528940441758E1,9.940634366562E-2));
#3196=LINE('',#3195,#3194);
#3197=TRIMMED_CURVE('',#3196,(PARAMETER_VALUE(0.E0)),(PARAMETER_VALUE(1.E0)),
.T.,.UNSPECIFIED.);
#3198=COMPOSITE_CURVE_SEGMENT(.CONTINUOUS.,.T.,#3197);
#3199=DIRECTION('',(9.998884895687E-1,1.493346671088E-2));
#3200=VECTOR('',#3199,1.748808416008E-2);
#3201=CARTESIAN_POINT('',(1.531537630144E1,9.878811303954E-2));
#3202=LINE('',#3201,#3200);
#3203=TRIMMED_CURVE('',#3202,(PARAMETER_VALUE(0.E0)),(PARAMETER_VALUE(1.E0)),
.T.,.UNSPECIFIED.);
#3204=COMPOSITE_CURVE_SEGMENT(.CONTINUOUS.,.T.,#3203);
#3205=DIRECTION('',(9.985682502116E-1,5.349251975178E-2));
#3206=VECTOR('',#3205,2.583974361174E-2);
#3207=CARTESIAN_POINT('',(1.533286243549E1,9.904927076218E-2));
#3208=LINE('',#3207,#3206);
#3209=TRIMMED_CURVE('',#3208,(PARAMETER_VALUE(0.E0)),(PARAMETER_VALUE(1.E0)),
.T.,.UNSPECIFIED.);
#3210=COMPOSITE_CURVE_SEGMENT(.CONTINUOUS.,.T.,#3209);
#3211=DIRECTION('',(9.948267649785E-1,1.015859620339E-1));
#3212=VECTOR('',#3211,2.495475521558E-2);
#3213=CARTESIAN_POINT('',(1.535866518306E1,1.004315037577E-1));
#3214=LINE('',#3213,#3212);
#3215=TRIMMED_CURVE('',#3214,(PARAMETER_VALUE(0.E0)),(PARAMETER_VALUE(1.E0)),
.T.,.UNSPECIFIED.);
#3216=COMPOSITE_CURVE_SEGMENT(.CONTINUOUS.,.T.,#3215);
#3217=DIRECTION('',(9.885164532518E-1,1.511132742364E-1));
#3218=VECTOR('',#3217,2.417074317310E-2);
#3219=CARTESIAN_POINT('',(1.538349084146E1,1.029665565736E-1));
#3220=LINE('',#3219,#3218);
#3221=TRIMMED_CURVE('',#3220,(PARAMETER_VALUE(0.E0)),(PARAMETER_VALUE(1.E0)),
.T.,.UNSPECIFIED.);
#3222=COMPOSITE_CURVE_SEGMENT(.CONTINUOUS.,.T.,#3221);
#3223=DIRECTION('',(9.794214134038E-1,2.018259026143E-1));
#3224=VECTOR('',#3223,2.348765182705E-2);
#3225=CARTESIAN_POINT('',(1.540738401877E1,1.066190767152E-1));
#3226=LINE('',#3225,#3224);
#3227=TRIMMED_CURVE('',#3226,(PARAMETER_VALUE(0.E0)),(PARAMETER_VALUE(1.E0)),
.T.,.UNSPECIFIED.);
#3228=COMPOSITE_CURVE_SEGMENT(.CONTINUOUS.,.T.,#3227);
#3229=DIRECTION('',(9.673550774483E-1,2.534248490875E-1));
#3230=VECTOR('',#3229,2.290542750124E-2);
#3231=CARTESIAN_POINT('',(1.543038832792E1,1.113594932455E-1));
#3232=LINE('',#3231,#3230);
#3233=TRIMMED_CURVE('',#3232,(PARAMETER_VALUE(0.E0)),(PARAMETER_VALUE(1.E0)),
.T.,.UNSPECIFIED.);
#3234=COMPOSITE_CURVE_SEGMENT(.CONTINUOUS.,.T.,#3233);
#3235=DIRECTION('',(9.521714862666E-1,3.055641679595E-1));
#3236=VECTOR('',#3235,2.242404052779E-2);
#3237=CARTESIAN_POINT('',(1.545254600952E1,1.171642977533E-1));
#3238=LINE('',#3237,#3236);
#3239=TRIMMED_CURVE('',#3238,(PARAMETER_VALUE(0.E0)),(PARAMETER_VALUE(1.E0)),
.T.,.UNSPECIFIED.);
#3240=COMPOSITE_CURVE_SEGMENT(.CONTINUOUS.,.T.,#3239);
#3241=DIRECTION('',(9.337761471191E-1,3.578576631447E-1));
#3242=VECTOR('',#3241,2.204350414427E-2);
#3243=CARTESIAN_POINT('',(1.547389754152E1,1.240162810395E-1));
#3244=LINE('',#3243,#3242);
#3245=TRIMMED_CURVE('',#3244,(PARAMETER_VALUE(0.E0)),(PARAMETER_VALUE(1.E0)),
.T.,.UNSPECIFIED.);
#3246=COMPOSITE_CURVE_SEGMENT(.CONTINUOUS.,.T.,#3245);
#3247=DIRECTION('',(9.121354915041E-1,4.098888204605E-1));
#3248=VECTOR('',#3247,2.176389012417E-2);
#3249=CARTESIAN_POINT('',(1.549448123988E1,1.319047179200E-1));
#3250=LINE('',#3249,#3248);
#3251=TRIMMED_CURVE('',#3250,(PARAMETER_VALUE(0.E0)),(PARAMETER_VALUE(1.E0)),
.T.,.UNSPECIFIED.);
#3252=COMPOSITE_CURVE_SEGMENT(.CONTINUOUS.,.T.,#3251);
#3253=DIRECTION('',(8.872839131962E-1,4.612236522375E-1));
#3254=VECTOR('',#3253,2.158534107064E-2);
#3255=CARTESIAN_POINT('',(1.551433285650E1,1.408254931717E-1));
#3256=LINE('',#3255,#3254);
#3257=TRIMMED_CURVE('',#3256,(PARAMETER_VALUE(0.E0)),(PARAMETER_VALUE(1.E0)),
.T.,.UNSPECIFIED.);
#3258=COMPOSITE_CURVE_SEGMENT(.CONTINUOUS.,.T.,#3257);
#3259=DIRECTION('',(8.593274719117E-1,5.114257482937E-1));
#3260=VECTOR('',#3259,2.150807939186E-2);
#3261=CARTESIAN_POINT('',(1.553348518239E1,1.507811630151E-1));
#3262=LINE('',#3261,#3260);
#3263=TRIMMED_CURVE('',#3262,(PARAMETER_VALUE(0.E0)),(PARAMETER_VALUE(1.E0)),
.T.,.UNSPECIFIED.);
#3264=COMPOSITE_CURVE_SEGMENT(.CONTINUOUS.,.T.,#3263);
#3265=DIRECTION('',(8.284436082870E-1,5.600724844950E-1));
#3266=VECTOR('',#3265,2.153241307644E-2);
#3267=CARTESIAN_POINT('',(1.555196766588E1,1.617809486124E-1));
#3268=LINE('',#3267,#3266);
#3269=TRIMMED_CURVE('',#3268,(PARAMETER_VALUE(0.E0)),(PARAMETER_VALUE(1.E0)),
.T.,.UNSPECIFIED.);
#3270=COMPOSITE_CURVE_SEGMENT(.CONTINUOUS.,.T.,#3269);
#3271=DIRECTION('',(7.948766079864E-1,6.067711084717E-1));
#3272=VECTOR('',#3271,2.165873848827E-2);
#3273=CARTESIAN_POINT('',(1.556980605587E1,1.738406607013E-1));
#3274=LINE('',#3273,#3272);
#3275=TRIMMED_CURVE('',#3274,(PARAMETER_VALUE(0.E0)),(PARAMETER_VALUE(1.E0)),
.T.,.UNSPECIFIED.);
#3276=COMPOSITE_CURVE_SEGMENT(.CONTINUOUS.,.T.,#3275);
#3277=DIRECTION('',(7.587015439561E-1,6.514383832709E-1));
#3278=VECTOR('',#3277,2.137213009790E-2);
#3279=CARTESIAN_POINT('',(1.558702208045E1,1.869825574619E-1));
#3280=LINE('',#3279,#3278);
#3281=TRIMMED_CURVE('',#3280,(PARAMETER_VALUE(0.E0)),(PARAMETER_VALUE(1.E0)),
.T.,.UNSPECIFIED.);
#3282=COMPOSITE_CURVE_SEGMENT(.CONTINUOUS.,.T.,#3281);
#3283=DIRECTION('',(7.192315324086E-1,6.947704677008E-1));
#3284=VECTOR('',#3283,2.105231998150E-2);
#3285=CARTESIAN_POINT('',(1.560323714855E1,2.009051833400E-1));
#3286=LINE('',#3285,#3284);
#3287=TRIMMED_CURVE('',#3286,(PARAMETER_VALUE(0.E0)),(PARAMETER_VALUE(1.E0)),
.T.,.UNSPECIFIED.);
#3288=COMPOSITE_CURVE_SEGMENT(.CONTINUOUS.,.T.,#3287);
#3289=DIRECTION('',(6.767656652727E-1,7.361985019734E-1));
#3290=VECTOR('',#3289,2.082020431627E-2);
#3291=CARTESIAN_POINT('',(1.561837864091E1,2.155317135397E-1));
#3292=LINE('',#3291,#3290);
#3293=TRIMMED_CURVE('',#3292,(PARAMETER_VALUE(0.E0)),(PARAMETER_VALUE(1.E0)),
.T.,.UNSPECIFIED.);
#3294=COMPOSITE_CURVE_SEGMENT(.CONTINUOUS.,.T.,#3293);
#3295=DIRECTION('',(6.315737305406E-1,7.753158213857E-1));
#3296=VECTOR('',#3295,2.068290012263E-2);
#3297=CARTESIAN_POINT('',(1.563246904034E1,2.308595167681E-1));
#3298=LINE('',#3297,#3296);
#3299=TRIMMED_CURVE('',#3298,(PARAMETER_VALUE(0.E0)),(PARAMETER_VALUE(1.E0)),
.T.,.UNSPECIFIED.);
#3300=COMPOSITE_CURVE_SEGMENT(.CONTINUOUS.,.T.,#3299);
#3301=DIRECTION('',(5.839831815228E-1,8.117657566678E-1));
#3302=VECTOR('',#3301,2.063967499211E-2);
#3303=CARTESIAN_POINT('',(1.564553181673E1,2.468952964653E-1));
#3304=LINE('',#3303,#3302);
#3305=TRIMMED_CURVE('',#3304,(PARAMETER_VALUE(0.E0)),(PARAMETER_VALUE(1.E0)),
.T.,.UNSPECIFIED.);
#3306=COMPOSITE_CURVE_SEGMENT(.CONTINUOUS.,.T.,#3305);
#3307=DIRECTION('',(5.343749031918E-1,8.452475748789E-1));
#3308=VECTOR('',#3307,2.068972518525E-2);
#3309=CARTESIAN_POINT('',(1.565758503980E1,2.636498778527E-1));
#3310=LINE('',#3309,#3308);
#3311=TRIMMED_CURVE('',#3310,(PARAMETER_VALUE(0.E0)),(PARAMETER_VALUE(1.E0)),
.T.,.UNSPECIFIED.);
#3312=COMPOSITE_CURVE_SEGMENT(.CONTINUOUS.,.T.,#3311);
#3313=DIRECTION('',(4.831688662379E-1,8.755271821585E-1));
#3314=VECTOR('',#3313,2.083216172497E-2);
#3315=CARTESIAN_POINT('',(1.566864110969E1,2.811378178904E-1));
#3316=LINE('',#3315,#3314);
#3317=TRIMMED_CURVE('',#3316,(PARAMETER_VALUE(0.E0)),(PARAMETER_VALUE(1.E0)),
.T.,.UNSPECIFIED.);
#3318=COMPOSITE_CURVE_SEGMENT(.CONTINUOUS.,.T.,#3317);
#3319=DIRECTION('',(4.308077360565E-1,9.024437348411E-1));
#3320=VECTOR('',#3319,2.106599196773E-2);
#3321=CARTESIAN_POINT('',(1.567870656165E1,2.993769417438E-1));
#3322=LINE('',#3321,#3320);
#3323=TRIMMED_CURVE('',#3322,(PARAMETER_VALUE(0.E0)),(PARAMETER_VALUE(1.E0)),
.T.,.UNSPECIFIED.);
#3324=COMPOSITE_CURVE_SEGMENT(.CONTINUOUS.,.T.,#3323);
#3325=DIRECTION('',(3.777398351371E-1,9.259117760082E-1));
#3326=VECTOR('',#3325,2.139009628095E-2);
#3327=CARTESIAN_POINT('',(1.568778195396E1,3.183878142133E-1));
#3328=LINE('',#3327,#3326);
#3329=TRIMMED_CURVE('',#3328,(PARAMETER_VALUE(0.E0)),(PARAMETER_VALUE(1.E0)),
.T.,.UNSPECIFIED.);
#3330=COMPOSITE_CURVE_SEGMENT(.CONTINUOUS.,.T.,#3329);
#3331=DIRECTION('',(3.244028497183E-1,9.459190193112E-1));
#3332=VECTOR('',#3331,2.180319963956E-2);
#3333=CARTESIAN_POINT('',(1.569586184540E1,3.381931562497E-1));
#3334=LINE('',#3333,#3332);
#3335=TRIMMED_CURVE('',#3334,(PARAMETER_VALUE(0.E0)),(PARAMETER_VALUE(1.E0)),
.T.,.UNSPECIFIED.);
#3336=COMPOSITE_CURVE_SEGMENT(.CONTINUOUS.,.T.,#3335);
#3337=DIRECTION('',(2.712094748237E-1,9.625203482347E-1));
#3338=VECTOR('',#3337,2.230383817889E-2);
#3339=CARTESIAN_POINT('',(1.570293486550E1,3.588172174706E-1));
#3340=LINE('',#3339,#3338);
#3341=TRIMMED_CURVE('',#3340,(PARAMETER_VALUE(0.E0)),(PARAMETER_VALUE(1.E0)),
.T.,.UNSPECIFIED.);
#3342=COMPOSITE_CURVE_SEGMENT(.CONTINUOUS.,.T.,#3341);
#3343=DIRECTION('',(2.185358590473E-1,9.758289185664E-1));
#3344=VECTOR('',#3343,2.289032099172E-2);
#3345=CARTESIAN_POINT('',(1.570898387774E1,3.802851155615E-1));
#3346=LINE('',#3345,#3344);
#3347=TRIMMED_CURVE('',#3346,(PARAMETER_VALUE(0.E0)),(PARAMETER_VALUE(1.E0)),
.T.,.UNSPECIFIED.);
#3348=COMPOSITE_CURVE_SEGMENT(.CONTINUOUS.,.T.,#3347);
#3349=DIRECTION('',(1.694571865262E-1,9.855375497335E-1));
#3350=VECTOR('',#3349,2.101948004105E-2);
#3351=CARTESIAN_POINT('',(1.571398623370E1,4.026221527405E-1));
#3352=LINE('',#3351,#3350);
#3353=TRIMMED_CURVE('',#3352,(PARAMETER_VALUE(0.E0)),(PARAMETER_VALUE(1.E0)),
.T.,.UNSPECIFIED.);
#3354=COMPOSITE_CURVE_SEGMENT(.CONTINUOUS.,.T.,#3353);
#3355=DIRECTION('',(-1.E0,0.E0));
#3356=VECTOR('',#3355,3.316119723021E-1);
#3357=CARTESIAN_POINT('',(1.571754813565E1,4.233376395969E-1));
#3358=LINE('',#3357,#3356);
#3359=TRIMMED_CURVE('',#3358,(PARAMETER_VALUE(0.E0)),(PARAMETER_VALUE(1.E0)),
.T.,.UNSPECIFIED.);
#3360=COMPOSITE_CURVE_SEGMENT(.CONTINUOUS.,.T.,#3359);
#3361=DIRECTION('',(0.E0,1.E0));
#3362=VECTOR('',#3361,9.878811303955E-2);
#3363=CARTESIAN_POINT('',(1.538593616334E1,4.233376395969E-1));
#3364=LINE('',#3363,#3362);
#3365=TRIMMED_CURVE('',#3364,(PARAMETER_VALUE(0.E0)),(PARAMETER_VALUE(1.E0)),
.T.,.UNSPECIFIED.);
#3366=COMPOSITE_CURVE_SEGMENT(.CONTINUOUS.,.T.,#3365);
#3367=COMPOSITE_CURVE('',(#3132,#3138,#3144,#3150,#3156,#3162,#3168,#3174,#3180,
#3186,#3192,#3198,#3204,#3210,#3216,#3222,#3228,#3234,#3240,#3246,#3252,#3258,
#3264,#3270,#3276,#3282,#3288,#3294,#3300,#3306,#3312,#3318,#3324,#3330,#3336,
#3342,#3348,#3354,#3360,#3366),.F.);
#3368=(ANNOTATION_CURVE_OCCURRENCE()ANNOTATION_OCCURRENCE()DRAUGHTING_ANNOTATION_OCCURRENCE()GEOMETRIC_REPRESENTATION_ITEM()REPRESENTATION_ITEM('')STYLED_ITEM((
#41),#3367));
#3369=DIRECTION('',(0.E0,1.E0));
#3370=VECTOR('',#3369,5.044696382745E-1);
#3371=CARTESIAN_POINT('',(7.713019498596E0,2.469702825989E-2));
#3372=LINE('',#3371,#3370);
#3373=TRIMMED_CURVE('',#3372,(PARAMETER_VALUE(0.E0)),(PARAMETER_VALUE(1.E0)),
.T.,.UNSPECIFIED.);
#3374=(ANNOTATION_CURVE_OCCURRENCE()ANNOTATION_OCCURRENCE()DRAUGHTING_ANNOTATION_OCCURRENCE()GEOMETRIC_REPRESENTATION_ITEM()REPRESENTATION_ITEM('')STYLED_ITEM((
#41),#3373));
#3375=DIRECTION('',(0.E0,1.E0));
#3376=VECTOR('',#3375,4.339097763672E-1);
#3377=CARTESIAN_POINT('',(7.713019498596E0,6.279547795739E-1));
#3378=LINE('',#3377,#3376);
#3379=TRIMMED_CURVE('',#3378,(PARAMETER_VALUE(0.E0)),(PARAMETER_VALUE(1.E0)),
.T.,.UNSPECIFIED.);
#3380=(ANNOTATION_CURVE_OCCURRENCE()ANNOTATION_OCCURRENCE()DRAUGHTING_ANNOTATION_OCCURRENCE()GEOMETRIC_REPRESENTATION_ITEM()REPRESENTATION_ITEM('')STYLED_ITEM((
#41),#3379));
#3381=DIRECTION('',(0.E0,-1.E0));
#3382=VECTOR('',#3381,1.037167527681E0);
#3383=CARTESIAN_POINT('',(7.815317302662E0,1.061864555941E0));
#3384=LINE('',#3383,#3382);
#3385=TRIMMED_CURVE('',#3384,(PARAMETER_VALUE(0.E0)),(PARAMETER_VALUE(1.E0)),
.T.,.UNSPECIFIED.);
#3386=(ANNOTATION_CURVE_OCCURRENCE()ANNOTATION_OCCURRENCE()DRAUGHTING_ANNOTATION_OCCURRENCE()GEOMETRIC_REPRESENTATION_ITEM()REPRESENTATION_ITEM('')STYLED_ITEM((
#41),#3385));
#3387=DIRECTION('',(0.E0,1.E0));
#3388=VECTOR('',#3387,1.037167527681E0);
#3389=CARTESIAN_POINT('',(8.559673245943E0,2.469702825989E-2));
#3390=LINE('',#3389,#3388);
#3391=TRIMMED_CURVE('',#3390,(PARAMETER_VALUE(0.E0)),(PARAMETER_VALUE(1.E0)),
.T.,.UNSPECIFIED.);
#3392=(ANNOTATION_CURVE_OCCURRENCE()ANNOTATION_OCCURRENCE()DRAUGHTING_ANNOTATION_OCCURRENCE()GEOMETRIC_REPRESENTATION_ITEM()REPRESENTATION_ITEM('')STYLED_ITEM((
#41),#3391));
#3393=DIRECTION('',(0.E0,-1.E0));
#3394=VECTOR('',#3393,7.866875540568E-1);
#3395=CARTESIAN_POINT('',(8.665523804728E0,8.113845823167E-1));
#3396=LINE('',#3395,#3394);
#3397=TRIMMED_CURVE('',#3396,(PARAMETER_VALUE(0.E0)),(PARAMETER_VALUE(1.E0)),
.T.,.UNSPECIFIED.);
#3398=(ANNOTATION_CURVE_OCCURRENCE()ANNOTATION_OCCURRENCE()DRAUGHTING_ANNOTATION_OCCURRENCE()GEOMETRIC_REPRESENTATION_ITEM()REPRESENTATION_ITEM('')STYLED_ITEM((
#41),#3397));
#3399=DIRECTION('',(-4.781894607124E-1,-8.782567048783E-1));
#3400=VECTOR('',#3399,2.291447275919E-2);
#3401=CARTESIAN_POINT('',(5.536365107322E0,7.690529715417E-1));
#3402=LINE('',#3401,#3400);
#3403=TRIMMED_CURVE('',#3402,(PARAMETER_VALUE(0.E0)),(PARAMETER_VALUE(1.E0)),
.T.,.UNSPECIFIED.);
#3404=COMPOSITE_CURVE_SEGMENT(.CONTINUOUS.,.T.,#3403);
#3405=DIRECTION('',(-4.317289492771E-1,-9.020033893263E-1));
#3406=VECTOR('',#3405,2.297834190681E-2);
#3407=CARTESIAN_POINT('',(5.525407647951E0,7.489281822022E-1));
#3408=LINE('',#3407,#3406);
#3409=TRIMMED_CURVE('',#3408,(PARAMETER_VALUE(0.E0)),(PARAMETER_VALUE(1.E0)),
.T.,.UNSPECIFIED.);
#3410=COMPOSITE_CURVE_SEGMENT(.CONTINUOUS.,.T.,#3409);
#3411=DIRECTION('',(-4.038278722618E-1,-9.148349848932E-1));
#3412=VECTOR('',#3411,4.130242545619E-3);
#3413=CARTESIAN_POINT('',(5.515487232543E0,7.282016399211E-1));
#3414=LINE('',#3413,#3412);
#3415=TRIMMED_CURVE('',#3414,(PARAMETER_VALUE(0.E0)),(PARAMETER_VALUE(1.E0)),
.T.,.UNSPECIFIED.);
#3416=COMPOSITE_CURVE_SEGMENT(.CONTINUOUS.,.T.,#3415);
#3417=DIRECTION('',(-3.755735790721E-1,-9.267925801942E-1));
#3418=VECTOR('',#3417,2.305477796699E-2);
#3419=CARTESIAN_POINT('',(5.513819325484E0,7.244231495443E-1));
#3420=LINE('',#3419,#3418);
#3421=TRIMMED_CURVE('',#3420,(PARAMETER_VALUE(0.E0)),(PARAMETER_VALUE(1.E0)),
.T.,.UNSPECIFIED.);
#3422=COMPOSITE_CURVE_SEGMENT(.CONTINUOUS.,.T.,#3421);
#3423=DIRECTION('',(-3.269882111318E-1,-9.450284174462E-1));
#3424=VECTOR('',#3423,2.311058335645E-2);
#3425=CARTESIAN_POINT('',(5.505160560008E0,7.030561523865E-1));
#3426=LINE('',#3425,#3424);
#3427=TRIMMED_CURVE('',#3426,(PARAMETER_VALUE(0.E0)),(PARAMETER_VALUE(1.E0)),
.T.,.UNSPECIFIED.);
#3428=COMPOSITE_CURVE_SEGMENT(.CONTINUOUS.,.T.,#3427);
#3429=DIRECTION('',(-2.776755227303E-1,-9.606749211239E-1));
#3430=VECTOR('',#3429,2.316945852031E-2);
#3431=CARTESIAN_POINT('',(5.497603671698E0,6.812159943709E-1));
#3432=LINE('',#3431,#3430);
#3433=TRIMMED_CURVE('',#3432,(PARAMETER_VALUE(0.E0)),(PARAMETER_VALUE(1.E0)),
.T.,.UNSPECIFIED.);
#3434=COMPOSITE_CURVE_SEGMENT(.CONTINUOUS.,.T.,#3433);
#3435=DIRECTION('',(-2.277802454098E-1,-9.737125652887E-1));
#3436=VECTOR('',#3435,2.323217326590E-2);
#3437=CARTESIAN_POINT('',(5.491170080192E0,6.589576766344E-1));
#3438=LINE('',#3437,#3436);
#3439=TRIMMED_CURVE('',#3438,(PARAMETER_VALUE(0.E0)),(PARAMETER_VALUE(1.E0)),
.T.,.UNSPECIFIED.);
#3440=COMPOSITE_CURVE_SEGMENT(.CONTINUOUS.,.T.,#3439);
#3441=DIRECTION('',(-1.774483210069E-1,-9.841301201426E-1));
#3442=VECTOR('',#3441,2.329986021628E-2);
#3443=CARTESIAN_POINT('',(5.485878250064E0,6.363362176064E-1));
#3444=LINE('',#3443,#3442);
#3445=TRIMMED_CURVE('',#3444,(PARAMETER_VALUE(0.E0)),(PARAMETER_VALUE(1.E0)),
.T.,.UNSPECIFIED.);
#3446=COMPOSITE_CURVE_SEGMENT(.CONTINUOUS.,.T.,#3445);
#3447=DIRECTION('',(-1.268271907548E-1,-9.919248276383E-1));
#3448=VECTOR('',#3447,2.337397332704E-2);
#3449=CARTESIAN_POINT('',(5.481743728989E0,6.134061233725E-1));
#3450=LINE('',#3449,#3448);
#3451=TRIMMED_CURVE('',#3450,(PARAMETER_VALUE(0.E0)),(PARAMETER_VALUE(1.E0)),
.T.,.UNSPECIFIED.);
#3452=COMPOSITE_CURVE_SEGMENT(.CONTINUOUS.,.T.,#3451);
#3453=DIRECTION('',(-7.606594053302E-2,-9.971027894309E-1));
#3454=VECTOR('',#3453,2.345623947675E-2);
#3455=CARTESIAN_POINT('',(5.478779273616E0,5.902208989088E-1));
#3456=LINE('',#3455,#3454);
#3457=TRIMMED_CURVE('',#3456,(PARAMETER_VALUE(0.E0)),(PARAMETER_VALUE(1.E0)),
.T.,.UNSPECIFIED.);
#3458=COMPOSITE_CURVE_SEGMENT(.CONTINUOUS.,.T.,#3457);
#3459=DIRECTION('',(-2.531524231294E-2,-9.996795178989E-1));
#3460=VECTOR('',#3459,2.354860597981E-2);
#3461=CARTESIAN_POINT('',(5.476995052698E0,5.668326170970E-1));
#3462=LINE('',#3461,#3460);
#3463=TRIMMED_CURVE('',#3462,(PARAMETER_VALUE(0.E0)),(PARAMETER_VALUE(1.E0)),
.T.,.UNSPECIFIED.);
#3464=COMPOSITE_CURVE_SEGMENT(.CONTINUOUS.,.T.,#3463);
#3465=DIRECTION('',(1.011337034512E-2,-9.999488585624E-1));
#3466=VECTOR('',#3465,1.143852196611E-2);
#3467=CARTESIAN_POINT('',(5.476398914032E0,5.432915580239E-1));
#3468=LINE('',#3467,#3466);
#3469=TRIMMED_CURVE('',#3468,(PARAMETER_VALUE(0.E0)),(PARAMETER_VALUE(1.E0)),
.T.,.UNSPECIFIED.);
#3470=COMPOSITE_CURVE_SEGMENT(.CONTINUOUS.,.T.,#3469);
#3471=DIRECTION('',(4.357722415254E-2,-9.990500615761E-1));
#3472=VECTOR('',#3471,2.515225876598E-2);
#3473=CARTESIAN_POINT('',(5.476514596041E0,5.318536210402E-1));
#3474=LINE('',#3473,#3472);
#3475=TRIMMED_CURVE('',#3474,(PARAMETER_VALUE(0.E0)),(PARAMETER_VALUE(1.E0)),
.T.,.UNSPECIFIED.);
#3476=COMPOSITE_CURVE_SEGMENT(.CONTINUOUS.,.T.,#3475);
#3477=DIRECTION('',(9.131588101869E-2,-9.958219769988E-1));
#3478=VECTOR('',#3477,2.436355958239E-2);
#3479=CARTESIAN_POINT('',(5.477610661659E0,5.067252553713E-1));
#3480=LINE('',#3479,#3478);
#3481=TRIMMED_CURVE('',#3480,(PARAMETER_VALUE(0.E0)),(PARAMETER_VALUE(1.E0)),
.T.,.UNSPECIFIED.);
#3482=COMPOSITE_CURVE_SEGMENT(.CONTINUOUS.,.T.,#3481);
#3483=DIRECTION('',(1.403557669579E-1,-9.901011355824E-1));
#3484=VECTOR('',#3483,2.368296272885E-2);
#3485=CARTESIAN_POINT('',(5.479835441567E0,4.824634873012E-1));
#3486=LINE('',#3485,#3484);
#3487=TRIMMED_CURVE('',#3486,(PARAMETER_VALUE(0.E0)),(PARAMETER_VALUE(1.E0)),
.T.,.UNSPECIFIED.);
#3488=COMPOSITE_CURVE_SEGMENT(.CONTINUOUS.,.T.,#3487);
#3489=DIRECTION('',(1.904200173581E-1,-9.817027131415E-1));
#3490=VECTOR('',#3489,2.310908571224E-2);
#3491=CARTESIAN_POINT('',(5.483159481965E0,4.590149590094E-1));
#3492=LINE('',#3491,#3490);
#3493=TRIMMED_CURVE('',#3492,(PARAMETER_VALUE(0.E0)),(PARAMETER_VALUE(1.E0)),
.T.,.UNSPECIFIED.);
#3494=COMPOSITE_CURVE_SEGMENT(.CONTINUOUS.,.T.,#3493);
#3495=DIRECTION('',(2.411877052419E-1,-9.704784855112E-1));
#3496=VECTOR('',#3495,2.264080337260E-2);
#3497=CARTESIAN_POINT('',(5.487559914467E0,4.363287068675E-1));
#3498=LINE('',#3497,#3496);
#3499=TRIMMED_CURVE('',#3498,(PARAMETER_VALUE(0.E0)),(PARAMETER_VALUE(1.E0)),
.T.,.UNSPECIFIED.);
#3500=COMPOSITE_CURVE_SEGMENT(.CONTINUOUS.,.T.,#3499);
#3501=DIRECTION('',(2.922999954149E-1,-9.563266767587E-1));
#3502=VECTOR('',#3501,2.227724322964E-2);
#3503=CARTESIAN_POINT('',(5.493020597877E0,4.143562942997E-1));
#3504=LINE('',#3503,#3502);
#3505=TRIMMED_CURVE('',#3504,(PARAMETER_VALUE(0.E0)),(PARAMETER_VALUE(1.E0)),
.T.,.UNSPECIFIED.);
#3506=COMPOSITE_CURVE_SEGMENT(.CONTINUOUS.,.T.,#3505);
#3507=DIRECTION('',(3.433691845737E-1,-9.392005127156E-1));
#3508=VECTOR('',#3507,2.201778106228E-2);
#3509=CARTESIAN_POINT('',(5.499532235971E0,3.930519723146E-1));
#3510=LINE('',#3509,#3508);
#3511=TRIMMED_CURVE('',#3510,(PARAMETER_VALUE(0.E0)),(PARAMETER_VALUE(1.E0)),
.T.,.UNSPECIFIED.);
#3512=COMPOSITE_CURVE_SEGMENT(.CONTINUOUS.,.T.,#3511);
#3513=DIRECTION('',(3.939903108287E-1,-9.191145929497E-1));
#3514=VECTOR('',#3513,2.186203648480E-2);
#3515=CARTESIAN_POINT('',(5.507092463501E0,3.723728610520E-1));
#3516=LINE('',#3515,#3514);
#3517=TRIMMED_CURVE('',#3516,(PARAMETER_VALUE(0.E0)),(PARAMETER_VALUE(1.E0)),
.T.,.UNSPECIFIED.);
#3518=COMPOSITE_CURVE_SEGMENT(.CONTINUOUS.,.T.,#3517);
#3519=DIRECTION('',(4.437546879222E-1,-8.961483007556E-1));
#3520=VECTOR('',#3519,2.180986837514E-2);
#3521=CARTESIAN_POINT('',(5.515705894051E0,3.522791442872E-1));
#3522=LINE('',#3521,#3520);
#3523=TRIMMED_CURVE('',#3522,(PARAMETER_VALUE(0.E0)),(PARAMETER_VALUE(1.E0)),
.T.,.UNSPECIFIED.);
#3524=COMPOSITE_CURVE_SEGMENT(.CONTINUOUS.,.T.,#3523);
#3525=DIRECTION('',(4.802701811691E-1,-8.771206034975E-1));
#3526=VECTOR('',#3525,1.092096014528E-2);
#3527=CARTESIAN_POINT('',(5.525384125385E0,3.327342678031E-1));
#3528=LINE('',#3527,#3526);
#3529=TRIMMED_CURVE('',#3528,(PARAMETER_VALUE(0.E0)),(PARAMETER_VALUE(1.E0)),
.T.,.UNSPECIFIED.);
#3530=COMPOSITE_CURVE_SEGMENT(.CONTINUOUS.,.T.,#3529);
#3531=DIRECTION('',(5.041426366704E-1,-8.636204038182E-1));
#3532=VECTOR('',#3531,1.094246562778E-2);
#3533=CARTESIAN_POINT('',(5.530629136893E0,3.231552686497E-1));
#3534=LINE('',#3533,#3532);
#3535=TRIMMED_CURVE('',#3534,(PARAMETER_VALUE(0.E0)),(PARAMETER_VALUE(1.E0)),
.T.,.UNSPECIFIED.);
#3536=COMPOSITE_CURVE_SEGMENT(.CONTINUOUS.,.T.,#3535);
#3537=DIRECTION('',(5.391101878613E-1,-8.422352434707E-1));
#3538=VECTOR('',#3537,2.198160098094E-2);
#3539=CARTESIAN_POINT('',(5.536145700366E0,3.137051320655E-1));
#3540=LINE('',#3539,#3538);
#3541=TRIMMED_CURVE('',#3540,(PARAMETER_VALUE(0.E0)),(PARAMETER_VALUE(1.E0)),
.T.,.UNSPECIFIED.);
#3542=COMPOSITE_CURVE_SEGMENT(.CONTINUOUS.,.T.,#3541);
#3543=DIRECTION('',(5.839282268384E-1,-8.118052881704E-1));
#3544=VECTOR('',#3543,2.220537091365E-2);
#3545=CARTESIAN_POINT('',(5.547996205400E0,2.951914530115E-1));
#3546=LINE('',#3545,#3544);
#3547=TRIMMED_CURVE('',#3546,(PARAMETER_VALUE(0.E0)),(PARAMETER_VALUE(1.E0)),
.T.,.UNSPECIFIED.);
#3548=COMPOSITE_CURVE_SEGMENT(.CONTINUOUS.,.T.,#3547);
#3549=DIRECTION('',(6.264467791754E-1,-7.794641960095E-1));
#3550=VECTOR('',#3549,2.253317398845E-2);
#3551=CARTESIAN_POINT('',(5.560962548264E0,2.771650154780E-1));
#3552=LINE('',#3551,#3550);
#3553=TRIMMED_CURVE('',#3552,(PARAMETER_VALUE(0.E0)),(PARAMETER_VALUE(1.E0)),
.T.,.UNSPECIFIED.);
#3554=COMPOSITE_CURVE_SEGMENT(.CONTINUOUS.,.T.,#3553);
#3555=DIRECTION('',(6.664531215057E-1,-7.455469380498E-1));
#3556=VECTOR('',#3555,2.296543827721E-2);
#3557=CARTESIAN_POINT('',(5.575078382534E0,2.596012131315E-1));
#3558=LINE('',#3557,#3556);
#3559=TRIMMED_CURVE('',#3558,(PARAMETER_VALUE(0.E0)),(PARAMETER_VALUE(1.E0)),
.T.,.UNSPECIFIED.);
#3560=COMPOSITE_CURVE_SEGMENT(.CONTINUOUS.,.T.,#3559);
#3561=DIRECTION('',(7.037961258722E-1,-7.104020081667E-1));
#3562=VECTOR('',#3561,2.350282711266E-2);
#3563=CARTESIAN_POINT('',(5.590383770560E0,2.424794009430E-1));
#3564=LINE('',#3563,#3562);
#3565=TRIMMED_CURVE('',#3564,(PARAMETER_VALUE(0.E0)),(PARAMETER_VALUE(1.E0)),
.T.,.UNSPECIFIED.);
#3566=COMPOSITE_CURVE_SEGMENT(.CONTINUOUS.,.T.,#3565);
#3567=DIRECTION('',(7.382091294543E-1,-6.745719244012E-1));
#3568=VECTOR('',#3567,2.403685636759E-2);
#3569=CARTESIAN_POINT('',(5.606924969229E0,2.257829453646E-1));
#3570=LINE('',#3569,#3568);
#3571=TRIMMED_CURVE('',#3570,(PARAMETER_VALUE(0.E0)),(PARAMETER_VALUE(1.E0)),
.T.,.UNSPECIFIED.);
#3572=COMPOSITE_CURVE_SEGMENT(.CONTINUOUS.,.T.,#3571);
#3573=DIRECTION('',(7.710322765467E-1,-6.367960650972E-1));
#3574=VECTOR('',#3573,2.359196280049E-2);
#3575=CARTESIAN_POINT('',(5.624669196043E0,2.095683569081E-1));
#3576=LINE('',#3575,#3574);
#3577=TRIMMED_CURVE('',#3576,(PARAMETER_VALUE(0.E0)),(PARAMETER_VALUE(1.E0)),
.T.,.UNSPECIFIED.);
#3578=COMPOSITE_CURVE_SEGMENT(.CONTINUOUS.,.T.,#3577);
#3579=DIRECTION('',(8.024705252104E-1,-5.966917597626E-1));
#3580=VECTOR('',#3579,2.324209743041E-2);
#3581=CARTESIAN_POINT('',(5.642859360829E0,1.945450878288E-1));
#3582=LINE('',#3581,#3580);
#3583=TRIMMED_CURVE('',#3582,(PARAMETER_VALUE(0.E0)),(PARAMETER_VALUE(1.E0)),
.T.,.UNSPECIFIED.);
#3584=COMPOSITE_CURVE_SEGMENT(.CONTINUOUS.,.T.,#3583);
#3585=DIRECTION('',(8.322330443909E-1,-5.544259732587E-1));
#3586=VECTOR('',#3585,2.298695962379E-2);
#3587=CARTESIAN_POINT('',(5.661510458961E0,1.806767198125E-1));
#3588=LINE('',#3587,#3586);
#3589=TRIMMED_CURVE('',#3588,(PARAMETER_VALUE(0.E0)),(PARAMETER_VALUE(1.E0)),
.T.,.UNSPECIFIED.);
#3590=COMPOSITE_CURVE_SEGMENT(.CONTINUOUS.,.T.,#3589);
#3591=DIRECTION('',(8.600474367173E-1,-5.102140791824E-1));
#3592=VECTOR('',#3591,2.282638389378E-2);
#3593=CARTESIAN_POINT('',(5.680640966350E0,1.679321523508E-1));
#3594=LINE('',#3593,#3592);
#3595=TRIMMED_CURVE('',#3594,(PARAMETER_VALUE(0.E0)),(PARAMETER_VALUE(1.E0)),
.T.,.UNSPECIFIED.);
#3596=COMPOSITE_CURVE_SEGMENT(.CONTINUOUS.,.T.,#3595);
#3597=DIRECTION('',(8.856696800209E-1,-4.643158600475E-1));
#3598=VECTOR('',#3597,2.276034011330E-2);
#3599=CARTESIAN_POINT('',(5.700272739308E0,1.562858099114E-1));
#3600=LINE('',#3599,#3598);
#3601=TRIMMED_CURVE('',#3600,(PARAMETER_VALUE(0.E0)),(PARAMETER_VALUE(1.E0)),
.T.,.UNSPECIFIED.);
#3602=COMPOSITE_CURVE_SEGMENT(.CONTINUOUS.,.T.,#3601);
#3603=DIRECTION('',(9.088835165005E-1,-4.170500610642E-1));
#3604=VECTOR('',#3603,2.276887378576E-2);
#3605=CARTESIAN_POINT('',(5.720430882453E0,1.457178230167E-1));
#3606=LINE('',#3605,#3604);
#3607=TRIMMED_CURVE('',#3606,(PARAMETER_VALUE(0.E0)),(PARAMETER_VALUE(1.E0)),
.T.,.UNSPECIFIED.);
#3608=COMPOSITE_CURVE_SEGMENT(.CONTINUOUS.,.T.,#3607);
#3609=DIRECTION('',(9.295174224889E-1,-3.687782006702E-1));
#3610=VECTOR('',#3609,2.286056125252E-2);
#3611=CARTESIAN_POINT('',(5.741125136526E0,1.362220628140E-1));
#3612=LINE('',#3611,#3610);
#3613=TRIMMED_CURVE('',#3612,(PARAMETER_VALUE(0.E0)),(PARAMETER_VALUE(1.E0)),
.T.,.UNSPECIFIED.);
#3614=COMPOSITE_CURVE_SEGMENT(.CONTINUOUS.,.T.,#3613);
#3615=DIRECTION('',(9.474652040628E-1,-3.198588549505E-1));
#3616=VECTOR('',#3615,2.304686298103E-2);
#3617=CARTESIAN_POINT('',(5.762374426498E0,1.277915861690E-1));
#3618=LINE('',#3617,#3616);
#3619=TRIMMED_CURVE('',#3618,(PARAMETER_VALUE(0.E0)),(PARAMETER_VALUE(1.E0)),
.T.,.UNSPECIFIED.);
#3620=COMPOSITE_CURVE_SEGMENT(.CONTINUOUS.,.T.,#3619);
#3621=DIRECTION('',(9.626797982126E-1,-2.706429494987E-1));
#3622=VECTOR('',#3621,2.332784530820E-2);
#3623=CARTESIAN_POINT('',(5.784210527236E0,1.204198429657E-1));
#3624=LINE('',#3623,#3622);
#3625=TRIMMED_CURVE('',#3624,(PARAMETER_VALUE(0.E0)),(PARAMETER_VALUE(1.E0)),
.T.,.UNSPECIFIED.);
#3626=COMPOSITE_CURVE_SEGMENT(.CONTINUOUS.,.T.,#3625);
#3627=DIRECTION('',(9.751661426942E-1,-2.214745902871E-1));
#3628=VECTOR('',#3627,2.370370974490E-2);
#3629=CARTESIAN_POINT('',(5.806667772650E0,1.141063261060E-1));
#3630=LINE('',#3629,#3628);
#3631=TRIMMED_CURVE('',#3630,(PARAMETER_VALUE(0.E0)),(PARAMETER_VALUE(1.E0)),
.T.,.UNSPECIFIED.);
#3632=COMPOSITE_CURVE_SEGMENT(.CONTINUOUS.,.T.,#3631);
#3633=DIRECTION('',(9.849777937641E-1,-1.726810522078E-1));
#3634=VECTOR('',#3633,2.417479246047E-2);
#3635=CARTESIAN_POINT('',(5.829782827849E0,1.088565567020E-1));
#3636=LINE('',#3635,#3634);
#3637=TRIMMED_CURVE('',#3636,(PARAMETER_VALUE(0.E0)),(PARAMETER_VALUE(1.E0)),
.T.,.UNSPECIFIED.);
#3638=COMPOSITE_CURVE_SEGMENT(.CONTINUOUS.,.T.,#3637);
#3639=DIRECTION('',(9.922115353057E-1,-1.245643175482E-1));
#3640=VECTOR('',#3639,2.474156261182E-2);
#3641=CARTESIAN_POINT('',(5.853594461592E0,1.046820281030E-1));
#3642=LINE('',#3641,#3640);
#3643=TRIMMED_CURVE('',#3642,(PARAMETER_VALUE(0.E0)),(PARAMETER_VALUE(1.E0)),
.T.,.UNSPECIFIED.);
#3644=COMPOSITE_CURVE_SEGMENT(.CONTINUOUS.,.T.,#3643);
#3645=DIRECTION('',(9.970005431881E-1,-7.739455331382E-2));
#3646=VECTOR('',#3645,2.540461957045E-2);
#3647=CARTESIAN_POINT('',(5.878143325417E0,1.016001122412E-1));
#3648=LINE('',#3647,#3646);
#3649=TRIMMED_CURVE('',#3648,(PARAMETER_VALUE(0.E0)),(PARAMETER_VALUE(1.E0)),
.T.,.UNSPECIFIED.);
#3650=COMPOSITE_CURVE_SEGMENT(.CONTINUOUS.,.T.,#3649);
#3651=DIRECTION('',(9.995067192901E-1,-3.140570161518E-2));
#3652=VECTOR('',#3651,2.616468914809E-2);
#3653=CARTESIAN_POINT('',(5.903471744928E0,9.963393305743E-2));
#3654=LINE('',#3653,#3652);
#3655=TRIMMED_CURVE('',#3654,(PARAMETER_VALUE(0.E0)),(PARAMETER_VALUE(1.E0)),
.T.,.UNSPECIFIED.);
#3656=COMPOSITE_CURVE_SEGMENT(.CONTINUOUS.,.T.,#3655);
#3657=DIRECTION('',(9.999899754514E-1,-4.477610611256E-3));
#3658=VECTOR('',#3657,5.382245074095E-3);
#3659=CARTESIAN_POINT('',(5.929623527539E0,9.881221263720E-2));
#3660=LINE('',#3659,#3658);
#3661=TRIMMED_CURVE('',#3660,(PARAMETER_VALUE(0.E0)),(PARAMETER_VALUE(1.E0)),
.T.,.UNSPECIFIED.);
#3662=COMPOSITE_CURVE_SEGMENT(.CONTINUOUS.,.T.,#3661);
#3663=DIRECTION('',(9.999629119728E-1,8.612472287333E-3));
#3664=VECTOR('',#3663,9.518390311161E-3);
#3665=CARTESIAN_POINT('',(5.935005718659E0,9.878811303954E-2));
#3666=LINE('',#3665,#3664);
#3667=TRIMMED_CURVE('',#3666,(PARAMETER_VALUE(0.E0)),(PARAMETER_VALUE(1.E0)),
.T.,.UNSPECIFIED.);
#3668=COMPOSITE_CURVE_SEGMENT(.CONTINUOUS.,.T.,#3667);
#3669=DIRECTION('',(9.991710306259E-1,4.070935467343E-2));
#3670=VECTOR('',#3669,2.516320803405E-2);
#3671=CARTESIAN_POINT('',(5.944523755952E0,9.887008991231E-2));
#3672=LINE('',#3671,#3670);
#3673=TRIMMED_CURVE('',#3672,(PARAMETER_VALUE(0.E0)),(PARAMETER_VALUE(1.E0)),
.T.,.UNSPECIFIED.);
#3674=COMPOSITE_CURVE_SEGMENT(.CONTINUOUS.,.T.,#3673);
#3675=DIRECTION('',(9.960822946686E-1,8.843111583423E-2));
#3676=VECTOR('',#3675,2.460808561612E-2);
#3677=CARTESIAN_POINT('',(5.969666104457E0,9.989446787289E-2));
#3678=LINE('',#3677,#3676);
#3679=TRIMMED_CURVE('',#3678,(PARAMETER_VALUE(0.E0)),(PARAMETER_VALUE(1.E0)),
.T.,.UNSPECIFIED.);
#3680=COMPOSITE_CURVE_SEGMENT(.CONTINUOUS.,.T.,#3679);
#3681=DIRECTION('',(9.905719564935E-1,1.369934268810E-1));
#3682=VECTOR('',#3681,2.413076537078E-2);
#3683=CARTESIAN_POINT('',(5.994177782845E0,1.020705883425E-1));
#3684=LINE('',#3683,#3682);
#3685=TRIMMED_CURVE('',#3684,(PARAMETER_VALUE(0.E0)),(PARAMETER_VALUE(1.E0)),
.T.,.UNSPECIFIED.);
#3686=COMPOSITE_CURVE_SEGMENT(.CONTINUOUS.,.T.,#3685);
#3687=DIRECTION('',(9.825212067795E-1,1.861506868873E-1));
#3688=VECTOR('',#3687,2.373166960595E-2);
#3689=CARTESIAN_POINT('',(6.018081042310E0,1.053763445839E-1));
#3690=LINE('',#3689,#3688);
#3691=TRIMMED_CURVE('',#3690,(PARAMETER_VALUE(0.E0)),(PARAMETER_VALUE(1.E0)),
.T.,.UNSPECIFIED.);
#3692=COMPOSITE_CURVE_SEGMENT(.CONTINUOUS.,.T.,#3691);
#3693=DIRECTION('',(9.718426251084E-1,2.356308808760E-1));
#3694=VECTOR('',#3693,2.341117159480E-2);
#3695=CARTESIAN_POINT('',(6.041397910970E0,1.097940111820E-1));
#3696=LINE('',#3695,#3694);
#3697=TRIMMED_CURVE('',#3696,(PARAMETER_VALUE(0.E0)),(PARAMETER_VALUE(1.E0)),
.T.,.UNSPECIFIED.);
#3698=COMPOSITE_CURVE_SEGMENT(.CONTINUOUS.,.T.,#3697);
#3699=DIRECTION('',(9.584855967545E-1,2.851409490308E-1));
#3700=VECTOR('',#3699,2.316960286583E-2);
#3701=CARTESIAN_POINT('',(6.064149885430E0,1.153104061672E-1));
#3702=LINE('',#3701,#3700);
#3703=TRIMMED_CURVE('',#3702,(PARAMETER_VALUE(0.E0)),(PARAMETER_VALUE(1.E0)),
.T.,.UNSPECIFIED.);
#3704=COMPOSITE_CURVE_SEGMENT(.CONTINUOUS.,.T.,#3703);
#3705=DIRECTION('',(9.424406048151E-1,3.343736030188E-1));
#3706=VECTOR('',#3705,2.300725906833E-2);
#3707=CARTESIAN_POINT('',(6.086357616059E0,1.219170087171E-1));
#3708=LINE('',#3707,#3706);
#3709=TRIMMED_CURVE('',#3708,(PARAMETER_VALUE(0.E0)),(PARAMETER_VALUE(1.E0)),
.T.,.UNSPECIFIED.);
#3710=COMPOSITE_CURVE_SEGMENT(.CONTINUOUS.,.T.,#3709);
#3711=DIRECTION('',(9.237419980159E-1,3.830153013936E-1));
#3712=VECTOR('',#3711,2.292440429053E-2);
#3713=CARTESIAN_POINT('',(6.108040591211E0,1.296100288273E-1));
#3714=LINE('',#3713,#3712);
#3715=TRIMMED_CURVE('',#3714,(PARAMETER_VALUE(0.E0)),(PARAMETER_VALUE(1.E0)),
.T.,.UNSPECIFIED.);
#3716=COMPOSITE_CURVE_SEGMENT(.CONTINUOUS.,.T.,#3715);
#3717=DIRECTION('',(9.024689252591E-1,4.307549639199E-1));
#3718=VECTOR('',#3717,2.292127377004E-2);
#3719=CARTESIAN_POINT('',(6.129216826233E0,1.383904264459E-1));
#3720=LINE('',#3719,#3718);
#3721=TRIMMED_CURVE('',#3720,(PARAMETER_VALUE(0.E0)),(PARAMETER_VALUE(1.E0)),
.T.,.UNSPECIFIED.);
#3722=COMPOSITE_CURVE_SEGMENT(.CONTINUOUS.,.T.,#3721);
#3723=DIRECTION('',(8.787502312025E-1,4.772819200027E-1));
#3724=VECTOR('',#3723,2.298703439031E-2);
#3725=CARTESIAN_POINT('',(6.149902563538E0,1.482638789017E-1));
#3726=LINE('',#3725,#3724);
#3727=TRIMMED_CURVE('',#3726,(PARAMETER_VALUE(0.E0)),(PARAMETER_VALUE(1.E0)),
.T.,.UNSPECIFIED.);
#3728=COMPOSITE_CURVE_SEGMENT(.CONTINUOUS.,.T.,#3727);
#3729=DIRECTION('',(8.527651606728E-1,5.222945344753E-1));
#3730=VECTOR('',#3729,2.311949527494E-2);
#3731=CARTESIAN_POINT('',(6.170102425323E0,1.592351748107E-1));
#3732=LINE('',#3731,#3730);
#3733=TRIMMED_CURVE('',#3732,(PARAMETER_VALUE(0.E0)),(PARAMETER_VALUE(1.E0)),
.T.,.UNSPECIFIED.);
#3734=COMPOSITE_CURVE_SEGMENT(.CONTINUOUS.,.T.,#3733);
#3735=DIRECTION('',(8.247251281248E-1,5.655337859399E-1));
#3736=VECTOR('',#3735,2.333186431031E-2);
#3737=CARTESIAN_POINT('',(6.189817925426E0,1.713103608326E-1));
#3738=LINE('',#3737,#3736);
#3739=TRIMMED_CURVE('',#3738,(PARAMETER_VALUE(0.E0)),(PARAMETER_VALUE(1.E0)),
.T.,.UNSPECIFIED.);
#3740=COMPOSITE_CURVE_SEGMENT(.CONTINUOUS.,.T.,#3739);
#3741=DIRECTION('',(7.948622874795E-1,6.067898680291E-1));
#3742=VECTOR('',#3741,2.362406384637E-2);
#3743=CARTESIAN_POINT('',(6.209060300209E0,1.845053183891E-1));
#3744=LINE('',#3743,#3742);
#3745=TRIMMED_CURVE('',#3744,(PARAMETER_VALUE(0.E0)),(PARAMETER_VALUE(1.E0)),
.T.,.UNSPECIFIED.);
#3746=COMPOSITE_CURVE_SEGMENT(.CONTINUOUS.,.T.,#3745);
#3747=DIRECTION('',(7.634283637042E-1,6.458925092397E-1));
#3748=VECTOR('',#3747,2.399599551797E-2);
#3749=CARTESIAN_POINT('',(6.227838177637E0,1.988401609727E-1));
#3750=LINE('',#3749,#3748);
#3751=TRIMMED_CURVE('',#3750,(PARAMETER_VALUE(0.E0)),(PARAMETER_VALUE(1.E0)),
.T.,.UNSPECIFIED.);
#3752=COMPOSITE_CURVE_SEGMENT(.CONTINUOUS.,.T.,#3751);
#3753=DIRECTION('',(7.306866168820E-1,6.827130201699E-1));
#3754=VECTOR('',#3753,2.444753944974E-2);
#3755=CARTESIAN_POINT('',(6.246157401231E0,2.143389947295E-1));
#3756=LINE('',#3755,#3754);
#3757=TRIMMED_CURVE('',#3756,(PARAMETER_VALUE(0.E0)),(PARAMETER_VALUE(1.E0)),
.T.,.UNSPECIFIED.);
#3758=COMPOSITE_CURVE_SEGMENT(.CONTINUOUS.,.T.,#3757);
#3759=DIRECTION('',(6.969039661424E-1,7.171644595036E-1));
#3760=VECTOR('',#3759,2.497855197003E-2);
#3761=CARTESIAN_POINT('',(6.264020891123E0,2.310296482230E-1));
#3762=LINE('',#3761,#3760);
#3763=TRIMMED_CURVE('',#3762,(PARAMETER_VALUE(0.E0)),(PARAMETER_VALUE(1.E0)),
.T.,.UNSPECIFIED.);
#3764=COMPOSITE_CURVE_SEGMENT(.CONTINUOUS.,.T.,#3763);
#3765=DIRECTION('',(6.623437147863E-1,7.492001091051E-1));
#3766=VECTOR('',#3765,2.558886198868E-2);
#3767=CARTESIAN_POINT('',(6.281428543059E0,2.489433779458E-1));
#3768=LINE('',#3767,#3766);
#3769=TRIMMED_CURVE('',#3768,(PARAMETER_VALUE(0.E0)),(PARAMETER_VALUE(1.E0)),
.T.,.UNSPECIFIED.);
#3770=COMPOSITE_CURVE_SEGMENT(.CONTINUOUS.,.T.,#3769);
#3771=DIRECTION('',(8.160407959302E-1,-5.779943073920E-1));
#3772=VECTOR('',#3771,1.037487610574E-1);
#3773=CARTESIAN_POINT('',(6.298377164966E0,2.681145561396E-1));
#3774=LINE('',#3773,#3772);
#3775=TRIMMED_CURVE('',#3774,(PARAMETER_VALUE(0.E0)),(PARAMETER_VALUE(1.E0)),
.T.,.UNSPECIFIED.);
#3776=COMPOSITE_CURVE_SEGMENT(.CONTINUOUS.,.T.,#3775);
#3777=DIRECTION('',(-6.202522882365E-1,-7.844023833068E-1));
#3778=VECTOR('',#3777,9.009302788176E-4);
#3779=CARTESIAN_POINT('',(6.383040386516E0,2.081483628494E-1));
#3780=LINE('',#3779,#3778);
#3781=TRIMMED_CURVE('',#3780,(PARAMETER_VALUE(0.E0)),(PARAMETER_VALUE(1.E0)),
.T.,.UNSPECIFIED.);
#3782=COMPOSITE_CURVE_SEGMENT(.CONTINUOUS.,.T.,#3781);
#3783=DIRECTION('',(-6.375335836033E-1,-7.704225657248E-1));
#3784=VECTOR('',#3783,2.701114562919E-2);
#3785=CARTESIAN_POINT('',(6.382481582449E0,2.074416709915E-1));
#3786=LINE('',#3785,#3784);
#3787=TRIMMED_CURVE('',#3786,(PARAMETER_VALUE(0.E0)),(PARAMETER_VALUE(1.E0)),
.T.,.UNSPECIFIED.);
#3788=COMPOSITE_CURVE_SEGMENT(.CONTINUOUS.,.T.,#3787);
#3789=DIRECTION('',(-6.709339745365E-1,-7.415170947542E-1));
#3790=VECTOR('',#3789,2.626521687492E-2);
#3791=CARTESIAN_POINT('',(6.365261069979E0,1.866316748727E-1));
#3792=LINE('',#3791,#3790);
#3793=TRIMMED_CURVE('',#3792,(PARAMETER_VALUE(0.E0)),(PARAMETER_VALUE(1.E0)),
.T.,.UNSPECIFIED.);
#3794=COMPOSITE_CURVE_SEGMENT(.CONTINUOUS.,.T.,#3793);
#3795=DIRECTION('',(-7.039134038837E-1,-7.102858015143E-1));
#3796=VECTOR('',#3795,2.563655542412E-2);
#3797=CARTESIAN_POINT('',(6.347638843629E0,1.671555675625E-1));
#3798=LINE('',#3797,#3796);
#3799=TRIMMED_CURVE('',#3798,(PARAMETER_VALUE(0.E0)),(PARAMETER_VALUE(1.E0)),
.T.,.UNSPECIFIED.);
#3800=COMPOSITE_CURVE_SEGMENT(.CONTINUOUS.,.T.,#3799);
#3801=DIRECTION('',(-7.361889893952E-1,-6.767760130894E-1));
#3802=VECTOR('',#3801,2.512123150514E-2);
#3803=CARTESIAN_POINT('',(6.329592928636E0,1.489462862451E-1));
#3804=LINE('',#3803,#3802);
#3805=TRIMMED_CURVE('',#3804,(PARAMETER_VALUE(0.E0)),(PARAMETER_VALUE(1.E0)),
.T.,.UNSPECIFIED.);
#3806=COMPOSITE_CURVE_SEGMENT(.CONTINUOUS.,.T.,#3805);
#3807=DIRECTION('',(-7.674753275428E-1,-6.410784831930E-1));
#3808=VECTOR('',#3807,2.471611717824E-2);
#3809=CARTESIAN_POINT('',(6.311098954602E0,1.319448393431E-1));
#3810=LINE('',#3809,#3808);
#3811=TRIMMED_CURVE('',#3810,(PARAMETER_VALUE(0.E0)),(PARAMETER_VALUE(1.E0)),
.T.,.UNSPECIFIED.);
#3812=COMPOSITE_CURVE_SEGMENT(.CONTINUOUS.,.T.,#3811);
#3813=DIRECTION('',(-7.974927197357E-1,-6.033285688317E-1));
#3814=VECTOR('',#3813,2.441876432242E-2);
#3815=CARTESIAN_POINT('',(6.292129944475E0,1.160998684321E-1));
#3816=LINE('',#3815,#3814);
#3817=TRIMMED_CURVE('',#3816,(PARAMETER_VALUE(0.E0)),(PARAMETER_VALUE(1.E0)),
.T.,.UNSPECIFIED.);
#3818=COMPOSITE_CURVE_SEGMENT(.CONTINUOUS.,.T.,#3817);
#3819=DIRECTION('',(-8.259759464688E-1,-5.637053626275E-1));
#3820=VECTOR('',#3819,2.422730932206E-2);
#3821=CARTESIAN_POINT('',(6.272656157703E0,1.013673303008E-1));
#3822=LINE('',#3821,#3820);
#3823=TRIMMED_CURVE('',#3822,(PARAMETER_VALUE(0.E0)),(PARAMETER_VALUE(1.E0)),
.T.,.UNSPECIFIED.);
#3824=COMPOSITE_CURVE_SEGMENT(.CONTINUOUS.,.T.,#3823);
#3825=DIRECTION('',(-8.526830181464E-1,-5.224286272447E-1));
#3826=VECTOR('',#3825,2.414039783984E-2);
#3827=CARTESIAN_POINT('',(6.252644982955E0,8.771026611390E-2));
#3828=LINE('',#3827,#3826);
#3829=TRIMMED_CURVE('',#3828,(PARAMETER_VALUE(0.E0)),(PARAMETER_VALUE(1.E0)),
.T.,.UNSPECIFIED.);
#3830=COMPOSITE_CURVE_SEGMENT(.CONTINUOUS.,.T.,#3829);
#3831=DIRECTION('',(-8.774032779383E-1,-4.797535699326E-1));
#3832=VECTOR('',#3831,2.415712486763E-2);
#3833=CARTESIAN_POINT('',(6.232060875666E0,7.509863120928E-2));
#3834=LINE('',#3833,#3832);
#3835=TRIMMED_CURVE('',#3834,(PARAMETER_VALUE(0.E0)),(PARAMETER_VALUE(1.E0)),
.T.,.UNSPECIFIED.);
#3836=COMPOSITE_CURVE_SEGMENT(.CONTINUOUS.,.T.,#3835);
#3837=DIRECTION('',(-8.999642495715E-1,-4.359637020364E-1));
#3838=VECTOR('',#3837,2.427698653156E-2);
#3839=CARTESIAN_POINT('',(6.210865335122E0,6.350916431473E-2));
#3840=LINE('',#3839,#3838);
#3841=TRIMMED_CURVE('',#3840,(PARAMETER_VALUE(0.E0)),(PARAMETER_VALUE(1.E0)),
.T.,.UNSPECIFIED.);
#3842=COMPOSITE_CURVE_SEGMENT(.CONTINUOUS.,.T.,#3841);
#3843=DIRECTION('',(-9.198384513302E-1,-3.922973661069E-1));
#3844=VECTOR('',#3843,2.535707679786E-2);
#3845=CARTESIAN_POINT('',(6.189016915156E0,5.292527939215E-2));
#3846=LINE('',#3845,#3844);
#3847=TRIMMED_CURVE('',#3846,(PARAMETER_VALUE(0.E0)),(PARAMETER_VALUE(1.E0)),
.T.,.UNSPECIFIED.);
#3848=COMPOSITE_CURVE_SEGMENT(.CONTINUOUS.,.T.,#3847);
#3849=DIRECTION('',(-9.371364244138E-1,-3.489632101482E-1));
#3850=VECTOR('',#3849,2.569614784017E-2);
#3851=CARTESIAN_POINT('',(6.165692500904E0,4.297776495218E-2));
#3852=LINE('',#3851,#3850);
#3853=TRIMMED_CURVE('',#3852,(PARAMETER_VALUE(0.E0)),(PARAMETER_VALUE(1.E0)),
.T.,.UNSPECIFIED.);
#3854=COMPOSITE_CURVE_SEGMENT(.CONTINUOUS.,.T.,#3853);
#3855=DIRECTION('',(-9.521880865003E-1,-3.055124349792E-1));
#3856=VECTOR('',#3855,2.608622210256E-2);
#3857=CARTESIAN_POINT('',(6.141611704796E0,3.401075471343E-2));
#3858=LINE('',#3857,#3856);
#3859=TRIMMED_CURVE('',#3858,(PARAMETER_VALUE(0.E0)),(PARAMETER_VALUE(1.E0)),
.T.,.UNSPECIFIED.);
#3860=COMPOSITE_CURVE_SEGMENT(.CONTINUOUS.,.T.,#3859);
#3861=DIRECTION('',(-9.650325074760E-1,-2.621302338812E-1));
#3862=VECTOR('',#3861,2.652556145008E-2);
#3863=CARTESIAN_POINT('',(6.116772714888E0,2.604108947947E-2));
#3864=LINE('',#3863,#3862);
#3865=TRIMMED_CURVE('',#3864,(PARAMETER_VALUE(0.E0)),(PARAMETER_VALUE(1.E0)),
.T.,.UNSPECIFIED.);
#3866=COMPOSITE_CURVE_SEGMENT(.CONTINUOUS.,.T.,#3865);
#3867=DIRECTION('',(-9.757276880075E-1,-2.189873942846E-1));
#3868=VECTOR('',#3867,2.701226684689E-2);
#3869=CARTESIAN_POINT('',(6.091174685809E0,1.908793785273E-2));
#3870=LINE('',#3869,#3868);
#3871=TRIMMED_CURVE('',#3870,(PARAMETER_VALUE(0.E0)),(PARAMETER_VALUE(1.E0)),
.T.,.UNSPECIFIED.);
#3872=COMPOSITE_CURVE_SEGMENT(.CONTINUOUS.,.T.,#3871);
#3873=DIRECTION('',(-9.843474938851E-1,-1.762385068084E-1));
#3874=VECTOR('',#3873,2.754427692985E-2);
#3875=CARTESIAN_POINT('',(6.064818069131E0,1.317259192221E-2));
#3876=LINE('',#3875,#3874);
#3877=TRIMMED_CURVE('',#3876,(PARAMETER_VALUE(0.E0)),(PARAMETER_VALUE(1.E0)),
.T.,.UNSPECIFIED.);
#3878=COMPOSITE_CURVE_SEGMENT(.CONTINUOUS.,.T.,#3877);
#3879=DIRECTION('',(-9.909785116053E-1,-1.340208548569E-1));
#3880=VECTOR('',#3879,2.811936881744E-2);
#3881=CARTESIAN_POINT('',(6.037704929164E0,8.318229684976E-3));
#3882=LINE('',#3881,#3880);
#3883=TRIMMED_CURVE('',#3882,(PARAMETER_VALUE(0.E0)),(PARAMETER_VALUE(1.E0)),
.T.,.UNSPECIFIED.);
#3884=COMPOSITE_CURVE_SEGMENT(.CONTINUOUS.,.T.,#3883);
#3885=DIRECTION('',(-9.957169629919E-1,-9.245393236698E-2));
#3886=VECTOR('',#3885,2.873516151865E-2);
#3887=CARTESIAN_POINT('',(6.009839238906E0,4.549647838026E-3));
#3888=LINE('',#3887,#3886);
#3889=TRIMMED_CURVE('',#3888,(PARAMETER_VALUE(0.E0)),(PARAMETER_VALUE(1.E0)),
.T.,.UNSPECIFIED.);
#3890=COMPOSITE_CURVE_SEGMENT(.CONTINUOUS.,.T.,#3889);
#3891=DIRECTION('',(-9.986657902791E-1,-5.163951322587E-2));
#3892=VECTOR('',#3891,2.938912225868E-2);
#3893=CARTESIAN_POINT('',(5.981227151148E0,1.892969158427E-3));
#3894=LINE('',#3893,#3892);
#3895=TRIMMED_CURVE('',#3894,(PARAMETER_VALUE(0.E0)),(PARAMETER_VALUE(1.E0)),
.T.,.UNSPECIFIED.);
#3896=COMPOSITE_CURVE_SEGMENT(.CONTINUOUS.,.T.,#3895);
#3897=DIRECTION('',(-9.998768408072E-1,-1.569405038159E-2));
#3898=VECTOR('',#3897,2.391538077978E-2);
#3899=CARTESIAN_POINT('',(5.951877240142E0,3.753291908528E-4));
#3900=LINE('',#3899,#3898);
#3901=TRIMMED_CURVE('',#3900,(PARAMETER_VALUE(0.E0)),(PARAMETER_VALUE(1.E0)),
.T.,.UNSPECIFIED.);
#3902=COMPOSITE_CURVE_SEGMENT(.CONTINUOUS.,.T.,#3901);
#3903=DIRECTION('',(-9.999607217771E-1,8.863120385603E-3));
#3904=VECTOR('',#3903,1.420113801492E-2);
#3905=CARTESIAN_POINT('',(5.927964804761E0,0.E0));
#3906=LINE('',#3905,#3904);
#3907=TRIMMED_CURVE('',#3906,(PARAMETER_VALUE(0.E0)),(PARAMETER_VALUE(1.E0)),
.T.,.UNSPECIFIED.);
#3908=COMPOSITE_CURVE_SEGMENT(.CONTINUOUS.,.T.,#3907);
#3909=DIRECTION('',(-9.993021389190E-1,3.735284663689E-2));
#3910=VECTOR('',#3909,3.001906157082E-2);
#3911=CARTESIAN_POINT('',(5.913764224542E0,1.258663958388E-4));
#3912=LINE('',#3911,#3910);
#3913=TRIMMED_CURVE('',#3912,(PARAMETER_VALUE(0.E0)),(PARAMETER_VALUE(1.E0)),
.T.,.UNSPECIFIED.);
#3914=COMPOSITE_CURVE_SEGMENT(.CONTINUOUS.,.T.,#3913);
#3915=DIRECTION('',(-9.969975702635E-1,7.743284115050E-2));
#3916=VECTOR('',#3915,2.910376675447E-2);
#3917=CARTESIAN_POINT('',(5.883766112105E0,1.247163798877E-3));
#3918=LINE('',#3917,#3916);
#3919=TRIMMED_CURVE('',#3918,(PARAMETER_VALUE(0.E0)),(PARAMETER_VALUE(1.E0)),
.T.,.UNSPECIFIED.);
#3920=COMPOSITE_CURVE_SEGMENT(.CONTINUOUS.,.T.,#3919);
#3921=DIRECTION('',(-9.929387971649E-1,1.186277584919E-1));
#3922=VECTOR('',#3921,2.827174784769E-2);
#3923=CARTESIAN_POINT('',(5.854749727366E0,3.500751146857E-3));
#3924=LINE('',#3923,#3922);
#3925=TRIMMED_CURVE('',#3924,(PARAMETER_VALUE(0.E0)),(PARAMETER_VALUE(1.E0)),
.T.,.UNSPECIFIED.);
#3926=COMPOSITE_CURVE_SEGMENT(.CONTINUOUS.,.T.,#3925);
#3927=DIRECTION('',(-9.869860017027E-1,1.608061952880E-1));
#3928=VECTOR('',#3927,2.752280157693E-2);
#3929=CARTESIAN_POINT('',(5.826677612064E0,6.854565222677E-3));
#3930=LINE('',#3929,#3928);
#3931=TRIMMED_CURVE('',#3930,(PARAMETER_VALUE(0.E0)),(PARAMETER_VALUE(1.E0)),
.T.,.UNSPECIFIED.);
#3932=COMPOSITE_CURVE_SEGMENT(.CONTINUOUS.,.T.,#3931);
#3933=DIRECTION('',(-9.790103691644E-1,2.038104439636E-1));
#3934=VECTOR('',#3933,2.685673552976E-2);
#3935=CARTESIAN_POINT('',(5.799512992180E0,1.128040222793E-2));
#3936=LINE('',#3935,#3934);
#3937=TRIMMED_CURVE('',#3936,(PARAMETER_VALUE(0.E0)),(PARAMETER_VALUE(1.E0)),
.T.,.UNSPECIFIED.);
#3938=COMPOSITE_CURVE_SEGMENT(.CONTINUOUS.,.T.,#3937);
#3939=DIRECTION('',(-9.688988811901E-1,2.474569821777E-1));
#3940=VECTOR('',#3939,2.627337583837E-2);
#3941=CARTESIAN_POINT('',(5.773219969615E0,1.675408541966E-2));
#3942=LINE('',#3941,#3940);
#3943=TRIMMED_CURVE('',#3942,(PARAMETER_VALUE(0.E0)),(PARAMETER_VALUE(1.E0)),
.T.,.UNSPECIFIED.);
#3944=COMPOSITE_CURVE_SEGMENT(.CONTINUOUS.,.T.,#3943);
#3945=DIRECTION('',(-9.565592340796E-1,2.915380450252E-1));
#3946=VECTOR('',#3945,2.577257414826E-2);
#3947=CARTESIAN_POINT('',(5.747763725160E0,2.325561571625E-2));
#3948=LINE('',#3947,#3946);
#3949=TRIMMED_CURVE('',#3948,(PARAMETER_VALUE(0.E0)),(PARAMETER_VALUE(1.E0)),
.T.,.UNSPECIFIED.);
#3950=COMPOSITE_CURVE_SEGMENT(.CONTINUOUS.,.T.,#3949);
#3951=DIRECTION('',(-9.419246186493E-1,3.358243778858E-1));
#3952=VECTOR('',#3951,2.535421374906E-2);
#3953=CARTESIAN_POINT('',(5.723110731372E0,3.076930159870E-2));
#3954=LINE('',#3953,#3952);
#3955=TRIMMED_CURVE('',#3954,(PARAMETER_VALUE(0.E0)),(PARAMETER_VALUE(1.E0)),
.T.,.UNSPECIFIED.);
#3956=COMPOSITE_CURVE_SEGMENT(.CONTINUOUS.,.T.,#3955);
#3957=DIRECTION('',(-9.249580575125E-1,3.800691934933E-1));
#3958=VECTOR('',#3957,2.501821475700E-2);
#3959=CARTESIAN_POINT('',(5.699228973255E0,3.928386465776E-2));
#3960=LINE('',#3959,#3958);
#3961=TRIMMED_CURVE('',#3960,(PARAMETER_VALUE(0.E0)),(PARAMETER_VALUE(1.E0)),
.T.,.UNSPECIFIED.);
#3962=COMPOSITE_CURVE_SEGMENT(.CONTINUOUS.,.T.,#3961);
#3963=DIRECTION('',(-9.056559784975E-1,4.240132646649E-1));
#3964=VECTOR('',#3963,2.476453825743E-2);
#3965=CARTESIAN_POINT('',(5.676088173931E0,4.879251736309E-2));
#3966=LINE('',#3965,#3964);
#3967=TRIMMED_CURVE('',#3966,(PARAMETER_VALUE(0.E0)),(PARAMETER_VALUE(1.E0)),
.T.,.UNSPECIFIED.);
#3968=COMPOSITE_CURVE_SEGMENT(.CONTINUOUS.,.T.,#3967);
#3969=DIRECTION('',(-8.840507165905E-1,4.673909824716E-1));
#3970=VECTOR('',#3969,2.459318934030E-2);
#3971=CARTESIAN_POINT('',(5.653660021804E0,5.929301007754E-2));
#3972=LINE('',#3971,#3970);
#3973=TRIMMED_CURVE('',#3972,(PARAMETER_VALUE(0.E0)),(PARAMETER_VALUE(1.E0)),
.T.,.UNSPECIFIED.);
#3974=COMPOSITE_CURVE_SEGMENT(.CONTINUOUS.,.T.,#3973);
#3975=DIRECTION('',(-8.602116853474E-1,5.099371102320E-1));
#3976=VECTOR('',#3975,2.450421899108E-2);
#3977=CARTESIAN_POINT('',(5.631918395144E0,7.078764500542E-2));
#3978=LINE('',#3977,#3976);
#3979=TRIMMED_CURVE('',#3978,(PARAMETER_VALUE(0.E0)),(PARAMETER_VALUE(1.E0)),
.T.,.UNSPECIFIED.);
#3980=COMPOSITE_CURVE_SEGMENT(.CONTINUOUS.,.T.,#3979);
#3981=DIRECTION('',(-8.409298134759E-1,5.411442033389E-1));
#3982=VECTOR('',#3981,1.224651819645E-2);
#3983=CARTESIAN_POINT('',(5.610839579628E0,8.328325562622E-2));
#3984=LINE('',#3983,#3982);
#3985=TRIMMED_CURVE('',#3984,(PARAMETER_VALUE(0.E0)),(PARAMETER_VALUE(1.E0)),
.T.,.UNSPECIFIED.);
#3986=COMPOSITE_CURVE_SEGMENT(.CONTINUOUS.,.T.,#3985);
#3987=DIRECTION('',(-8.274390052167E-1,5.615556006719E-1));
#3988=VECTOR('',#3987,1.225303996543E-2);
#3989=CARTESIAN_POINT('',(5.600541117365E0,8.991038795932E-2));
#3990=LINE('',#3989,#3988);
#3991=TRIMMED_CURVE('',#3990,(PARAMETER_VALUE(0.E0)),(PARAMETER_VALUE(1.E0)),
.T.,.UNSPECIFIED.);
#3992=COMPOSITE_CURVE_SEGMENT(.CONTINUOUS.,.T.,#3991);
#3993=DIRECTION('',(-8.063047214082E-1,5.915003772061E-1));
#3994=VECTOR('',#3993,2.455179325440E-2);
#3995=CARTESIAN_POINT('',(5.590402474165E0,9.679115117716E-2));
#3996=LINE('',#3995,#3994);
#3997=TRIMMED_CURVE('',#3996,(PARAMETER_VALUE(0.E0)),(PARAMETER_VALUE(1.E0)),
.T.,.UNSPECIFIED.);
#3998=COMPOSITE_CURVE_SEGMENT(.CONTINUOUS.,.T.,#3997);
#3999=DIRECTION('',(-7.765818271224E-1,6.300164012018E-1));
#4000=VECTOR('',#3999,2.468377722290E-2);
#4001=CARTESIAN_POINT('',(5.570606247345E0,1.113135461482E-1));
#4002=LINE('',#4001,#4000);
#4003=TRIMMED_CURVE('',#4002,(PARAMETER_VALUE(0.E0)),(PARAMETER_VALUE(1.E0)),
.T.,.UNSPECIFIED.);
#4004=COMPOSITE_CURVE_SEGMENT(.CONTINUOUS.,.T.,#4003);
#4005=DIRECTION('',(-7.452820110811E-1,6.667493711725E-1));
#4006=VECTOR('',#4005,2.489825587569E-2);
#4007=CARTESIAN_POINT('',(5.551437274529E0,1.268647306423E-1));
#4008=LINE('',#4007,#4006);
#4009=TRIMMED_CURVE('',#4008,(PARAMETER_VALUE(0.E0)),(PARAMETER_VALUE(1.E0)),
.T.,.UNSPECIFIED.);
#4010=COMPOSITE_CURVE_SEGMENT(.CONTINUOUS.,.T.,#4009);
#4011=DIRECTION('',(-7.126273129997E-1,7.015428089339E-1));
#4012=VECTOR('',#4011,2.519524475921E-2);
#4013=CARTESIAN_POINT('',(5.532881052318E0,1.434656270907E-1));
#4014=LINE('',#4013,#4012);
#4015=TRIMMED_CURVE('',#4014,(PARAMETER_VALUE(0.E0)),(PARAMETER_VALUE(1.E0)),
.T.,.UNSPECIFIED.);
#4016=COMPOSITE_CURVE_SEGMENT(.CONTINUOUS.,.T.,#4015);
#4017=DIRECTION('',(-6.788521484658E-1,7.342749897167E-1));
#4018=VECTOR('',#4017,2.557480795252E-2);
#4019=CARTESIAN_POINT('',(5.514926232745E0,1.611411698708E-1));
#4020=LINE('',#4019,#4018);
#4021=TRIMMED_CURVE('',#4020,(PARAMETER_VALUE(0.E0)),(PARAMETER_VALUE(1.E0)),
.T.,.UNSPECIFIED.);
#4022=COMPOSITE_CURVE_SEGMENT(.CONTINUOUS.,.T.,#4021);
#4023=DIRECTION('',(-6.353109036045E-1,7.722564701971E-1));
#4024=VECTOR('',#4023,2.571507397030E-2);
#4025=CARTESIAN_POINT('',(5.497564719419E0,1.799201117172E-1));
#4026=LINE('',#4025,#4024);
#4027=TRIMMED_CURVE('',#4026,(PARAMETER_VALUE(0.E0)),(PARAMETER_VALUE(1.E0)),
.T.,.UNSPECIFIED.);
#4028=COMPOSITE_CURVE_SEGMENT(.CONTINUOUS.,.T.,#4027);
#4029=DIRECTION('',(-5.984831644290E-1,8.011353830003E-1));
#4030=VECTOR('',#4029,2.535629820040E-2);
#4031=CARTESIAN_POINT('',(5.481227652539E0,1.997787439723E-1));
#4032=LINE('',#4031,#4030);
#4033=TRIMMED_CURVE('',#4032,(PARAMETER_VALUE(0.E0)),(PARAMETER_VALUE(1.E0)),
.T.,.UNSPECIFIED.);
#4034=COMPOSITE_CURVE_SEGMENT(.CONTINUOUS.,.T.,#4033);
#4035=DIRECTION('',(-5.598163994030E-1,8.286166779395E-1));
#4036=VECTOR('',#4035,2.508964265428E-2);
#4037=CARTESIAN_POINT('',(5.466052334954E0,2.200925716426E-1));
#4038=LINE('',#4037,#4036);
#4039=TRIMMED_CURVE('',#4038,(PARAMETER_VALUE(0.E0)),(PARAMETER_VALUE(1.E0)),
.T.,.UNSPECIFIED.);
#4040=COMPOSITE_CURVE_SEGMENT(.CONTINUOUS.,.T.,#4039);
#4041=DIRECTION('',(-5.194813865357E-1,8.544817663607E-1));
#4042=VECTOR('',#4041,2.491485928381E-2);
#4043=CARTESIAN_POINT('',(5.452006741541E0,2.408822679895E-1));
#4044=LINE('',#4043,#4042);
#4045=TRIMMED_CURVE('',#4044,(PARAMETER_VALUE(0.E0)),(PARAMETER_VALUE(1.E0)),
.T.,.UNSPECIFIED.);
#4046=COMPOSITE_CURVE_SEGMENT(.CONTINUOUS.,.T.,#4045);
#4047=DIRECTION('',(-4.776956095664E-1,8.785254148862E-1));
#4048=VECTOR('',#4047,2.481632868155E-2);
#4049=CARTESIAN_POINT('',(5.439063935895E0,2.621715609589E-1));
#4050=LINE('',#4049,#4048);
#4051=TRIMMED_CURVE('',#4050,(PARAMETER_VALUE(0.E0)),(PARAMETER_VALUE(1.E0)),
.T.,.UNSPECIFIED.);
#4052=COMPOSITE_CURVE_SEGMENT(.CONTINUOUS.,.T.,#4051);
#4053=DIRECTION('',(-4.347209185098E-1,9.005652241843E-1));
#4054=VECTOR('',#4053,2.479369711220E-2);
#4055=CARTESIAN_POINT('',(5.427209284638E0,2.839733364098E-1));
#4056=LINE('',#4055,#4054);
#4057=TRIMMED_CURVE('',#4056,(PARAMETER_VALUE(0.E0)),(PARAMETER_VALUE(1.E0)),
.T.,.UNSPECIFIED.);
#4058=COMPOSITE_CURVE_SEGMENT(.CONTINUOUS.,.T.,#4057);
#4059=DIRECTION('',(-3.908299605797E-1,9.204628954571E-1));
#4060=VECTOR('',#4059,2.486263908835E-2);
#4061=CARTESIAN_POINT('',(5.416430945856E0,3.063016778080E-1));
#4062=LINE('',#4061,#4060);
#4063=TRIMMED_CURVE('',#4062,(PARAMETER_VALUE(0.E0)),(PARAMETER_VALUE(1.E0)),
.T.,.UNSPECIFIED.);
#4064=COMPOSITE_CURVE_SEGMENT(.CONTINUOUS.,.T.,#4063);
#4065=DIRECTION('',(-3.462960456926E-1,9.381252841373E-1));
#4066=VECTOR('',#4065,2.502314630514E-2);
#4067=CARTESIAN_POINT('',(5.406713881601E0,3.291868145720E-1));
#4068=LINE('',#4067,#4066);
#4069=TRIMMED_CURVE('',#4068,(PARAMETER_VALUE(0.E0)),(PARAMETER_VALUE(1.E0)),
.T.,.UNSPECIFIED.);
#4070=COMPOSITE_CURVE_SEGMENT(.CONTINUOUS.,.T.,#4069);
#4071=DIRECTION('',(-3.013984942440E-1,9.534982683086E-1));
#4072=VECTOR('',#4071,2.527537612056E-2);
#4073=CARTESIAN_POINT('',(5.398048464985E0,3.526616608095E-1));
#4074=LINE('',#4073,#4072);
#4075=TRIMMED_CURVE('',#4074,(PARAMETER_VALUE(0.E0)),(PARAMETER_VALUE(1.E0)),
.T.,.UNSPECIFIED.);
#4076=COMPOSITE_CURVE_SEGMENT(.CONTINUOUS.,.T.,#4075);
#4077=DIRECTION('',(-2.564149131329E-1,9.665668069632E-1));
#4078=VECTOR('',#4077,2.561965467547E-2);
#4079=CARTESIAN_POINT('',(5.390430504681E0,3.767616881713E-1));
#4080=LINE('',#4079,#4078);
#4081=TRIMMED_CURVE('',#4080,(PARAMETER_VALUE(0.E0)),(PARAMETER_VALUE(1.E0)),
.T.,.UNSPECIFIED.);
#4082=COMPOSITE_CURVE_SEGMENT(.CONTINUOUS.,.T.,#4081);
#4083=DIRECTION('',(-2.116139065163E-1,9.773533417188E-1));
#4084=VECTOR('',#4083,2.605648003499E-2);
#4085=CARTESIAN_POINT('',(5.383861243153E0,4.015247959865E-1));
#4086=LINE('',#4085,#4084);
#4087=TRIMMED_CURVE('',#4086,(PARAMETER_VALUE(0.E0)),(PARAMETER_VALUE(1.E0)),
.T.,.UNSPECIFIED.);
#4088=COMPOSITE_CURVE_SEGMENT(.CONTINUOUS.,.T.,#4087);
#4089=DIRECTION('',(-1.672486192106E-1,9.859147525888E-1));
#4090=VECTOR('',#4089,2.658652538898E-2);
#4091=CARTESIAN_POINT('',(5.378347329622E0,4.269911838221E-1));
#4092=LINE('',#4091,#4090);
#4093=TRIMMED_CURVE('',#4092,(PARAMETER_VALUE(0.E0)),(PARAMETER_VALUE(1.E0)),
.T.,.UNSPECIFIED.);
#4094=COMPOSITE_CURVE_SEGMENT(.CONTINUOUS.,.T.,#4093);
#4095=DIRECTION('',(-1.235514112131E-1,9.923381725940E-1));
#4096=VECTOR('',#4095,2.721064238825E-2);
#4097=CARTESIAN_POINT('',(5.373900769962E0,4.532032314232E-1));
#4098=LINE('',#4097,#4096);
#4099=TRIMMED_CURVE('',#4098,(PARAMETER_VALUE(0.E0)),(PARAMETER_VALUE(1.E0)),
.T.,.UNSPECIFIED.);
#4100=COMPOSITE_CURVE_SEGMENT(.CONTINUOUS.,.T.,#4099);
#4101=DIRECTION('',(-8.072984389081E-2,9.967360193679E-1));
#4102=VECTOR('',#4101,2.792986473202E-2);
#4103=CARTESIAN_POINT('',(5.370538856694E0,4.802053905658E-1));
#4104=LINE('',#4103,#4102);
#4105=TRIMMED_CURVE('',#4104,(PARAMETER_VALUE(0.E0)),(PARAMETER_VALUE(1.E0)),
.T.,.UNSPECIFIED.);
#4106=COMPOSITE_CURVE_SEGMENT(.CONTINUOUS.,.T.,#4105);
#4107=DIRECTION('',(-3.896403874713E-2,9.992406135083E-1));
#4108=VECTOR('',#4107,2.874541215790E-2);
#4109=CARTESIAN_POINT('',(5.368284083075E0,5.080440927603E-1));
#4110=LINE('',#4109,#4108);
#4111=TRIMMED_CURVE('',#4110,(PARAMETER_VALUE(0.E0)),(PARAMETER_VALUE(1.E0)),
.T.,.UNSPECIFIED.);
#4112=COMPOSITE_CURVE_SEGMENT(.CONTINUOUS.,.T.,#4111);
#4113=DIRECTION('',(-9.242759353302E-3,9.999572847875E-1));
#4114=VECTOR('',#4113,1.356537532923E-2);
#4115=CARTESIAN_POINT('',(5.367164045722E0,5.367676760405E-1));
#4116=LINE('',#4115,#4114);
#4117=TRIMMED_CURVE('',#4116,(PARAMETER_VALUE(0.E0)),(PARAMETER_VALUE(1.E0)),
.T.,.UNSPECIFIED.);
#4118=COMPOSITE_CURVE_SEGMENT(.CONTINUOUS.,.T.,#4117);
#4119=DIRECTION('',(2.144026940067E-2,9.997701310041E-1));
#4120=VECTOR('',#4119,2.742832767603E-2);
#4121=CARTESIAN_POINT('',(5.367038664222E0,5.503324719219E-1));
#4122=LINE('',#4121,#4120);
#4123=TRIMMED_CURVE('',#4122,(PARAMETER_VALUE(0.E0)),(PARAMETER_VALUE(1.E0)),
.T.,.UNSPECIFIED.);
#4124=COMPOSITE_CURVE_SEGMENT(.CONTINUOUS.,.T.,#4123);
#4125=DIRECTION('',(6.530862560345E-2,9.978651128393E-1));
#4126=VECTOR('',#4125,2.671368777169E-2);
#4127=CARTESIAN_POINT('',(5.367626734957E0,5.777544946758E-1));
#4128=LINE('',#4127,#4126);
#4129=TRIMMED_CURVE('',#4128,(PARAMETER_VALUE(0.E0)),(PARAMETER_VALUE(1.E0)),
.T.,.UNSPECIFIED.);
#4130=COMPOSITE_CURVE_SEGMENT(.CONTINUOUS.,.T.,#4129);
#4131=DIRECTION('',(1.102007317846E-1,9.939093513566E-1));
#4132=VECTOR('',#4131,2.609859053317E-2);
#4133=CARTESIAN_POINT('',(5.369371369190E0,6.044111517384E-1));
#4134=LINE('',#4133,#4132);
#4135=TRIMMED_CURVE('',#4134,(PARAMETER_VALUE(0.E0)),(PARAMETER_VALUE(1.E0)),
.T.,.UNSPECIFIED.);
#4136=COMPOSITE_CURVE_SEGMENT(.CONTINUOUS.,.T.,#4135);
#4137=DIRECTION('',(1.558982843289E-1,9.877731141023E-1));
#4138=VECTOR('',#4137,2.558189027858E-2);
#4139=CARTESIAN_POINT('',(5.372247452965E0,6.303507849266E-1));
#4140=LINE('',#4139,#4138);
#4141=TRIMMED_CURVE('',#4140,(PARAMETER_VALUE(0.E0)),(PARAMETER_VALUE(1.E0)),
.T.,.UNSPECIFIED.);
#4142=COMPOSITE_CURVE_SEGMENT(.CONTINUOUS.,.T.,#4141);
#4143=DIRECTION('',(2.021546610719E-1,9.793536097891E-1));
#4144=VECTOR('',#4143,2.516266428906E-2);
#4145=CARTESIAN_POINT('',(5.376235625769E0,6.556198883516E-1));
#4146=LINE('',#4145,#4144);
#4147=TRIMMED_CURVE('',#4146,(PARAMETER_VALUE(0.E0)),(PARAMETER_VALUE(1.E0)),
.T.,.UNSPECIFIED.);
#4148=COMPOSITE_CURVE_SEGMENT(.CONTINUOUS.,.T.,#4147);
#4149=DIRECTION('',(2.486993692856E-1,9.685807264844E-1));
#4150=VECTOR('',#4149,2.484020997381E-2);
#4151=CARTESIAN_POINT('',(5.381322375640E0,6.802630344551E-1));
#4152=LINE('',#4151,#4150);
#4153=TRIMMED_CURVE('',#4152,(PARAMETER_VALUE(0.E0)),(PARAMETER_VALUE(1.E0)),
.T.,.UNSPECIFIED.);
#4154=COMPOSITE_CURVE_SEGMENT(.CONTINUOUS.,.T.,#4153);
#4155=DIRECTION('',(2.952440352535E-1,9.554218752191E-1));
#4156=VECTOR('',#4155,2.461404251515E-2);
#4157=CARTESIAN_POINT('',(5.387500120194E0,7.043227830775E-1));
#4158=LINE('',#4157,#4156);
#4159=TRIMMED_CURVE('',#4158,(PARAMETER_VALUE(0.E0)),(PARAMETER_VALUE(1.E0)),
.T.,.UNSPECIFIED.);
#4160=COMPOSITE_CURVE_SEGMENT(.CONTINUOUS.,.T.,#4159);
#4161=DIRECTION('',(3.414897170133E-1,9.398855106736E-1));
#4162=VECTOR('',#4161,2.448389293389E-2);
#4163=CARTESIAN_POINT('',(5.394767269430E0,7.278395777341E-1));
#4164=LINE('',#4163,#4162);
#4165=TRIMMED_CURVE('',#4164,(PARAMETER_VALUE(0.E0)),(PARAMETER_VALUE(1.E0)),
.T.,.UNSPECIFIED.);
#4166=COMPOSITE_CURVE_SEGMENT(.CONTINUOUS.,.T.,#4165);
#4167=DIRECTION('',(3.871255064273E-1,9.220270290362E-1));
#4168=VECTOR('',#4167,2.443925368872E-2);
#4169=CARTESIAN_POINT('',(5.403128267099E0,7.508516339475E-1));
#4170=LINE('',#4169,#4168);
#4171=TRIMMED_CURVE('',#4170,(PARAMETER_VALUE(0.E0)),(PARAMETER_VALUE(1.E0)),
.T.,.UNSPECIFIED.);
#4172=COMPOSITE_CURVE_SEGMENT(.CONTINUOUS.,.T.,#4171);
#4173=DIRECTION('',(4.318272660852E-1,9.019563250321E-1));
#4174=VECTOR('',#4173,2.446775719758E-2);
#4175=CARTESIAN_POINT('',(5.412589325560E0,7.733852864180E-1));
#4176=LINE('',#4175,#4174);
#4177=TRIMMED_CURVE('',#4176,(PARAMETER_VALUE(0.E0)),(PARAMETER_VALUE(1.E0)),
.T.,.UNSPECIFIED.);
#4178=COMPOSITE_CURVE_SEGMENT(.CONTINUOUS.,.T.,#4177);
#4179=DIRECTION('',(4.752994288268E-1,8.798241034189E-1));
#4180=VECTOR('',#4179,2.459220462686E-2);
#4181=CARTESIAN_POINT('',(5.423155170258E0,7.954541347817E-1));
#4182=LINE('',#4181,#4180);
#4183=TRIMMED_CURVE('',#4182,(PARAMETER_VALUE(0.E0)),(PARAMETER_VALUE(1.E0)),
.T.,.UNSPECIFIED.);
#4184=COMPOSITE_CURVE_SEGMENT(.CONTINUOUS.,.T.,#4183);
#4185=DIRECTION('',(5.172934856146E-1,8.558080682844E-1));
#4186=VECTOR('',#4185,2.481269337690E-2);
#4187=CARTESIAN_POINT('',(5.434843831071E0,8.170909491686E-1));
#4188=LINE('',#4187,#4186);
#4189=TRIMMED_CURVE('',#4188,(PARAMETER_VALUE(0.E0)),(PARAMETER_VALUE(1.E0)),
.T.,.UNSPECIFIED.);
#4190=COMPOSITE_CURVE_SEGMENT(.CONTINUOUS.,.T.,#4189);
#4191=DIRECTION('',(5.575927543653E-1,8.301146428532E-1));
#4192=VECTOR('',#4191,2.512953713349E-2);
#4193=CARTESIAN_POINT('',(5.447679275715E0,8.383258523564E-1));
#4194=LINE('',#4193,#4192);
#4195=TRIMMED_CURVE('',#4194,(PARAMETER_VALUE(0.E0)),(PARAMETER_VALUE(1.E0)),
.T.,.UNSPECIFIED.);
#4196=COMPOSITE_CURVE_SEGMENT(.CONTINUOUS.,.T.,#4195);
#4197=DIRECTION('',(5.960169583865E-1,8.029718459048E-1));
#4198=VECTOR('',#4197,2.554326942576E-2);
#4199=CARTESIAN_POINT('',(5.461691323541E0,8.591862490991E-1));
#4200=LINE('',#4199,#4198);
#4201=TRIMMED_CURVE('',#4200,(PARAMETER_VALUE(0.E0)),(PARAMETER_VALUE(1.E0)),
.T.,.UNSPECIFIED.);
#4202=COMPOSITE_CURVE_SEGMENT(.CONTINUOUS.,.T.,#4201);
#4203=DIRECTION('',(6.324249448479E-1,7.746216425676E-1));
#4204=VECTOR('',#4203,2.605464772664E-2);
#4205=CARTESIAN_POINT('',(5.476915545292E0,8.796967753003E-1));
#4206=LINE('',#4205,#4204);
#4207=TRIMMED_CURVE('',#4206,(PARAMETER_VALUE(0.E0)),(PARAMETER_VALUE(1.E0)),
.T.,.UNSPECIFIED.);
#4208=COMPOSITE_CURVE_SEGMENT(.CONTINUOUS.,.T.,#4207);
#4209=DIRECTION('',(6.667155354495E-1,7.453122800480E-1));
#4210=VECTOR('',#4209,2.666465816181E-2);
#4211=CARTESIAN_POINT('',(5.493393154443E0,8.998792693188E-1));
#4212=LINE('',#4211,#4210);
#4213=TRIMMED_CURVE('',#4212,(PARAMETER_VALUE(0.E0)),(PARAMETER_VALUE(1.E0)),
.T.,.UNSPECIFIED.);
#4214=COMPOSITE_CURVE_SEGMENT(.CONTINUOUS.,.T.,#4213);
#4215=DIRECTION('',(6.952436648224E-1,7.187741276119E-1));
#4216=VECTOR('',#4215,2.103158216926E-2);
#4217=CARTESIAN_POINT('',(5.511170896287E0,9.197527664901E-1));
#4218=LINE('',#4217,#4216);
#4219=TRIMMED_CURVE('',#4218,(PARAMETER_VALUE(0.E0)),(PARAMETER_VALUE(1.E0)),
.T.,.UNSPECIFIED.);
#4220=COMPOSITE_CURVE_SEGMENT(.CONTINUOUS.,.T.,#4219);
#4221=DIRECTION('',(7.344826850733E-1,6.786274274796E-1));
#4222=VECTOR('',#4221,2.626363768479E-2);
#4223=CARTESIAN_POINT('',(5.525792970552E0,9.348697236161E-1));
#4224=LINE('',#4223,#4222);
#4225=TRIMMED_CURVE('',#4224,(PARAMETER_VALUE(0.E0)),(PARAMETER_VALUE(1.E0)),
.T.,.UNSPECIFIED.);
#4226=COMPOSITE_CURVE_SEGMENT(.CONTINUOUS.,.T.,#4225);
#4227=DIRECTION('',(7.647382121682E-1,6.443411106315E-1));
#4228=VECTOR('',#4227,2.586654506502E-2);
#4229=CARTESIAN_POINT('',(5.545083157678E0,9.526929484944E-1));
#4230=LINE('',#4229,#4228);
#4231=TRIMMED_CURVE('',#4230,(PARAMETER_VALUE(0.E0)),(PARAMETER_VALUE(1.E0)),
.T.,.UNSPECIFIED.);
#4232=COMPOSITE_CURVE_SEGMENT(.CONTINUOUS.,.T.,#4231);
#4233=DIRECTION('',(7.938083611591E-1,6.081679749493E-1));
#4234=VECTOR('',#4233,2.555099704526E-2);
#4235=CARTESIAN_POINT('',(5.564864293106E0,9.693598268698E-1));
#4236=LINE('',#4235,#4234);
#4237=TRIMMED_CURVE('',#4236,(PARAMETER_VALUE(0.E0)),(PARAMETER_VALUE(1.E0)),
.T.,.UNSPECIFIED.);
#4238=COMPOSITE_CURVE_SEGMENT(.CONTINUOUS.,.T.,#4237);
#4239=DIRECTION('',(8.214824808744E-1,5.702337534875E-1));
#4240=VECTOR('',#4239,2.531694137700E-2);
#4241=CARTESIAN_POINT('',(5.585146888197E0,9.848991250007E-1));
#4242=LINE('',#4241,#4240);
#4243=TRIMMED_CURVE('',#4242,(PARAMETER_VALUE(0.E0)),(PARAMETER_VALUE(1.E0)),
.T.,.UNSPECIFIED.);
#4244=COMPOSITE_CURVE_SEGMENT(.CONTINUOUS.,.T.,#4243);
#4245=DIRECTION('',(8.475626245357E-1,5.306953904926E-1));
#4246=VECTOR('',#4245,2.516437865726E-2);
#4247=CARTESIAN_POINT('',(5.605944312007E0,9.993356995090E-1));
#4248=LINE('',#4247,#4246);
#4249=TRIMMED_CURVE('',#4248,(PARAMETER_VALUE(0.E0)),(PARAMETER_VALUE(1.E0)),
.T.,.UNSPECIFIED.);
#4250=COMPOSITE_CURVE_SEGMENT(.CONTINUOUS.,.T.,#4249);
#4251=DIRECTION('',(8.718693079897E-1,4.897386137375E-1));
#4252=VECTOR('',#4251,2.509336407531E-2);
#4253=CARTESIAN_POINT('',(5.627272698827E0,1.012690319267E0));
#4254=LINE('',#4253,#4252);
#4255=TRIMMED_CURVE('',#4254,(PARAMETER_VALUE(0.E0)),(PARAMETER_VALUE(1.E0)),
.T.,.UNSPECIFIED.);
#4256=COMPOSITE_CURVE_SEGMENT(.CONTINUOUS.,.T.,#4255);
#4257=DIRECTION('',(8.942467895950E-1,4.475742165262E-1));
#4258=VECTOR('',#4257,2.510400817197E-2);
#4259=CARTESIAN_POINT('',(5.649150832798E0,1.024979508603E0));
#4260=LINE('',#4259,#4258);
#4261=TRIMMED_CURVE('',#4260,(PARAMETER_VALUE(0.E0)),(PARAMETER_VALUE(1.E0)),
.T.,.UNSPECIFIED.);
#4262=COMPOSITE_CURVE_SEGMENT(.CONTINUOUS.,.T.,#4261);
#4263=DIRECTION('',(9.145627890521E-1,4.044439452894E-1));
#4264=VECTOR('',#4263,2.518401980042E-2);
#4265=CARTESIAN_POINT('',(5.671600011512E0,1.036215415392E0));
#4266=LINE('',#4265,#4264);
#4267=TRIMMED_CURVE('',#4266,(PARAMETER_VALUE(0.E0)),(PARAMETER_VALUE(1.E0)),
.T.,.UNSPECIFIED.);
#4268=COMPOSITE_CURVE_SEGMENT(.CONTINUOUS.,.T.,#4267);
#4269=DIRECTION('',(9.327141141571E-1,3.606166680175E-1));
#4270=VECTOR('',#4269,2.533183046181E-2);
#4271=CARTESIAN_POINT('',(5.694632378900E0,1.046400939719E0));
#4272=LINE('',#4271,#4270);
#4273=TRIMMED_CURVE('',#4272,(PARAMETER_VALUE(0.E0)),(PARAMETER_VALUE(1.E0)),
.T.,.UNSPECIFIED.);
#4274=COMPOSITE_CURVE_SEGMENT(.CONTINUOUS.,.T.,#4273);
#4275=DIRECTION('',(9.486398416213E-1,3.163581054576E-1));
#4276=VECTOR('',#4275,2.556162323680E-2);
#4277=CARTESIAN_POINT('',(5.718259734709E0,1.055536020015E0));
#4278=LINE('',#4277,#4276);
#4279=TRIMMED_CURVE('',#4278,(PARAMETER_VALUE(0.E0)),(PARAMETER_VALUE(1.E0)),
.T.,.UNSPECIFIED.);
#4280=COMPOSITE_CURVE_SEGMENT(.CONTINUOUS.,.T.,#4279);
#4281=DIRECTION('',(9.623194346472E-1,2.719215065056E-1));
#4282=VECTOR('',#4281,2.587346394169E-2);
#4283=CARTESIAN_POINT('',(5.742508508928E0,1.063622646714E0));
#4284=LINE('',#4283,#4282);
#4285=TRIMMED_CURVE('',#4284,(PARAMETER_VALUE(0.E0)),(PARAMETER_VALUE(1.E0)),
.T.,.UNSPECIFIED.);
#4286=COMPOSITE_CURVE_SEGMENT(.CONTINUOUS.,.T.,#4285);
#4287=DIRECTION('',(9.737655764803E-1,2.275535147210E-1));
#4288=VECTOR('',#4287,2.626747691241E-2);
#4289=CARTESIAN_POINT('',(5.767407046121E0,1.070658198008E0));
#4290=LINE('',#4289,#4288);
#4291=TRIMMED_CURVE('',#4290,(PARAMETER_VALUE(0.E0)),(PARAMETER_VALUE(1.E0)),
.T.,.UNSPECIFIED.);
#4292=COMPOSITE_CURVE_SEGMENT(.CONTINUOUS.,.T.,#4291);
#4293=DIRECTION('',(9.830218389216E-1,1.834885942046E-1));
#4294=VECTOR('',#4293,2.674384405405E-2);
#4295=CARTESIAN_POINT('',(5.792985410919E0,1.076635454702E0));
#4296=LINE('',#4295,#4294);
#4297=TRIMMED_CURVE('',#4296,(PARAMETER_VALUE(0.E0)),(PARAMETER_VALUE(1.E0)),
.T.,.UNSPECIFIED.);
#4298=COMPOSITE_CURVE_SEGMENT(.CONTINUOUS.,.T.,#4297);
#4299=DIRECTION('',(9.901593746870E-1,1.399443200684E-1));
#4300=VECTOR('',#4299,2.730280297666E-2);
#4301=CARTESIAN_POINT('',(5.819275193681E0,1.081542645051E0));
#4302=LINE('',#4301,#4300);
#4303=TRIMMED_CURVE('',#4302,(PARAMETER_VALUE(0.E0)),(PARAMETER_VALUE(1.E0)),
.T.,.UNSPECIFIED.);
#4304=COMPOSITE_CURVE_SEGMENT(.CONTINUOUS.,.T.,#4303);
#4305=DIRECTION('',(9.952729040285E-1,9.711769409685E-2));
#4306=VECTOR('',#4305,2.794464427485E-2);
#4307=CARTESIAN_POINT('',(5.846309320004E0,1.085363517250E0));
#4308=LINE('',#4307,#4306);
#4309=TRIMMED_CURVE('',#4308,(PARAMETER_VALUE(0.E0)),(PARAMETER_VALUE(1.E0)),
.T.,.UNSPECIFIED.);
#4310=COMPOSITE_CURVE_SEGMENT(.CONTINUOUS.,.T.,#4309);
#4311=DIRECTION('',(9.984762818529E-1,5.518255682085E-2));
#4312=VECTOR('',#4311,2.866970802953E-2);
#4313=CARTESIAN_POINT('',(5.874121867263E0,1.088077436664E0));
#4314=LINE('',#4313,#4312);
#4315=TRIMMED_CURVE('',#4314,(PARAMETER_VALUE(0.E0)),(PARAMETER_VALUE(1.E0)),
.T.,.UNSPECIFIED.);
#4316=COMPOSITE_CURVE_SEGMENT(.CONTINUOUS.,.T.,#4315);
#4317=DIRECTION('',(9.998524046774E-1,1.718047906519E-2));
#4318=VECTOR('',#4317,2.522063647065E-2);
#4319=CARTESIAN_POINT('',(5.902747890738E0,1.089659504457E0));
#4320=LINE('',#4319,#4318);
#4321=TRIMMED_CURVE('',#4320,(PARAMETER_VALUE(0.E0)),(PARAMETER_VALUE(1.E0)),
.T.,.UNSPECIFIED.);
#4322=COMPOSITE_CURVE_SEGMENT(.CONTINUOUS.,.T.,#4321);
#4323=DIRECTION('',(9.997685848023E-1,-2.151224865808E-2));
#4324=VECTOR('',#4323,2.756196909131E-2);
#4325=CARTESIAN_POINT('',(5.927964804761E0,1.090092807073E0));
#4326=LINE('',#4325,#4324);
#4327=TRIMMED_CURVE('',#4326,(PARAMETER_VALUE(0.E0)),(PARAMETER_VALUE(1.E0)),
.T.,.UNSPECIFIED.);
#4328=COMPOSITE_CURVE_SEGMENT(.CONTINUOUS.,.T.,#4327);
#4329=DIRECTION('',(9.979075789158E-1,-6.465650734749E-2));
#4330=VECTOR('',#4329,2.744301311708E-2);
#4331=CARTESIAN_POINT('',(5.955520395594E0,1.089499887141E0));
#4332=LINE('',#4331,#4330);
#4333=TRIMMED_CURVE('',#4332,(PARAMETER_VALUE(0.E0)),(PARAMETER_VALUE(1.E0)),
.T.,.UNSPECIFIED.);
#4334=COMPOSITE_CURVE_SEGMENT(.CONTINUOUS.,.T.,#4333);
#4335=DIRECTION('',(9.941703732288E-1,-1.078205406872E-1));
#4336=VECTOR('',#4335,2.735764793570E-2);
#4337=CARTESIAN_POINT('',(5.982905986372E0,1.087725517762E0));
#4338=LINE('',#4337,#4336);
#4339=TRIMMED_CURVE('',#4338,(PARAMETER_VALUE(0.E0)),(PARAMETER_VALUE(1.E0)),
.T.,.UNSPECIFIED.);
#4340=COMPOSITE_CURVE_SEGMENT(.CONTINUOUS.,.T.,#4339);
#4341=DIRECTION('',(9.885529162677E-1,-1.508745562997E-1));
#4342=VECTOR('',#4341,2.730267700238E-2);
#4343=CARTESIAN_POINT('',(6.010104149430E0,1.084775801369E0));
#4344=LINE('',#4343,#4342);
#4345=TRIMMED_CURVE('',#4344,(PARAMETER_VALUE(0.E0)),(PARAMETER_VALUE(1.E0)),
.T.,.UNSPECIFIED.);
#4346=COMPOSITE_CURVE_SEGMENT(.CONTINUOUS.,.T.,#4345);
#4347=DIRECTION('',(9.810619941871E-1,-1.936939946454E-1));
#4348=VECTOR('',#4347,2.727452602864E-2);
#4349=CARTESIAN_POINT('',(6.037094290403E0,1.080656522091E0));
#4350=LINE('',#4349,#4348);
#4351=TRIMMED_CURVE('',#4350,(PARAMETER_VALUE(0.E0)),(PARAMETER_VALUE(1.E0)),
.T.,.UNSPECIFIED.);
#4352=COMPOSITE_CURVE_SEGMENT(.CONTINUOUS.,.T.,#4351);
#4353=DIRECTION('',(9.717138660324E-1,-2.361613062301E-1));
#4354=VECTOR('',#4353,2.726921348158E-2);
#4355=CARTESIAN_POINT('',(6.063852291299E0,1.075373610192E0));
#4356=LINE('',#4355,#4354);
#4357=TRIMMED_CURVE('',#4356,(PARAMETER_VALUE(0.E0)),(PARAMETER_VALUE(1.E0)),
.T.,.UNSPECIFIED.);
#4358=COMPOSITE_CURVE_SEGMENT(.CONTINUOUS.,.T.,#4357);
#4359=DIRECTION('',(9.605325952488E-1,-2.781674557971E-1));
#4360=VECTOR('',#4359,2.728232524224E-2);
#4361=CARTESIAN_POINT('',(6.090350164155E0,1.068933677116E0));
#4362=LINE('',#4361,#4360);
#4363=TRIMMED_CURVE('',#4362,(PARAMETER_VALUE(0.E0)),(PARAMETER_VALUE(1.E0)),
.T.,.UNSPECIFIED.);
#4364=COMPOSITE_CURVE_SEGMENT(.CONTINUOUS.,.T.,#4363);
#4365=DIRECTION('',(9.475481326730E-1,-3.196131040304E-1));
#4366=VECTOR('',#4365,2.730899625194E-2);
#4367=CARTESIAN_POINT('',(6.116555726824E0,1.061344622116E0));
#4368=LINE('',#4367,#4366);
#4369=TRIMMED_CURVE('',#4368,(PARAMETER_VALUE(0.E0)),(PARAMETER_VALUE(1.E0)),
.T.,.UNSPECIFIED.);
#4370=COMPOSITE_CURVE_SEGMENT(.CONTINUOUS.,.T.,#4369);
#4371=DIRECTION('',(9.327942122322E-1,-3.604094305455E-1));
#4372=VECTOR('',#4371,2.734390271814E-2);
#4373=CARTESIAN_POINT('',(6.142432315228E0,1.052616309056E0));
#4374=LINE('',#4373,#4372);
#4375=TRIMMED_CURVE('',#4374,(PARAMETER_VALUE(0.E0)),(PARAMETER_VALUE(1.E0)),
.T.,.UNSPECIFIED.);
#4376=COMPOSITE_CURVE_SEGMENT(.CONTINUOUS.,.T.,#4375);
#4377=DIRECTION('',(9.176977988340E-1,-3.972791839692E-1));
#4378=VECTOR('',#4377,2.296874391448E-2);
#4379=CARTESIAN_POINT('',(6.167938549423E0,1.042761308648E0));
#4380=LINE('',#4379,#4378);
#4381=TRIMMED_CURVE('',#4380,(PARAMETER_VALUE(0.E0)),(PARAMETER_VALUE(1.E0)),
.T.,.UNSPECIFIED.);
#4382=COMPOSITE_CURVE_SEGMENT(.CONTINUOUS.,.T.,#4381);
#4383=DIRECTION('',(8.846000810582E-1,-4.663504010847E-1));
#4384=VECTOR('',#4383,2.526037185344E-2);
#4385=CARTESIAN_POINT('',(6.189016915156E0,1.033636304809E0));
#4386=LINE('',#4385,#4384);
#4387=TRIMMED_CURVE('',#4386,(PARAMETER_VALUE(0.E0)),(PARAMETER_VALUE(1.E0)),
.T.,.UNSPECIFIED.);
#4388=COMPOSITE_CURVE_SEGMENT(.CONTINUOUS.,.T.,#4387);
#4389=DIRECTION('',(8.628424047350E-1,-5.054730305279E-1));
#4390=VECTOR('',#4389,2.577487061278E-2);
#4391=CARTESIAN_POINT('',(6.211362242145E0,1.021856120263E0));
#4392=LINE('',#4391,#4390);
#4393=TRIMMED_CURVE('',#4392,(PARAMETER_VALUE(0.E0)),(PARAMETER_VALUE(1.E0)),
.T.,.UNSPECIFIED.);
#4394=COMPOSITE_CURVE_SEGMENT(.CONTINUOUS.,.T.,#4393);
#4395=DIRECTION('',(8.383755766737E-1,-5.450930126474E-1));
#4396=VECTOR('',#4395,2.539812654721E-2);
#4397=CARTESIAN_POINT('',(6.233601893486E0,1.008827618303E0));
#4398=LINE('',#4397,#4396);
#4399=TRIMMED_CURVE('',#4398,(PARAMETER_VALUE(0.E0)),(PARAMETER_VALUE(1.E0)),
.T.,.UNSPECIFIED.);
#4400=COMPOSITE_CURVE_SEGMENT(.CONTINUOUS.,.T.,#4399);
#4401=DIRECTION('',(8.117018027583E-1,-5.840720703809E-1));
#4402=VECTOR('',#4401,2.516910757088E-2);
#4403=CARTESIAN_POINT('',(6.254895062477E0,9.949832769881E-1));
#4404=LINE('',#4403,#4402);
#4405=TRIMMED_CURVE('',#4404,(PARAMETER_VALUE(0.E0)),(PARAMETER_VALUE(1.E0)),
.T.,.UNSPECIFIED.);
#4406=COMPOSITE_CURVE_SEGMENT(.CONTINUOUS.,.T.,#4405);
#4407=DIRECTION('',(7.829661659973E-1,-6.220642916159E-1));
#4408=VECTOR('',#4407,2.508583793340E-2);
#4409=CARTESIAN_POINT('',(6.275324872466E0,9.802827042196E-1));
#4410=LINE('',#4409,#4408);
#4411=TRIMMED_CURVE('',#4410,(PARAMETER_VALUE(0.E0)),(PARAMETER_VALUE(1.E0)),
.T.,.UNSPECIFIED.);
#4412=COMPOSITE_CURVE_SEGMENT(.CONTINUOUS.,.T.,#4411);
#4413=DIRECTION('',(7.523804836673E-1,-6.587287816670E-1));
#4414=VECTOR('',#4413,2.512701615440E-2);
#4415=CARTESIAN_POINT('',(6.294966234813E0,9.646777002159E-1));
#4416=LINE('',#4415,#4414);
#4417=TRIMMED_CURVE('',#4416,(PARAMETER_VALUE(0.E0)),(PARAMETER_VALUE(1.E0)),
.T.,.UNSPECIFIED.);
#4418=COMPOSITE_CURVE_SEGMENT(.CONTINUOUS.,.T.,#4417);
#4419=DIRECTION('',(7.202314944914E-1,-6.937338065445E-1));
#4420=VECTOR('',#4419,2.527568288525E-2);
#4421=CARTESIAN_POINT('',(6.313871311381E0,9.481258114776E-1));
#4422=LINE('',#4421,#4420);
#4423=TRIMMED_CURVE('',#4422,(PARAMETER_VALUE(0.E0)),(PARAMETER_VALUE(1.E0)),
.T.,.UNSPECIFIED.);
#4424=COMPOSITE_CURVE_SEGMENT(.CONTINUOUS.,.T.,#4423);
#4425=DIRECTION('',(6.868355143741E-1,-7.268128893976E-1));
#4426=VECTOR('',#4425,2.556985521157E-2);
#4427=CARTESIAN_POINT('',(6.332075654239E0,9.305912157766E-1));
#4428=LINE('',#4427,#4426);
#4429=TRIMMED_CURVE('',#4428,(PARAMETER_VALUE(0.E0)),(PARAMETER_VALUE(1.E0)),
.T.,.UNSPECIFIED.);
#4430=COMPOSITE_CURVE_SEGMENT(.CONTINUOUS.,.T.,#4429);
#4431=DIRECTION('',(6.525104154096E-1,-7.577797554580E-1));
#4432=VECTOR('',#4431,2.601131584244E-2);
#4433=CARTESIAN_POINT('',(6.349637938896E0,9.120067154288E-1));
#4434=LINE('',#4433,#4432);
#4435=TRIMMED_CURVE('',#4434,(PARAMETER_VALUE(0.E0)),(PARAMETER_VALUE(1.E0)),
.T.,.UNSPECIFIED.);
#4436=COMPOSITE_CURVE_SEGMENT(.CONTINUOUS.,.T.,#4435);
#4437=DIRECTION('',(6.175857071383E-1,-7.865035882553E-1));
#4438=VECTOR('',#4437,2.660325995895E-2);
#4439=CARTESIAN_POINT('',(6.366610593402E0,8.922958668706E-1));
#4440=LINE('',#4439,#4438);
#4441=TRIMMED_CURVE('',#4440,(PARAMETER_VALUE(0.E0)),(PARAMETER_VALUE(1.E0)),
.T.,.UNSPECIFIED.);
#4442=COMPOSITE_CURVE_SEGMENT(.CONTINUOUS.,.T.,#4441);
#4443=DIRECTION('',(-8.E-1,-6.E-1));
#4444=VECTOR('',#4443,1.058290269375E-1);
#4445=CARTESIAN_POINT('',(6.383040386516E0,8.713723074536E-1));
#4446=LINE('',#4445,#4444);
#4447=TRIMMED_CURVE('',#4446,(PARAMETER_VALUE(0.E0)),(PARAMETER_VALUE(1.E0)),
.T.,.UNSPECIFIED.);
#4448=COMPOSITE_CURVE_SEGMENT(.CONTINUOUS.,.T.,#4447);
#4449=DIRECTION('',(-5.985217482674E-1,8.011065577380E-1));
#4450=VECTOR('',#4449,2.208957304244E-2);
#4451=CARTESIAN_POINT('',(6.298377164966E0,8.078748912911E-1));
#4452=LINE('',#4451,#4450);
#4453=TRIMMED_CURVE('',#4452,(PARAMETER_VALUE(0.E0)),(PARAMETER_VALUE(1.E0)),
.T.,.UNSPECIFIED.);
#4454=COMPOSITE_CURVE_SEGMENT(.CONTINUOUS.,.T.,#4453);
#4455=DIRECTION('',(-6.409762725692E-1,7.675606933678E-1));
#4456=VECTOR('',#4455,2.200861823532E-2);
#4457=CARTESIAN_POINT('',(6.285156075090E0,8.255709931130E-1));
#4458=LINE('',#4457,#4456);
#4459=TRIMMED_CURVE('',#4458,(PARAMETER_VALUE(0.E0)),(PARAMETER_VALUE(1.E0)),
.T.,.UNSPECIFIED.);
#4460=COMPOSITE_CURVE_SEGMENT(.CONTINUOUS.,.T.,#4459);
#4461=DIRECTION('',(-6.817130638384E-1,7.316196406549E-1));
#4462=VECTOR('',#4461,2.193472619875E-2);
#4463=CARTESIAN_POINT('',(6.271049073009E0,8.424639433858E-1));
#4464=LINE('',#4463,#4462);
#4465=TRIMMED_CURVE('',#4464,(PARAMETER_VALUE(0.E0)),(PARAMETER_VALUE(1.E0)),
.T.,.UNSPECIFIED.);
#4466=COMPOSITE_CURVE_SEGMENT(.CONTINUOUS.,.T.,#4465);
#4467=DIRECTION('',(-7.205830429951E-1,6.933686452010E-1));
#4468=VECTOR('',#4467,2.186511716225E-2);
#4469=CARTESIAN_POINT('',(6.256095883608E0,8.585118198852E-1));
#4470=LINE('',#4469,#4468);
#4471=TRIMMED_CURVE('',#4470,(PARAMETER_VALUE(0.E0)),(PARAMETER_VALUE(1.E0)),
.T.,.UNSPECIFIED.);
#4472=COMPOSITE_CURVE_SEGMENT(.CONTINUOUS.,.T.,#4471);
#4473=DIRECTION('',(-7.574453692381E-1,6.528985469579E-1));
#4474=VECTOR('',#4473,2.179732439206E-2);
#4475=CARTESIAN_POINT('',(6.240340250947E0,8.736724065491E-1));
#4476=LINE('',#4475,#4474);
#4477=TRIMMED_CURVE('',#4476,(PARAMETER_VALUE(0.E0)),(PARAMETER_VALUE(1.E0)),
.T.,.UNSPECIFIED.);
#4478=COMPOSITE_CURVE_SEGMENT(.CONTINUOUS.,.T.,#4477);
#4479=DIRECTION('',(-7.921663647791E-1,6.103052109499E-1));
#4480=VECTOR('',#4479,2.172928586857E-2);
#4481=CARTESIAN_POINT('',(6.223829968525E0,8.879038479723E-1));
#4482=LINE('',#4481,#4480);
#4483=TRIMMED_CURVE('',#4482,(PARAMETER_VALUE(0.E0)),(PARAMETER_VALUE(1.E0)),
.T.,.UNSPECIFIED.);
#4484=COMPOSITE_CURVE_SEGMENT(.CONTINUOUS.,.T.,#4483);
#4485=DIRECTION('',(-8.246183384832E-1,5.656894871192E-1));
#4486=VECTOR('',#4485,2.165942993778E-2);
#4487=CARTESIAN_POINT('',(6.206616759129E0,9.011653443681E-1));
#4488=LINE('',#4487,#4486);
#4489=TRIMMED_CURVE('',#4488,(PARAMETER_VALUE(0.E0)),(PARAMETER_VALUE(1.E0)),
.T.,.UNSPECIFIED.);
#4490=COMPOSITE_CURVE_SEGMENT(.CONTINUOUS.,.T.,#4489);
#4491=DIRECTION('',(-8.516092414046E-1,5.241771646631E-1));
#4492=VECTOR('',#4491,1.701601300892E-2);
#4493=CARTESIAN_POINT('',(6.188755996001E0,9.134178561809E-1));
#4494=LINE('',#4493,#4492);
#4495=TRIMMED_CURVE('',#4494,(PARAMETER_VALUE(0.E0)),(PARAMETER_VALUE(1.E0)),
.T.,.UNSPECIFIED.);
#4496=COMPOSITE_CURVE_SEGMENT(.CONTINUOUS.,.T.,#4495);
#4497=DIRECTION('',(-8.765909430691E-1,4.812362398337E-1));
#4498=VECTOR('',#4497,2.151084973697E-2);
#4499=CARTESIAN_POINT('',(6.174265002071E0,9.223372616338E-1));
#4500=LINE('',#4499,#4498);
#4501=TRIMMED_CURVE('',#4500,(PARAMETER_VALUE(0.E0)),(PARAMETER_VALUE(1.E0)),
.T.,.UNSPECIFIED.);
#4502=COMPOSITE_CURVE_SEGMENT(.CONTINUOUS.,.T.,#4501);
#4503=DIRECTION('',(-9.020529555482E-1,4.316253762082E-1));
#4504=VECTOR('',#4503,2.141465213481E-2);
#4505=CARTESIAN_POINT('',(6.155408786014E0,9.326890620768E-1));
#4506=LINE('',#4505,#4504);
#4507=TRIMMED_CURVE('',#4506,(PARAMETER_VALUE(0.E0)),(PARAMETER_VALUE(1.E0)),
.T.,.UNSPECIFIED.);
#4508=COMPOSITE_CURVE_SEGMENT(.CONTINUOUS.,.T.,#4507);
#4509=DIRECTION('',(-9.059201529331E-1,4.234485523765E-1));
#4510=VECTOR('',#4509,2.258918071650E-2);
#4511=CARTESIAN_POINT('',(6.136091635764E0,9.419321693609E-1));
#4512=LINE('',#4511,#4510);
#4513=TRIMMED_CURVE('',#4512,(PARAMETER_VALUE(0.E0)),(PARAMETER_VALUE(1.E0)),
.T.,.UNSPECIFIED.);
#4514=COMPOSITE_CURVE_SEGMENT(.CONTINUOUS.,.T.,#4513);
#4515=DIRECTION('',(-9.271851060779E-1,3.746034958023E-1));
#4516=VECTOR('',#4515,2.235956036960E-2);
#4517=CARTESIAN_POINT('',(6.115627641714E0,9.514975252346E-1));
#4518=LINE('',#4517,#4516);
#4519=TRIMMED_CURVE('',#4518,(PARAMETER_VALUE(0.E0)),(PARAMETER_VALUE(1.E0)),
.T.,.UNSPECIFIED.);
#4520=COMPOSITE_CURVE_SEGMENT(.CONTINUOUS.,.T.,#4519);
#4521=DIRECTION('',(-9.459603870485E-1,3.242822013850E-1));
#4522=VECTOR('',#4521,2.227867604258E-2);
#4523=CARTESIAN_POINT('',(6.094896190361E0,9.598734947137E-1));
#4524=LINE('',#4523,#4522);
#4525=TRIMMED_CURVE('',#4524,(PARAMETER_VALUE(0.E0)),(PARAMETER_VALUE(1.E0)),
.T.,.UNSPECIFIED.);
#4526=COMPOSITE_CURVE_SEGMENT(.CONTINUOUS.,.T.,#4525);
#4527=DIRECTION('',(-9.619594634061E-1,2.731922231019E-1));
#4528=VECTOR('',#4527,2.238053812738E-2);
#4529=CARTESIAN_POINT('',(6.073821445349E0,9.670980728247E-1));
#4530=LINE('',#4529,#4528);
#4531=TRIMMED_CURVE('',#4530,(PARAMETER_VALUE(0.E0)),(PARAMETER_VALUE(1.E0)),
.T.,.UNSPECIFIED.);
#4532=COMPOSITE_CURVE_SEGMENT(.CONTINUOUS.,.T.,#4531);
#4533=DIRECTION('',(-9.750447156371E-1,2.220085640425E-1));
#4534=VECTOR('',#4533,2.269506003927E-2);
#4535=CARTESIAN_POINT('',(6.052292274901E0,9.732122617900E-1));
#4536=LINE('',#4535,#4534);
#4537=TRIMMED_CURVE('',#4536,(PARAMETER_VALUE(0.E0)),(PARAMETER_VALUE(1.E0)),
.T.,.UNSPECIFIED.);
#4538=COMPOSITE_CURVE_SEGMENT(.CONTINUOUS.,.T.,#4537);
#4539=DIRECTION('',(-9.852063702406E-1,1.713721331995E-1));
#4540=VECTOR('',#4539,2.322897716194E-2);
#4541=CARTESIAN_POINT('',(6.030163576539E0,9.782507594801E-1));
#4542=LINE('',#4541,#4540);
#4543=TRIMMED_CURVE('',#4542,(PARAMETER_VALUE(0.E0)),(PARAMETER_VALUE(1.E0)),
.T.,.UNSPECIFIED.);
#4544=COMPOSITE_CURVE_SEGMENT(.CONTINUOUS.,.T.,#4543);
#4545=DIRECTION('',(-9.925436093600E-1,1.218900468400E-1));
#4546=VECTOR('',#4545,2.399408416736E-2);
#4547=CARTESIAN_POINT('',(6.007278240265E0,9.822315588484E-1));
#4548=LINE('',#4547,#4546);
#4549=TRIMMED_CURVE('',#4548,(PARAMETER_VALUE(0.E0)),(PARAMETER_VALUE(1.E0)),
.T.,.UNSPECIFIED.);
#4550=COMPOSITE_CURVE_SEGMENT(.CONTINUOUS.,.T.,#4549);
#4551=DIRECTION('',(-9.972500448985E-1,7.411037680272E-2));
#4552=VECTOR('',#4551,2.500816264146E-2);
#4553=CARTESIAN_POINT('',(5.983463065362E0,9.851561988915E-1));
#4554=LINE('',#4553,#4552);
#4555=TRIMMED_CURVE('',#4554,(PARAMETER_VALUE(0.E0)),(PARAMETER_VALUE(1.E0)),
.T.,.UNSPECIFIED.);
#4556=COMPOSITE_CURVE_SEGMENT(.CONTINUOUS.,.T.,#4555);
#4557=DIRECTION('',(-9.995936718143E-1,2.850423247351E-2));
#4558=VECTOR('',#4557,2.629643643976E-2);
#4559=CARTESIAN_POINT('',(5.958523674045E0,9.870095632480E-1));
#4560=LINE('',#4559,#4558);
#4561=TRIMMED_CURVE('',#4560,(PARAMETER_VALUE(0.E0)),(PARAMETER_VALUE(1.E0)),
.T.,.UNSPECIFIED.);
#4562=COMPOSITE_CURVE_SEGMENT(.CONTINUOUS.,.T.,#4561);
#4563=DIRECTION('',(-9.999943627151E-1,3.357757895823E-3));
#4564=VECTOR('',#4563,4.273141916465E-3);
#4565=CARTESIAN_POINT('',(5.932237922589E0,9.877591229855E-1));
#4566=LINE('',#4565,#4564);
#4567=TRIMMED_CURVE('',#4566,(PARAMETER_VALUE(0.E0)),(PARAMETER_VALUE(1.E0)),
.T.,.UNSPECIFIED.);
#4568=COMPOSITE_CURVE_SEGMENT(.CONTINUOUS.,.T.,#4567);
#4569=DIRECTION('',(-9.999414280768E-1,-1.082314259688E-2));
#4570=VECTOR('',#4569,1.199532350784E-2);
#4571=CARTESIAN_POINT('',(5.927964804761E0,9.877734711615E-1));
#4572=LINE('',#4571,#4570);
#4573=TRIMMED_CURVE('',#4572,(PARAMETER_VALUE(0.E0)),(PARAMETER_VALUE(1.E0)),
.T.,.UNSPECIFIED.);
#4574=COMPOSITE_CURVE_SEGMENT(.CONTINUOUS.,.T.,#4573);
#4575=DIRECTION('',(-9.989821885797E-1,-4.510639533865E-2));
#4576=VECTOR('',#4575,2.479435490112E-2);
#4577=CARTESIAN_POINT('',(5.915970183842E0,9.876436440647E-1));
#4578=LINE('',#4577,#4576);
#4579=TRIMMED_CURVE('',#4578,(PARAMETER_VALUE(0.E0)),(PARAMETER_VALUE(1.E0)),
.T.,.UNSPECIFIED.);
#4580=COMPOSITE_CURVE_SEGMENT(.CONTINUOUS.,.T.,#4579);
#4581=DIRECTION('',(-9.956693480563E-1,-9.296531256947E-2));
#4582=VECTOR('',#4581,2.408072662965E-2);
#4583=CARTESIAN_POINT('',(5.891201064919E0,9.865252600903E-1));
#4584=LINE('',#4583,#4582);
#4585=TRIMMED_CURVE('',#4584,(PARAMETER_VALUE(0.E0)),(PARAMETER_VALUE(1.E0)),
.T.,.UNSPECIFIED.);
#4586=COMPOSITE_CURVE_SEGMENT(.CONTINUOUS.,.T.,#4585);
#4587=DIRECTION('',(-9.898638126212E-1,-1.420198312317E-1));
#4588=VECTOR('',#4587,2.347041460804E-2);
#4589=CARTESIAN_POINT('',(5.867224623535E0,9.842865878123E-1));
#4590=LINE('',#4589,#4588);
#4591=TRIMMED_CURVE('',#4590,(PARAMETER_VALUE(0.E0)),(PARAMETER_VALUE(1.E0)),
.T.,.UNSPECIFIED.);
#4592=COMPOSITE_CURVE_SEGMENT(.CONTINUOUS.,.T.,#4591);
#4593=COMPOSITE_CURVE('',(#3404,#3410,#3416,#3422,#3428,#3434,#3440,#3446,#3452,
#3458,#3464,#3470,#3476,#3482,#3488,#3494,#3500,#3506,#3512,#3518,#3524,#3530,
#3536,#3542,#3548,#3554,#3560,#3566,#3572,#3578,#3584,#3590,#3596,#3602,#3608,
#3614,#3620,#3626,#3632,#3638,#3644,#3650,#3656,#3662,#3668,#3674,#3680,#3686,
#3692,#3698,#3704,#3710,#3716,#3722,#3728,#3734,#3740,#3746,#3752,#3758,#3764,
#3770,#3776,#3782,#3788,#3794,#3800,#3806,#3812,#3818,#3824,#3830,#3836,#3842,
#3848,#3854,#3860,#3866,#3872,#3878,#3884,#3890,#3896,#3902,#3908,#3914,#3920,
#3926,#3932,#3938,#3944,#3950,#3956,#3962,#3968,#3974,#3980,#3986,#3992,#3998,
#4004,#4010,#4016,#4022,#4028,#4034,#4040,#4046,#4052,#4058,#4064,#4070,#4076,
#4082,#4088,#4094,#4100,#4106,#4112,#4118,#4124,#4130,#4136,#4142,#4148,#4154,
#4160,#4166,#4172,#4178,#4184,#4190,#4196,#4202,#4208,#4214,#4220,#4226,#4232,
#4238,#4244,#4250,#4256,#4262,#4268,#4274,#4280,#4286,#4292,#4298,#4304,#4310,
#4316,#4322,#4328,#4334,#4340,#4346,#4352,#4358,#4364,#4370,#4376,#4382,#4388,
#4394,#4400,#4406,#4412,#4418,#4424,#4430,#4436,#4442,#4448,#4454,#4460,#4466,
#4472,#4478,#4484,#4490,#4496,#4502,#4508,#4514,#4520,#4526,#4532,#4538,#4544,
#4550,#4556,#4562,#4568,#4574,#4580,#4586,#4592),.F.);
#4594=(ANNOTATION_CURVE_OCCURRENCE()ANNOTATION_OCCURRENCE()DRAUGHTING_ANNOTATION_OCCURRENCE()GEOMETRIC_REPRESENTATION_ITEM()REPRESENTATION_ITEM('')STYLED_ITEM((
#41),#4593));
#4595=DIRECTION('',(-7.228652285910E-1,6.909890457120E-1));
#4596=VECTOR('',#4595,2.706086601835E-2);
#4597=CARTESIAN_POINT('',(1.391132763642E1,9.313385007437E-1));
#4598=LINE('',#4597,#4596);
#4599=TRIMMED_CURVE('',#4598,(PARAMETER_VALUE(0.E0)),(PARAMETER_VALUE(1.E0)),
.T.,.UNSPECIFIED.);
#4600=COMPOSITE_CURVE_SEGMENT(.CONTINUOUS.,.T.,#4599);
#4601=DIRECTION('',(-7.537098347030E-1,6.572073379627E-1));
#4602=VECTOR('',#4601,2.649862351436E-2);
#4603=CARTESIAN_POINT('',(1.389176627732E1,9.500372627299E-1));
#4604=LINE('',#4603,#4602);
#4605=TRIMMED_CURVE('',#4604,(PARAMETER_VALUE(0.E0)),(PARAMETER_VALUE(1.E0)),
.T.,.UNSPECIFIED.);
#4606=COMPOSITE_CURVE_SEGMENT(.CONTINUOUS.,.T.,#4605);
#4607=DIRECTION('',(-7.835671376760E-1,6.213071227294E-1));
#4608=VECTOR('',#4607,2.602835289090E-2);
#4609=CARTESIAN_POINT('',(1.387179400417E1,9.674523525494E-1));
#4610=LINE('',#4609,#4608);
#4611=TRIMMED_CURVE('',#4610,(PARAMETER_VALUE(0.E0)),(PARAMETER_VALUE(1.E0)),
.T.,.UNSPECIFIED.);
#4612=COMPOSITE_CURVE_SEGMENT(.CONTINUOUS.,.T.,#4611);
#4613=DIRECTION('',(-8.121946840988E-1,5.833864886348E-1));
#4614=VECTOR('',#4613,2.564963741068E-2);
#4615=CARTESIAN_POINT('',(1.385139904220E1,9.836239535935E-1));
#4616=LINE('',#4615,#4614);
#4617=TRIMMED_CURVE('',#4616,(PARAMETER_VALUE(0.E0)),(PARAMETER_VALUE(1.E0)),
.T.,.UNSPECIFIED.);
#4618=COMPOSITE_CURVE_SEGMENT(.CONTINUOUS.,.T.,#4617);
#4619=DIRECTION('',(-8.393563878720E-1,5.435815064352E-1));
#4620=VECTOR('',#4619,2.536217233233E-2);
#4621=CARTESIAN_POINT('',(1.383056654305E1,9.985876054972E-1));
#4622=LINE('',#4621,#4620);
#4623=TRIMMED_CURVE('',#4622,(PARAMETER_VALUE(0.E0)),(PARAMETER_VALUE(1.E0)),
.T.,.UNSPECIFIED.);
#4624=COMPOSITE_CURVE_SEGMENT(.CONTINUOUS.,.T.,#4623);
#4625=DIRECTION('',(-8.648297078182E-1,5.020653109657E-1));
#4626=VECTOR('',#4625,2.516576624077E-2);
#4627=CARTESIAN_POINT('',(1.380927864169E1,1.012374013340E0));
#4628=LINE('',#4627,#4626);
#4629=TRIMMED_CURVE('',#4628,(PARAMETER_VALUE(0.E0)),(PARAMETER_VALUE(1.E0)),
.T.,.UNSPECIFIED.);
#4630=COMPOSITE_CURVE_SEGMENT(.CONTINUOUS.,.T.,#4629);
#4631=DIRECTION('',(-8.884127714111E-1,4.590454744288E-1));
#4632=VECTOR('',#4631,2.506034154326E-2);
#4633=CARTESIAN_POINT('',(1.378751453943E1,1.025008871593E0));
#4634=LINE('',#4633,#4632);
#4635=TRIMMED_CURVE('',#4634,(PARAMETER_VALUE(0.E0)),(PARAMETER_VALUE(1.E0)),
.T.,.UNSPECIFIED.);
#4636=COMPOSITE_CURVE_SEGMENT(.CONTINUOUS.,.T.,#4635);
#4637=DIRECTION('',(-9.047523503705E-1,4.259380054644E-1));
#4638=VECTOR('',#4637,1.252001769E-2);
#4639=CARTESIAN_POINT('',(1.376525061194E1,1.036512707967E0));
#4640=LINE('',#4639,#4638);
#4641=TRIMMED_CURVE('',#4640,(PARAMETER_VALUE(0.E0)),(PARAMETER_VALUE(1.E0)),
.T.,.UNSPECIFIED.);
#4642=COMPOSITE_CURVE_SEGMENT(.CONTINUOUS.,.T.,#4641);
#4643=DIRECTION('',(-9.149664085878E-1,4.035300127078E-1));
#4644=VECTOR('',#4643,1.252273813469E-2);
#4645=CARTESIAN_POINT('',(1.375392309651E1,1.041845459330E0));
#4646=LINE('',#4645,#4644);
#4647=TRIMMED_CURVE('',#4646,(PARAMETER_VALUE(0.E0)),(PARAMETER_VALUE(1.E0)),
.T.,.UNSPECIFIED.);
#4648=COMPOSITE_CURVE_SEGMENT(.CONTINUOUS.,.T.,#4647);
#4649=DIRECTION('',(-9.292261847911E-1,3.695114308090E-1));
#4650=VECTOR('',#4649,2.508718363448E-2);
#4651=CARTESIAN_POINT('',(1.374246521177E1,1.046898760008E0));
#4652=LINE('',#4651,#4650);
#4653=TRIMMED_CURVE('',#4652,(PARAMETER_VALUE(0.E0)),(PARAMETER_VALUE(1.E0)),
.T.,.UNSPECIFIED.);
#4654=COMPOSITE_CURVE_SEGMENT(.CONTINUOUS.,.T.,#4653);
#4655=DIRECTION('',(-9.461973150834E-1,3.235902361460E-1));
#4656=VECTOR('',#4655,2.522457841633E-2);
#4657=CARTESIAN_POINT('',(1.371915354384E1,1.056168761128E0));
#4658=LINE('',#4657,#4656);
#4659=TRIMMED_CURVE('',#4658,(PARAMETER_VALUE(0.E0)),(PARAMETER_VALUE(1.E0)),
.T.,.UNSPECIFIED.);
#4660=COMPOSITE_CURVE_SEGMENT(.CONTINUOUS.,.T.,#4659);
#4661=DIRECTION('',(-9.607866974666E-1,2.772885175612E-1));
#4662=VECTOR('',#4661,2.545304532725E-2);
#4663=CARTESIAN_POINT('',(1.369528611547E1,1.064331188415E0));
#4664=LINE('',#4663,#4662);
#4665=TRIMMED_CURVE('',#4664,(PARAMETER_VALUE(0.E0)),(PARAMETER_VALUE(1.E0)),
.T.,.UNSPECIFIED.);
#4666=COMPOSITE_CURVE_SEGMENT(.CONTINUOUS.,.T.,#4665);
#4667=DIRECTION('',(-9.729791735881E-1,2.308928924064E-1));
#4668=VECTOR('',#4667,2.577270150651E-2);
#4669=CARTESIAN_POINT('',(1.367083116811E1,1.071389025621E0));
#4670=LINE('',#4669,#4668);
#4671=TRIMMED_CURVE('',#4670,(PARAMETER_VALUE(0.E0)),(PARAMETER_VALUE(1.E0)),
.T.,.UNSPECIFIED.);
#4672=COMPOSITE_CURVE_SEGMENT(.CONTINUOUS.,.T.,#4671);
#4673=DIRECTION('',(-9.827985005050E-1,1.846810965018E-1));
#4674=VECTOR('',#4673,2.618377767765E-2);
#4675=CARTESIAN_POINT('',(1.364575486629E1,1.077339759217E0));
#4676=LINE('',#4675,#4674);
#4677=TRIMMED_CURVE('',#4676,(PARAMETER_VALUE(0.E0)),(PARAMETER_VALUE(1.E0)),
.T.,.UNSPECIFIED.);
#4678=COMPOSITE_CURVE_SEGMENT(.CONTINUOUS.,.T.,#4677);
#4679=DIRECTION('',(-9.903042828643E-1,1.389151803821E-1));
#4680=VECTOR('',#4679,2.668661737015E-2);
#4681=CARTESIAN_POINT('',(1.362002148885E1,1.082175407989E0));
#4682=LINE('',#4681,#4680);
#4683=TRIMMED_CURVE('',#4682,(PARAMETER_VALUE(0.E0)),(PARAMETER_VALUE(1.E0)),
.T.,.UNSPECIFIED.);
#4684=COMPOSITE_CURVE_SEGMENT(.CONTINUOUS.,.T.,#4683);
#4685=DIRECTION('',(-9.955876814207E-1,9.383585990121E-2));
#4686=VECTOR('',#4685,2.728167532071E-2);
#4687=CARTESIAN_POINT('',(1.359359361738E1,1.085882584255E0));
#4688=LINE('',#4687,#4686);
#4689=TRIMMED_CURVE('',#4688,(PARAMETER_VALUE(0.E0)),(PARAMETER_VALUE(1.E0)),
.T.,.UNSPECIFIED.);
#4690=COMPOSITE_CURVE_SEGMENT(.CONTINUOUS.,.T.,#4689);
#4691=DIRECTION('',(-9.987662693033E-1,4.965822491816E-2));
#4692=VECTOR('',#4691,2.796951510080E-2);
#4693=CARTESIAN_POINT('',(1.356643231750E1,1.088442583718E0));
#4694=LINE('',#4693,#4692);
#4695=TRIMMED_CURVE('',#4694,(PARAMETER_VALUE(0.E0)),(PARAMETER_VALUE(1.E0)),
.T.,.UNSPECIFIED.);
#4696=COMPOSITE_CURVE_SEGMENT(.CONTINUOUS.,.T.,#4695);
#4697=DIRECTION('',(-9.999031032577E-1,1.392063560720E-2));
#4698=VECTOR('',#4697,1.877118912982E-2);
#4699=CARTESIAN_POINT('',(1.353849730925E1,1.089831500190E0));
#4700=LINE('',#4699,#4698);
#4701=TRIMMED_CURVE('',#4700,(PARAMETER_VALUE(0.E0)),(PARAMETER_VALUE(1.E0)),
.T.,.UNSPECIFIED.);
#4702=COMPOSITE_CURVE_SEGMENT(.CONTINUOUS.,.T.,#4701);
#4703=DIRECTION('',(-9.997394804167E-1,-2.282479564514E-2));
#4704=VECTOR('',#4703,2.654916700374E-2);
#4705=CARTESIAN_POINT('',(1.351972793898E1,1.090092807073E0));
#4706=LINE('',#4705,#4704);
#4707=TRIMMED_CURVE('',#4706,(PARAMETER_VALUE(0.E0)),(PARAMETER_VALUE(1.E0)),
.T.,.UNSPECIFIED.);
#4708=COMPOSITE_CURVE_SEGMENT(.CONTINUOUS.,.T.,#4707);
#4709=DIRECTION('',(-9.975852778232E-1,-6.945223877204E-2));
#4710=VECTOR('',#4709,2.595130633700E-2);
#4711=CARTESIAN_POINT('',(1.349318568856E1,1.089486827762E0));
#4712=LINE('',#4711,#4710);
#4713=TRIMMED_CURVE('',#4712,(PARAMETER_VALUE(0.E0)),(PARAMETER_VALUE(1.E0)),
.T.,.UNSPECIFIED.);
#4714=COMPOSITE_CURVE_SEGMENT(.CONTINUOUS.,.T.,#4713);
#4715=DIRECTION('',(-9.931348754456E-1,-1.169748655641E-1));
#4716=VECTOR('',#4715,2.550690648593E-2);
#4717=CARTESIAN_POINT('',(1.346729704742E1,1.087684451438E0));
#4718=LINE('',#4717,#4716);
#4719=TRIMMED_CURVE('',#4718,(PARAMETER_VALUE(0.E0)),(PARAMETER_VALUE(1.E0)),
.T.,.UNSPECIFIED.);
#4720=COMPOSITE_CURVE_SEGMENT(.CONTINUOUS.,.T.,#4719);
#4721=DIRECTION('',(-9.862890796564E-1,-1.650268200946E-1));
#4722=VECTOR('',#4721,2.521335127054E-2);
#4723=CARTESIAN_POINT('',(1.344196524902E1,1.084700784481E0));
#4724=LINE('',#4723,#4722);
#4725=TRIMMED_CURVE('',#4724,(PARAMETER_VALUE(0.E0)),(PARAMETER_VALUE(1.E0)),
.T.,.UNSPECIFIED.);
#4726=COMPOSITE_CURVE_SEGMENT(.CONTINUOUS.,.T.,#4725);
#4727=DIRECTION('',(-9.795542500720E-1,-2.011801957595E-1));
#4728=VECTOR('',#4727,1.254409212856E-2);
#4729=CARTESIAN_POINT('',(1.341709759600E1,1.080539905297E0));
#4730=LINE('',#4729,#4728);
#4731=TRIMMED_CURVE('',#4730,(PARAMETER_VALUE(0.E0)),(PARAMETER_VALUE(1.E0)),
.T.,.UNSPECIFIED.);
#4732=COMPOSITE_CURVE_SEGMENT(.CONTINUOUS.,.T.,#4731);
#4733=DIRECTION('',(-9.743069047182E-1,-2.252244556402E-1));
#4734=VECTOR('',#4733,1.251674327676E-2);
#4735=CARTESIAN_POINT('',(1.340480997724E1,1.078016282387E0));
#4736=LINE('',#4735,#4734);
#4737=TRIMMED_CURVE('',#4736,(PARAMETER_VALUE(0.E0)),(PARAMETER_VALUE(1.E0)),
.T.,.UNSPECIFIED.);
#4738=COMPOSITE_CURVE_SEGMENT(.CONTINUOUS.,.T.,#4737);
#4739=DIRECTION('',(-9.653259193954E-1,-2.610476380730E-1));
#4740=VECTOR('',#4739,2.500500174017E-2);
#4741=CARTESIAN_POINT('',(1.339261482784E1,1.075197205696E0));
#4742=LINE('',#4741,#4740);
#4743=TRIMMED_CURVE('',#4742,(PARAMETER_VALUE(0.E0)),(PARAMETER_VALUE(1.E0)),
.T.,.UNSPECIFIED.);
#4744=COMPOSITE_CURVE_SEGMENT(.CONTINUOUS.,.T.,#4743);
#4745=DIRECTION('',(-9.513519743426E-1,-3.081061844794E-1));
#4746=VECTOR('',#4745,2.510054168158E-2);
#4747=CARTESIAN_POINT('',(1.336847685155E1,1.068669709051E0));
#4748=LINE('',#4747,#4746);
#4749=TRIMMED_CURVE('',#4748,(PARAMETER_VALUE(0.E0)),(PARAMETER_VALUE(1.E0)),
.T.,.UNSPECIFIED.);
#4750=COMPOSITE_CURVE_SEGMENT(.CONTINUOUS.,.T.,#4749);
#4751=DIRECTION('',(-9.352445906444E-1,-3.540021972677E-1));
#4752=VECTOR('',#4751,2.534670503147E-2);
#4753=CARTESIAN_POINT('',(1.334459740166E1,1.060936076925E0));
#4754=LINE('',#4753,#4752);
#4755=TRIMMED_CURVE('',#4754,(PARAMETER_VALUE(0.E0)),(PARAMETER_VALUE(1.E0)),
.T.,.UNSPECIFIED.);
#4756=COMPOSITE_CURVE_SEGMENT(.CONTINUOUS.,.T.,#4755);
#4757=DIRECTION('',(-9.172153401950E-1,-3.983917917213E-1));
#4758=VECTOR('',#4757,2.574612737975E-2);
#4759=CARTESIAN_POINT('',(1.332089203289E1,1.051963287651E0));
#4760=LINE('',#4759,#4758);
#4761=TRIMMED_CURVE('',#4760,(PARAMETER_VALUE(0.E0)),(PARAMETER_VALUE(1.E0)),
.T.,.UNSPECIFIED.);
#4762=COMPOSITE_CURVE_SEGMENT(.CONTINUOUS.,.T.,#4761);
#4763=DIRECTION('',(-8.975186159290E-1,-4.409765686075E-1));
#4764=VECTOR('',#4763,2.630305638626E-2);
#4765=CARTESIAN_POINT('',(1.329727728991E1,1.041706241834E0));
#4766=LINE('',#4765,#4764);
#4767=TRIMMED_CURVE('',#4766,(PARAMETER_VALUE(0.E0)),(PARAMETER_VALUE(1.E0)),
.T.,.UNSPECIFIED.);
#4768=COMPOSITE_CURVE_SEGMENT(.CONTINUOUS.,.T.,#4767);
#4769=DIRECTION('',(-8.764400572366E-1,-4.815109822955E-1));
#4770=VECTOR('',#4769,2.702353468152E-2);
#4771=CARTESIAN_POINT('',(1.327366980715E1,1.030107210285E0));
#4772=LINE('',#4771,#4770);
#4773=TRIMMED_CURVE('',#4772,(PARAMETER_VALUE(0.E0)),(PARAMETER_VALUE(1.E0)),
.T.,.UNSPECIFIED.);
#4774=COMPOSITE_CURVE_SEGMENT(.CONTINUOUS.,.T.,#4773);
#4775=DIRECTION('',(-8.646266280710E-1,-5.024149619892E-1));
#4776=VECTOR('',#4775,2.176207606075E-3);
#4777=CARTESIAN_POINT('',(1.324998529886E1,1.017095081555E0));
#4778=LINE('',#4777,#4776);
#4779=TRIMMED_CURVE('',#4778,(PARAMETER_VALUE(0.E0)),(PARAMETER_VALUE(1.E0)),
.T.,.UNSPECIFIED.);
#4780=COMPOSITE_CURVE_SEGMENT(.CONTINUOUS.,.T.,#4779);
#4781=DIRECTION('',(-8.669765411624E-1,-4.983489511116E-1));
#4782=VECTOR('',#4781,2.428111740184E-2);
#4783=CARTESIAN_POINT('',(1.324810369182E1,1.016001722294E0));
#4784=LINE('',#4783,#4782);
#4785=TRIMMED_CURVE('',#4784,(PARAMETER_VALUE(0.E0)),(PARAMETER_VALUE(1.E0)),
.T.,.UNSPECIFIED.);
#4786=COMPOSITE_CURVE_SEGMENT(.CONTINUOUS.,.T.,#4785);
#4787=DIRECTION('',(-8.405128754793E-1,-5.417915707664E-1));
#4788=VECTOR('',#4787,2.406385592481E-2);
#4789=CARTESIAN_POINT('',(1.322705253264E1,1.003901252905E0));
#4790=LINE('',#4789,#4788);
#4791=TRIMMED_CURVE('',#4790,(PARAMETER_VALUE(0.E0)),(PARAMETER_VALUE(1.E0)),
.T.,.UNSPECIFIED.);
#4792=COMPOSITE_CURVE_SEGMENT(.CONTINUOUS.,.T.,#4791);
#4793=DIRECTION('',(-8.117389718776E-1,-5.840204119165E-1));
#4794=VECTOR('',#4793,2.396794738860E-2);
#4795=CARTESIAN_POINT('',(1.320682655190E1,9.908636586045E-1));
#4796=LINE('',#4795,#4794);
#4797=TRIMMED_CURVE('',#4796,(PARAMETER_VALUE(0.E0)),(PARAMETER_VALUE(1.E0)),
.T.,.UNSPECIFIED.);
#4798=COMPOSITE_CURVE_SEGMENT(.CONTINUOUS.,.T.,#4797);
#4799=DIRECTION('',(-7.808631809868E-1,-6.247020830597E-1));
#4800=VECTOR('',#4799,2.399394317544E-2);
#4801=CARTESIAN_POINT('',(1.318737083493E1,9.768658880978E-1));
#4802=LINE('',#4801,#4800);
#4803=TRIMMED_CURVE('',#4802,(PARAMETER_VALUE(0.E0)),(PARAMETER_VALUE(1.E0)),
.T.,.UNSPECIFIED.);
#4804=COMPOSITE_CURVE_SEGMENT(.CONTINUOUS.,.T.,#4803);
#4805=DIRECTION('',(-7.481434814488E-1,-6.635369855295E-1));
#4806=VECTOR('',#4805,2.414309145025E-2);
#4807=CARTESIAN_POINT('',(1.316863484814E1,9.618768218153E-1));
#4808=LINE('',#4807,#4806);
#4809=TRIMMED_CURVE('',#4808,(PARAMETER_VALUE(0.E0)),(PARAMETER_VALUE(1.E0)),
.T.,.UNSPECIFIED.);
#4810=COMPOSITE_CURVE_SEGMENT(.CONTINUOUS.,.T.,#4809);
#4811=DIRECTION('',(-7.138786315318E-1,-7.002694477430E-1));
#4812=VECTOR('',#4811,2.441742687888E-2);
#4813=CARTESIAN_POINT('',(1.315057235165E1,9.458569876931E-1));
#4814=LINE('',#4813,#4812);
#4815=TRIMMED_CURVE('',#4814,(PARAMETER_VALUE(0.E0)),(PARAMETER_VALUE(1.E0)),
.T.,.UNSPECIFIED.);
#4816=COMPOSITE_CURVE_SEGMENT(.CONTINUOUS.,.T.,#4815);
#4817=DIRECTION('',(-6.783973089370E-1,-7.346952369705E-1));
#4818=VECTOR('',#4817,2.481988708004E-2);
#4819=CARTESIAN_POINT('',(1.313314127236E1,9.287582096573E-1));
#4820=LINE('',#4819,#4818);
#4821=TRIMMED_CURVE('',#4820,(PARAMETER_VALUE(0.E0)),(PARAMETER_VALUE(1.E0)),
.T.,.UNSPECIFIED.);
#4822=COMPOSITE_CURVE_SEGMENT(.CONTINUOUS.,.T.,#4821);
#4823=DIRECTION('',(-6.420461558093E-1,-7.666659858182E-1));
#4824=VECTOR('',#4823,2.535446432252E-2);
#4825=CARTESIAN_POINT('',(1.311630352776E1,9.105231568374E-1));
#4826=LINE('',#4825,#4824);
#4827=TRIMMED_CURVE('',#4826,(PARAMETER_VALUE(0.E0)),(PARAMETER_VALUE(1.E0)),
.T.,.UNSPECIFIED.);
#4828=COMPOSITE_CURVE_SEGMENT(.CONTINUOUS.,.T.,#4827);
#4829=DIRECTION('',(-6.051777087739E-1,-7.960904099430E-1));
#4830=VECTOR('',#4829,2.602640448514E-2);
#4831=CARTESIAN_POINT('',(1.310002479141E1,8.910847514527E-1));
#4832=LINE('',#4831,#4830);
#4833=TRIMMED_CURVE('',#4832,(PARAMETER_VALUE(0.E0)),(PARAMETER_VALUE(1.E0)),
.T.,.UNSPECIFIED.);
#4834=COMPOSITE_CURVE_SEGMENT(.CONTINUOUS.,.T.,#4833);
#4835=DIRECTION('',(-5.681391271641E-1,-8.229325198248E-1));
#4836=VECTOR('',#4835,2.684247045640E-2);
#4837=CARTESIAN_POINT('',(1.308427419157E1,8.703653804368E-1));
#4838=LINE('',#4837,#4836);
#4839=TRIMMED_CURVE('',#4838,(PARAMETER_VALUE(0.E0)),(PARAMETER_VALUE(1.E0)),
.T.,.UNSPECIFIED.);
#4840=COMPOSITE_CURVE_SEGMENT(.CONTINUOUS.,.T.,#4839);
#4841=DIRECTION('',(-5.312624614732E-1,-8.472072928330E-1));
#4842=VECTOR('',#4841,2.781129489245E-2);
#4843=CARTESIAN_POINT('',(1.306902393384E1,8.482758385858E-1));
#4844=LINE('',#4843,#4842);
#4845=TRIMMED_CURVE('',#4844,(PARAMETER_VALUE(0.E0)),(PARAMETER_VALUE(1.E0)),
.T.,.UNSPECIFIED.);
#4846=COMPOSITE_CURVE_SEGMENT(.CONTINUOUS.,.T.,#4845);
#4847=DIRECTION('',(-5.083915173498E-1,-8.611260448313E-1));
#4848=VECTOR('',#4847,7.277539340424E-3);
#4849=CARTESIAN_POINT('',(1.305424883686E1,8.247139067298E-1));
#4850=LINE('',#4849,#4848);
#4851=TRIMMED_CURVE('',#4850,(PARAMETER_VALUE(0.E0)),(PARAMETER_VALUE(1.E0)),
.T.,.UNSPECIFIED.);
#4852=COMPOSITE_CURVE_SEGMENT(.CONTINUOUS.,.T.,#4851);
#4853=DIRECTION('',(-4.596312830875E-1,-8.881098375806E-1));
#4854=VECTOR('',#4853,2.217139480174E-2);
#4855=CARTESIAN_POINT('',(1.305054899759E1,8.184470280614E-1));
#4856=LINE('',#4855,#4854);
#4857=TRIMMED_CURVE('',#4856,(PARAMETER_VALUE(0.E0)),(PARAMETER_VALUE(1.E0)),
.T.,.UNSPECIFIED.);
#4858=COMPOSITE_CURVE_SEGMENT(.CONTINUOUS.,.T.,#4857);
#4859=DIRECTION('',(-4.220996937502E-1,-9.065494186949E-1));
#4860=VECTOR('',#4859,2.686008462394E-2);
#4861=CARTESIAN_POINT('',(1.304035833095E1,7.987563942251E-1));
#4862=LINE('',#4861,#4860);
#4863=TRIMMED_CURVE('',#4862,(PARAMETER_VALUE(0.E0)),(PARAMETER_VALUE(1.E0)),
.T.,.UNSPECIFIED.);
#4864=COMPOSITE_CURVE_SEGMENT(.CONTINUOUS.,.T.,#4863);
#4865=DIRECTION('',(-3.800588789232E-1,-9.249622957460E-1));
#4866=VECTOR('',#4865,2.682429941944E-2);
#4867=CARTESIAN_POINT('',(1.302902069745E1,7.744064001232E-1));
#4868=LINE('',#4867,#4866);
#4869=TRIMMED_CURVE('',#4868,(PARAMETER_VALUE(0.E0)),(PARAMETER_VALUE(1.E0)),
.T.,.UNSPECIFIED.);
#4870=COMPOSITE_CURVE_SEGMENT(.CONTINUOUS.,.T.,#4869);
#4871=DIRECTION('',(-3.371824254599E-1,-9.414393299417E-1));
#4872=VECTOR('',#4871,2.679746707788E-2);
#4873=CARTESIAN_POINT('',(1.301882588429E1,7.495949345504E-1));
#4874=LINE('',#4873,#4872);
#4875=TRIMMED_CURVE('',#4874,(PARAMETER_VALUE(0.E0)),(PARAMETER_VALUE(1.E0)),
.T.,.UNSPECIFIED.);
#4876=COMPOSITE_CURVE_SEGMENT(.CONTINUOUS.,.T.,#4875);
#4877=DIRECTION('',(-2.935734162007E-1,-9.559365299539E-1));
#4878=VECTOR('',#4877,2.678036340431E-2);
#4879=CARTESIAN_POINT('',(1.300979024934E1,7.243667451005E-1));
#4880=LINE('',#4879,#4878);
#4881=TRIMMED_CURVE('',#4880,(PARAMETER_VALUE(0.E0)),(PARAMETER_VALUE(1.E0)),
.T.,.UNSPECIFIED.);
#4882=COMPOSITE_CURVE_SEGMENT(.CONTINUOUS.,.T.,#4881);
#4883=DIRECTION('',(-2.493389330223E-1,-9.684162826385E-1));
#4884=VECTOR('',#4883,2.677394148628E-2);
#4885=CARTESIAN_POINT('',(1.300192824657E1,6.987664174369E-1));
#4886=LINE('',#4885,#4884);
#4887=TRIMMED_CURVE('',#4886,(PARAMETER_VALUE(0.E0)),(PARAMETER_VALUE(1.E0)),
.T.,.UNSPECIFIED.);
#4888=COMPOSITE_CURVE_SEGMENT(.CONTINUOUS.,.T.,#4887);
#4889=DIRECTION('',(-2.045899073302E-1,-9.788477766326E-1));
#4890=VECTOR('',#4889,2.677931221290E-2);
#4891=CARTESIAN_POINT('',(1.299525246057E1,6.728380965511E-1));
#4892=LINE('',#4891,#4890);
#4893=TRIMMED_CURVE('',#4892,(PARAMETER_VALUE(0.E0)),(PARAMETER_VALUE(1.E0)),
.T.,.UNSPECIFIED.);
#4894=COMPOSITE_CURVE_SEGMENT(.CONTINUOUS.,.T.,#4893);
#4895=DIRECTION('',(-1.594408863297E-1,-9.872074775681E-1));
#4896=VECTOR('',#4895,2.679772224698E-2);
#4897=CARTESIAN_POINT('',(1.298977368356E1,6.466252263318E-1));
#4898=LINE('',#4897,#4896);
#4899=TRIMMED_CURVE('',#4898,(PARAMETER_VALUE(0.E0)),(PARAMETER_VALUE(1.E0)),
.T.,.UNSPECIFIED.);
#4900=COMPOSITE_CURVE_SEGMENT(.CONTINUOUS.,.T.,#4899);
#4901=DIRECTION('',(-1.140096946215E-1,-9.934796372006E-1));
#4902=VECTOR('',#4901,2.683053034174E-2);
#4903=CARTESIAN_POINT('',(1.298550103098E1,6.201703145478E-1));
#4904=LINE('',#4903,#4902);
#4905=TRIMMED_CURVE('',#4904,(PARAMETER_VALUE(0.E0)),(PARAMETER_VALUE(1.E0)),
.T.,.UNSPECIFIED.);
#4906=COMPOSITE_CURVE_SEGMENT(.CONTINUOUS.,.T.,#4905);
#4907=DIRECTION('',(-6.841697531603E-2,-9.976568134828E-1));
#4908=VECTOR('',#4907,2.687918289142E-2);
#4909=CARTESIAN_POINT('',(1.298244209041E1,5.935147289980E-1));
#4910=LINE('',#4909,#4908);
#4911=TRIMMED_CURVE('',#4910,(PARAMETER_VALUE(0.E0)),(PARAMETER_VALUE(1.E0)),
.T.,.UNSPECIFIED.);
#4912=COMPOSITE_CURVE_SEGMENT(.CONTINUOUS.,.T.,#4911);
#4913=DIRECTION('',(-2.278560083322E-2,-9.997403744946E-1));
#4914=VECTOR('',#4913,2.694518955244E-2);
#4915=CARTESIAN_POINT('',(1.298060309801E1,5.666985290455E-1));
#4916=LINE('',#4915,#4914);
#4917=TRIMMED_CURVE('',#4916,(PARAMETER_VALUE(0.E0)),(PARAMETER_VALUE(1.E0)),
.T.,.UNSPECIFIED.);
#4918=COMPOSITE_CURVE_SEGMENT(.CONTINUOUS.,.T.,#4917);
#4919=DIRECTION('',(2.225690480414E-2,-9.997522844128E-1));
#4920=VECTOR('',#4919,2.723891461619E-2);
#4921=CARTESIAN_POINT('',(1.297998913568E1,5.397603351515E-1));
#4922=LINE('',#4921,#4920);
#4923=TRIMMED_CURVE('',#4922,(PARAMETER_VALUE(0.E0)),(PARAMETER_VALUE(1.E0)),
.T.,.UNSPECIFIED.);
#4924=COMPOSITE_CURVE_SEGMENT(.CONTINUOUS.,.T.,#4923);
#4925=DIRECTION('',(6.767286117547E-2,-9.977075642994E-1));
#4926=VECTOR('',#4925,2.661081333656E-2);
#4927=CARTESIAN_POINT('',(1.298059538961E1,5.125281680391E-1));
#4928=LINE('',#4927,#4926);
#4929=TRIMMED_CURVE('',#4928,(PARAMETER_VALUE(0.E0)),(PARAMETER_VALUE(1.E0)),
.T.,.UNSPECIFIED.);
#4930=COMPOSITE_CURVE_SEGMENT(.CONTINUOUS.,.T.,#4929);
#4931=DIRECTION('',(1.139943073540E-1,-9.934814028913E-1));
#4932=VECTOR('',#4931,2.607606567389E-2);
#4933=CARTESIAN_POINT('',(1.298239621949E1,4.859783582810E-1));
#4934=LINE('',#4933,#4932);
#4935=TRIMMED_CURVE('',#4934,(PARAMETER_VALUE(0.E0)),(PARAMETER_VALUE(1.E0)),
.T.,.UNSPECIFIED.);
#4936=COMPOSITE_CURVE_SEGMENT(.CONTINUOUS.,.T.,#4935);
#4937=DIRECTION('',(1.609879348636E-1,-9.869563743288E-1));
#4938=VECTOR('',#4937,2.563416452541E-2);
#4939=CARTESIAN_POINT('',(1.298536874253E1,4.600722719734E-1));
#4940=LINE('',#4939,#4938);
#4941=TRIMMED_CURVE('',#4940,(PARAMETER_VALUE(0.E0)),(PARAMETER_VALUE(1.E0)),
.T.,.UNSPECIFIED.);
#4942=COMPOSITE_CURVE_SEGMENT(.CONTINUOUS.,.T.,#4941);
#4943=DIRECTION('',(2.083947511510E-1,-9.780447984079E-1));
#4944=VECTOR('',#4943,2.528471786247E-2);
#4945=CARTESIAN_POINT('',(1.298949553374E1,4.347724698945E-1));
#4946=LINE('',#4945,#4944);
#4947=TRIMMED_CURVE('',#4946,(PARAMETER_VALUE(0.E0)),(PARAMETER_VALUE(1.E0)),
.T.,.UNSPECIFIED.);
#4948=COMPOSITE_CURVE_SEGMENT(.CONTINUOUS.,.T.,#4947);
#4949=DIRECTION('',(2.559352821444E-1,-9.666939181322E-1));
#4950=VECTOR('',#4949,2.502745065214E-2);
#4951=CARTESIAN_POINT('',(1.299476473623E1,4.100428831099E-1));
#4952=LINE('',#4951,#4950);
#4953=TRIMMED_CURVE('',#4952,(PARAMETER_VALUE(0.E0)),(PARAMETER_VALUE(1.E0)),
.T.,.UNSPECIFIED.);
#4954=COMPOSITE_CURVE_SEGMENT(.CONTINUOUS.,.T.,#4953);
#4955=DIRECTION('',(3.033161588424E-1,-9.528899767471E-1));
#4956=VECTOR('',#4955,2.486220592693E-2);
#4957=CARTESIAN_POINT('',(1.300117014387E1,3.858489987781E-1));
#4958=LINE('',#4957,#4956);
#4959=TRIMMED_CURVE('',#4958,(PARAMETER_VALUE(0.E0)),(PARAMETER_VALUE(1.E0)),
.T.,.UNSPECIFIED.);
#4960=COMPOSITE_CURVE_SEGMENT(.CONTINUOUS.,.T.,#4959);
#4961=DIRECTION('',(3.502377992049E-1,-9.366608158817E-1));
#4962=VECTOR('',#4961,2.478894497531E-2);
#4963=CARTESIAN_POINT('',(1.300871125267E1,3.621580519505E-1));
#4964=LINE('',#4963,#4962);
#4965=TRIMMED_CURVE('',#4964,(PARAMETER_VALUE(0.E0)),(PARAMETER_VALUE(1.E0)),
.T.,.UNSPECIFIED.);
#4966=COMPOSITE_CURVE_SEGMENT(.CONTINUOUS.,.T.,#4965);
#4967=DIRECTION('',(3.963878328712E-1,-9.180831585165E-1));
#4968=VECTOR('',#4967,2.479151199063E-2);
#4969=CARTESIAN_POINT('',(1.301739327821E1,3.389392185251E-1));
#4970=LINE('',#4969,#4968);
#4971=TRIMMED_CURVE('',#4970,(PARAMETER_VALUE(0.E0)),(PARAMETER_VALUE(1.E0)),
.T.,.UNSPECIFIED.);
#4972=COMPOSITE_CURVE_SEGMENT(.CONTINUOUS.,.T.,#4971);
#4973=DIRECTION('',(4.414533497481E-1,-8.972842024666E-1));
#4974=VECTOR('',#4973,2.487169528591E-2);
#4975=CARTESIAN_POINT('',(1.302722033192E1,3.161785488923E-1));
#4976=LINE('',#4975,#4974);
#4977=TRIMMED_CURVE('',#4976,(PARAMETER_VALUE(0.E0)),(PARAMETER_VALUE(1.E0)),
.T.,.UNSPECIFIED.);
#4978=COMPOSITE_CURVE_SEGMENT(.CONTINUOUS.,.T.,#4977);
#4979=DIRECTION('',(4.851589380916E-1,-8.744259858844E-1));
#4980=VECTOR('',#4979,2.504394076023E-2);
#4981=CARTESIAN_POINT('',(1.303820002512E1,2.938615696237E-1));
#4982=LINE('',#4981,#4980);
#4983=TRIMMED_CURVE('',#4982,(PARAMETER_VALUE(0.E0)),(PARAMETER_VALUE(1.E0)),
.T.,.UNSPECIFIED.);
#4984=COMPOSITE_CURVE_SEGMENT(.CONTINUOUS.,.T.,#4983);
#4985=DIRECTION('',(5.272709826937E-1,-8.496971877141E-1));
#4986=VECTOR('',#4985,2.530829570262E-2);
#4987=CARTESIAN_POINT('',(1.305035031682E1,2.719624970340E-1));
#4988=LINE('',#4987,#4986);
#4989=TRIMMED_CURVE('',#4988,(PARAMETER_VALUE(0.E0)),(PARAMETER_VALUE(1.E0)),
.T.,.UNSPECIFIED.);
#4990=COMPOSITE_CURVE_SEGMENT(.CONTINUOUS.,.T.,#4989);
#4991=DIRECTION('',(5.675893814581E-1,-8.233117842325E-1));
#4992=VECTOR('',#4991,2.566492550527E-2);
#4993=CARTESIAN_POINT('',(1.306369464677E1,2.504581093497E-1));
#4994=LINE('',#4993,#4992);
#4995=TRIMMED_CURVE('',#4994,(PARAMETER_VALUE(0.E0)),(PARAMETER_VALUE(1.E0)),
.T.,.UNSPECIFIED.);
#4996=COMPOSITE_CURVE_SEGMENT(.CONTINUOUS.,.T.,#4995);
#4997=DIRECTION('',(6.059511746486E-1,-7.955018377992E-1));
#4998=VECTOR('',#4997,2.611411341590E-2);
#4999=CARTESIAN_POINT('',(1.307826178596E1,2.293278737398E-1));
#5000=LINE('',#4999,#4998);
#5001=TRIMMED_CURVE('',#5000,(PARAMETER_VALUE(0.E0)),(PARAMETER_VALUE(1.E0)),
.T.,.UNSPECIFIED.);
#5002=COMPOSITE_CURVE_SEGMENT(.CONTINUOUS.,.T.,#5001);
#5003=DIRECTION('',(6.422323641133E-1,-7.665100067745E-1));
#5004=VECTOR('',#5003,2.665625941766E-2);
#5005=CARTESIAN_POINT('',(1.309408566366E1,2.085540485249E-1));
#5006=LINE('',#5005,#5004);
#5007=TRIMMED_CURVE('',#5006,(PARAMETER_VALUE(0.E0)),(PARAMETER_VALUE(1.E0)),
.T.,.UNSPECIFIED.);
#5008=COMPOSITE_CURVE_SEGMENT(.CONTINUOUS.,.T.,#5007);
#5009=DIRECTION('',(6.763479847330E-1,-7.365822449310E-1));
#5010=VECTOR('',#5009,2.729187826556E-2);
#5011=CARTESIAN_POINT('',(1.311120517616E1,1.881217589381E-1));
#5012=LINE('',#5011,#5010);
#5013=TRIMMED_CURVE('',#5012,(PARAMETER_VALUE(0.E0)),(PARAMETER_VALUE(1.E0)),
.T.,.UNSPECIFIED.);
#5014=COMPOSITE_CURVE_SEGMENT(.CONTINUOUS.,.T.,#5013);
#5015=DIRECTION('',(6.999291379605E-1,-7.142122946532E-1));
#5016=VECTOR('',#5015,1.297196886213E-2);
#5017=CARTESIAN_POINT('',(1.312966398303E1,1.680190459769E-1));
#5018=LINE('',#5017,#5016);
#5019=TRIMMED_CURVE('',#5018,(PARAMETER_VALUE(0.E0)),(PARAMETER_VALUE(1.E0)),
.T.,.UNSPECIFIED.);
#5020=COMPOSITE_CURVE_SEGMENT(.CONTINUOUS.,.T.,#5019);
#5021=DIRECTION('',(7.163679377483E-1,-6.977227083636E-1));
#5022=VECTOR('',#5021,1.670984215620E-2);
#5023=CARTESIAN_POINT('',(1.313874344201E1,1.587543063297E-1));
#5024=LINE('',#5023,#5022);
#5025=TRIMMED_CURVE('',#5024,(PARAMETER_VALUE(0.E0)),(PARAMETER_VALUE(1.E0)),
.T.,.UNSPECIFIED.);
#5026=COMPOSITE_CURVE_SEGMENT(.CONTINUOUS.,.T.,#5025);
#5027=DIRECTION('',(7.407852620474E-1,-6.717419114015E-1));
#5028=VECTOR('',#5027,2.709550812529E-2);
#5029=CARTESIAN_POINT('',(1.315071383718E1,1.470954700041E-1));
#5030=LINE('',#5029,#5028);
#5031=TRIMMED_CURVE('',#5030,(PARAMETER_VALUE(0.E0)),(PARAMETER_VALUE(1.E0)),
.T.,.UNSPECIFIED.);
#5032=COMPOSITE_CURVE_SEGMENT(.CONTINUOUS.,.T.,#5031);
#5033=DIRECTION('',(7.706677553046E-1,-6.372371700817E-1));
#5034=VECTOR('',#5033,2.643264741273E-2);
#5035=CARTESIAN_POINT('',(1.317078579026E1,1.288942815856E-1));
#5036=LINE('',#5035,#5034);
#5037=TRIMMED_CURVE('',#5036,(PARAMETER_VALUE(0.E0)),(PARAMETER_VALUE(1.E0)),
.T.,.UNSPECIFIED.);
#5038=COMPOSITE_CURVE_SEGMENT(.CONTINUOUS.,.T.,#5037);
#5039=DIRECTION('',(7.996194758685E-1,-6.005070306098E-1));
#5040=VECTOR('',#5039,2.588289420887E-2);
#5041=CARTESIAN_POINT('',(1.319115657931E1,1.120504161506E-1));
#5042=LINE('',#5041,#5040);
#5043=TRIMMED_CURVE('',#5042,(PARAMETER_VALUE(0.E0)),(PARAMETER_VALUE(1.E0)),
.T.,.UNSPECIFIED.);
#5044=COMPOSITE_CURVE_SEGMENT(.CONTINUOUS.,.T.,#5043);
#5045=DIRECTION('',(8.273670599530E-1,-5.616615957182E-1));
#5046=VECTOR('',#5045,2.544445981474E-2);
#5047=CARTESIAN_POINT('',(1.321185304561E1,9.650755620562E-2));
#5048=LINE('',#5047,#5046);
#5049=TRIMMED_CURVE('',#5048,(PARAMETER_VALUE(0.E0)),(PARAMETER_VALUE(1.E0)),
.T.,.UNSPECIFIED.);
#5050=COMPOSITE_CURVE_SEGMENT(.CONTINUOUS.,.T.,#5049);
#5051=DIRECTION('',(8.536442785393E-1,-5.208564540420E-1));
#5052=VECTOR('',#5051,2.511597449898E-2);
#5053=CARTESIAN_POINT('',(1.323290495352E1,8.221638030389E-2));
#5054=LINE('',#5053,#5052);
#5055=TRIMMED_CURVE('',#5054,(PARAMETER_VALUE(0.E0)),(PARAMETER_VALUE(1.E0)),
.T.,.UNSPECIFIED.);
#5056=COMPOSITE_CURVE_SEGMENT(.CONTINUOUS.,.T.,#5055);
#5057=DIRECTION('',(8.782010978492E-1,-4.782915760668E-1));
#5058=VECTOR('',#5057,2.489646796886E-2);
#5059=CARTESIAN_POINT('',(1.325434506145E1,6.913456288655E-2));
#5060=LINE('',#5059,#5058);
#5061=TRIMMED_CURVE('',#5060,(PARAMETER_VALUE(0.E0)),(PARAMETER_VALUE(1.E0)),
.T.,.UNSPECIFIED.);
#5062=COMPOSITE_CURVE_SEGMENT(.CONTINUOUS.,.T.,#5061);
#5063=DIRECTION('',(9.008126810109E-1,-4.342079153239E-1));
#5064=VECTOR('',#5063,2.478535384120E-2);
#5065=CARTESIAN_POINT('',(1.327620916695E1,5.722679198322E-2));
#5066=LINE('',#5065,#5064);
#5067=TRIMMED_CURVE('',#5066,(PARAMETER_VALUE(0.E0)),(PARAMETER_VALUE(1.E0)),
.T.,.UNSPECIFIED.);
#5068=COMPOSITE_CURVE_SEGMENT(.CONTINUOUS.,.T.,#5067);
#5069=DIRECTION('',(9.212876791427E-1,-3.888817458559E-1));
#5070=VECTOR('',#5069,2.478241771073E-2);
#5071=CARTESIAN_POINT('',(1.329853612800E1,4.646479516127E-2));
#5072=LINE('',#5071,#5070);
#5073=TRIMMED_CURVE('',#5072,(PARAMETER_VALUE(0.E0)),(PARAMETER_VALUE(1.E0)),
.T.,.UNSPECIFIED.);
#5074=COMPOSITE_CURVE_SEGMENT(.CONTINUOUS.,.T.,#5073);
#5075=DIRECTION('',(9.394662440497E-1,-3.426414690186E-1));
#5076=VECTOR('',#5075,2.486162183627E-2);
#5077=CARTESIAN_POINT('',(1.332136786409E1,3.682736529539E-2));
#5078=LINE('',#5077,#5076);
#5079=TRIMMED_CURVE('',#5078,(PARAMETER_VALUE(0.E0)),(PARAMETER_VALUE(1.E0)),
.T.,.UNSPECIFIED.);
#5080=COMPOSITE_CURVE_SEGMENT(.CONTINUOUS.,.T.,#5079);
#5081=DIRECTION('',(9.552355201461E-1,-2.958464146329E-1));
#5082=VECTOR('',#5081,2.503641461150E-2);
#5083=CARTESIAN_POINT('',(1.334472451858E1,2.830874266723E-2));
#5084=LINE('',#5083,#5082);
#5085=TRIMMED_CURVE('',#5084,(PARAMETER_VALUE(0.E0)),(PARAMETER_VALUE(1.E0)),
.T.,.UNSPECIFIED.);
#5086=COMPOSITE_CURVE_SEGMENT(.CONTINUOUS.,.T.,#5085);
#5087=DIRECTION('',(9.685451315173E-1,-2.488379557345E-1));
#5088=VECTOR('',#5087,2.531965238488E-2);
#5089=CARTESIAN_POINT('',(1.336864019112E1,2.090180916915E-2));
#5090=LINE('',#5089,#5088);
#5091=TRIMMED_CURVE('',#5090,(PARAMETER_VALUE(0.E0)),(PARAMETER_VALUE(1.E0)),
.T.,.UNSPECIFIED.);
#5092=COMPOSITE_CURVE_SEGMENT(.CONTINUOUS.,.T.,#5091);
#5093=DIRECTION('',(9.793978704392E-1,-2.019401183005E-1));
#5094=VECTOR('',#5093,2.571188728145E-2);
#5095=CARTESIAN_POINT('',(1.339316341717E1,1.460131862979E-2));
#5096=LINE('',#5095,#5094);
#5097=TRIMMED_CURVE('',#5096,(PARAMETER_VALUE(0.E0)),(PARAMETER_VALUE(1.E0)),
.T.,.UNSPECIFIED.);
#5098=COMPOSITE_CURVE_SEGMENT(.CONTINUOUS.,.T.,#5097);
#5099=DIRECTION('',(9.878418904010E-1,-1.554618910503E-1));
#5100=VECTOR('',#5099,2.621403753687E-2);
#5101=CARTESIAN_POINT('',(1.341834558481E1,9.409057070443E-3));
#5102=LINE('',#5101,#5100);
#5103=TRIMMED_CURVE('',#5102,(PARAMETER_VALUE(0.E0)),(PARAMETER_VALUE(1.E0)),
.T.,.UNSPECIFIED.);
#5104=COMPOSITE_CURVE_SEGMENT(.CONTINUOUS.,.T.,#5103);
#5105=DIRECTION('',(9.939659376572E-1,-1.096891734736E-1));
#5106=VECTOR('',#5105,2.682739339863E-2);
#5107=CARTESIAN_POINT('',(1.344424090921E1,5.333773222898E-3));
#5108=LINE('',#5107,#5106);
#5109=TRIMMED_CURVE('',#5108,(PARAMETER_VALUE(0.E0)),(PARAMETER_VALUE(1.E0)),
.T.,.UNSPECIFIED.);
#5110=COMPOSITE_CURVE_SEGMENT(.CONTINUOUS.,.T.,#5109);
#5111=DIRECTION('',(9.978931725957E-1,-6.487847167535E-2));
#5112=VECTOR('',#5111,2.755362586404E-2);
#5113=CARTESIAN_POINT('',(1.347090642444E1,2.391098614551E-3));
#5114=LINE('',#5113,#5112);
#5115=TRIMMED_CURVE('',#5114,(PARAMETER_VALUE(0.E0)),(PARAMETER_VALUE(1.E0)),
.T.,.UNSPECIFIED.);
#5116=COMPOSITE_CURVE_SEGMENT(.CONTINUOUS.,.T.,#5115);
#5117=DIRECTION('',(9.997741393475E-1,-2.125253612880E-2));
#5118=VECTOR('',#5117,2.839479842408E-2);
#5119=CARTESIAN_POINT('',(1.349840199957E1,6.034614793777E-4));
#5120=LINE('',#5119,#5118);
#5121=TRIMMED_CURVE('',#5120,(PARAMETER_VALUE(0.E0)),(PARAMETER_VALUE(1.E0)),
.T.,.UNSPECIFIED.);
#5122=COMPOSITE_CURVE_SEGMENT(.CONTINUOUS.,.T.,#5121);
#5123=DIRECTION('',(9.999182304184E-1,1.278798173463E-2));
#5124=VECTOR('',#5123,1.651268555805E-2);
#5125=CARTESIAN_POINT('',(1.352679038473E1,0.E0));
#5126=LINE('',#5125,#5124);
#5127=TRIMMED_CURVE('',#5126,(PARAMETER_VALUE(0.E0)),(PARAMETER_VALUE(1.E0)),
.T.,.UNSPECIFIED.);
#5128=COMPOSITE_CURVE_SEGMENT(.CONTINUOUS.,.T.,#5127);
#5129=DIRECTION('',(9.988587942305E-1,4.776095882940E-2));
#5130=VECTOR('',#5129,2.750133135264E-2);
#5131=CARTESIAN_POINT('',(1.354330172005E1,2.111639213060E-4));
#5132=LINE('',#5131,#5130);
#5133=TRIMMED_CURVE('',#5132,(PARAMETER_VALUE(0.E0)),(PARAMETER_VALUE(1.E0)),
.T.,.UNSPECIFIED.);
#5134=COMPOSITE_CURVE_SEGMENT(.CONTINUOUS.,.T.,#5133);
#5135=DIRECTION('',(9.956972388300E-1,9.266611347325E-2));
#5136=VECTOR('',#5135,2.690842654593E-2);
#5137=CARTESIAN_POINT('',(1.357077166673E1,1.524653875793E-3));
#5138=LINE('',#5137,#5136);
#5139=TRIMMED_CURVE('',#5138,(PARAMETER_VALUE(0.E0)),(PARAMETER_VALUE(1.E0)),
.T.,.UNSPECIFIED.);
#5140=COMPOSITE_CURVE_SEGMENT(.CONTINUOUS.,.T.,#5139);
#5141=DIRECTION('',(9.903841879300E-1,1.383443540525E-1));
#5142=VECTOR('',#5141,2.639772417644E-2);
#5143=CARTESIAN_POINT('',(1.359756431274E1,4.018153183484E-3));
#5144=LINE('',#5143,#5142);
#5145=TRIMMED_CURVE('',#5144,(PARAMETER_VALUE(0.E0)),(PARAMETER_VALUE(1.E0)),
.T.,.UNSPECIFIED.);
#5146=COMPOSITE_CURVE_SEGMENT(.CONTINUOUS.,.T.,#5145);
#5147=DIRECTION('',(9.828172333394E-1,1.845813800227E-1));
#5148=VECTOR('',#5147,2.596926090313E-2);
#5149=CARTESIAN_POINT('',(1.362370820136E1,7.670129283131E-3));
#5150=LINE('',#5149,#5148);
#5151=TRIMMED_CURVE('',#5150,(PARAMETER_VALUE(0.E0)),(PARAMETER_VALUE(1.E0)),
.T.,.UNSPECIFIED.);
#5152=COMPOSITE_CURVE_SEGMENT(.CONTINUOUS.,.T.,#5151);
#5153=DIRECTION('',(9.729202849323E-1,2.311409076025E-1));
#5154=VECTOR('',#5153,2.562308328917E-2);
#5155=CARTESIAN_POINT('',(1.364923123851E1,1.246357129880E-2));
#5156=LINE('',#5155,#5154);
#5157=TRIMMED_CURVE('',#5156,(PARAMETER_VALUE(0.E0)),(PARAMETER_VALUE(1.E0)),
.T.,.UNSPECIFIED.);
#5158=COMPOSITE_CURVE_SEGMENT(.CONTINUOUS.,.T.,#5157);
#5159=DIRECTION('',(9.606478926086E-1,2.777690163187E-1));
#5160=VECTOR('',#5159,2.535925281135E-2);
#5161=CARTESIAN_POINT('',(1.367416045601E1,1.838611402583E-2));
#5162=LINE('',#5161,#5160);
#5163=TRIMMED_CURVE('',#5162,(PARAMETER_VALUE(0.E0)),(PARAMETER_VALUE(1.E0)),
.T.,.UNSPECIFIED.);
#5164=COMPOSITE_CURVE_SEGMENT(.CONTINUOUS.,.T.,#5163);
#5165=DIRECTION('',(9.459886959121E-1,3.241996101269E-1));
#5166=VECTOR('',#5165,2.517784966974E-2);
#5167=CARTESIAN_POINT('',(1.369852176878E1,2.543012873381E-2));
#5168=LINE('',#5167,#5166);
#5169=TRIMMED_CURVE('',#5168,(PARAMETER_VALUE(0.E0)),(PARAMETER_VALUE(1.E0)),
.T.,.UNSPECIFIED.);
#5170=COMPOSITE_CURVE_SEGMENT(.CONTINUOUS.,.T.,#5169);
#5171=DIRECTION('',(9.289677053479E-1,3.701607791497E-1));
#5172=VECTOR('',#5171,2.507897534136E-2);
#5173=CARTESIAN_POINT('',(1.372233972996E1,3.359277778058E-2));
#5174=LINE('',#5173,#5172);
#5175=TRIMMED_CURVE('',#5174,(PARAMETER_VALUE(0.E0)),(PARAMETER_VALUE(1.E0)),
.T.,.UNSPECIFIED.);
#5176=COMPOSITE_CURVE_SEGMENT(.CONTINUOUS.,.T.,#5175);
#5177=DIRECTION('',(9.096471836708E-1,4.153817536193E-1));
#5178=VECTOR('',#5177,2.506275385725E-2);
#5179=CARTESIAN_POINT('',(1.374563728813E1,4.287603083321E-2));
#5180=LINE('',#5179,#5178);
#5181=TRIMMED_CURVE('',#5180,(PARAMETER_VALUE(0.E0)),(PARAMETER_VALUE(1.E0)),
.T.,.UNSPECIFIED.);
#5182=COMPOSITE_CURVE_SEGMENT(.CONTINUOUS.,.T.,#5181);
#5183=DIRECTION('',(8.881339625281E-1,4.595846653274E-1));
#5184=VECTOR('',#5183,2.511156452010E-2);
#5185=CARTESIAN_POINT('',(1.376843555159E1,5.328664148097E-2));
#5186=LINE('',#5185,#5184);
#5187=TRIMMED_CURVE('',#5186,(PARAMETER_VALUE(0.E0)),(PARAMETER_VALUE(1.E0)),
.T.,.UNSPECIFIED.);
#5188=COMPOSITE_CURVE_SEGMENT(.CONTINUOUS.,.T.,#5187);
#5189=DIRECTION('',(8.645760871081E-1,5.025019299473E-1));
#5190=VECTOR('',#5189,2.523463871929E-2);
#5191=CARTESIAN_POINT('',(1.379073798489E1,6.482753145678E-2));
#5192=LINE('',#5191,#5190);
#5193=TRIMMED_CURVE('',#5192,(PARAMETER_VALUE(0.E0)),(PARAMETER_VALUE(1.E0)),
.T.,.UNSPECIFIED.);
#5194=COMPOSITE_CURVE_SEGMENT(.CONTINUOUS.,.T.,#5193);
#5195=DIRECTION('',(8.391460900768E-1,5.439060943847E-1));
#5196=VECTOR('',#5195,2.544040383763E-2);
#5197=CARTESIAN_POINT('',(1.381255525010E1,7.750798611475E-2));
#5198=LINE('',#5197,#5196);
#5199=TRIMMED_CURVE('',#5198,(PARAMETER_VALUE(0.E0)),(PARAMETER_VALUE(1.E0)),
.T.,.UNSPECIFIED.);
#5200=COMPOSITE_CURVE_SEGMENT(.CONTINUOUS.,.T.,#5199);
#5201=DIRECTION('',(8.120372289966E-1,5.836056363021E-1));
#5202=VECTOR('',#5201,2.572883043469E-2);
#5203=CARTESIAN_POINT('',(1.383390346551E1,9.134517680564E-2));
#5204=LINE('',#5203,#5202);
#5205=TRIMMED_CURVE('',#5204,(PARAMETER_VALUE(0.E0)),(PARAMETER_VALUE(1.E0)),
.T.,.UNSPECIFIED.);
#5206=COMPOSITE_CURVE_SEGMENT(.CONTINUOUS.,.T.,#5205);
#5207=DIRECTION('',(7.834609727042E-1,6.214409901587E-1));
#5208=VECTOR('',#5207,2.609991437007E-2);
#5209=CARTESIAN_POINT('',(1.385479623368E1,1.063606672628E-1));
#5210=LINE('',#5209,#5208);
#5211=TRIMMED_CURVE('',#5210,(PARAMETER_VALUE(0.E0)),(PARAMETER_VALUE(1.E0)),
.T.,.UNSPECIFIED.);
#5212=COMPOSITE_CURVE_SEGMENT(.CONTINUOUS.,.T.,#5211);
#5213=DIRECTION('',(7.536406426381E-1,6.572866815659E-1));
#5214=VECTOR('',#5213,2.655367538580E-2);
#5215=CARTESIAN_POINT('',(1.387524449798E1,1.225802238920E-1));
#5216=LINE('',#5215,#5214);
#5217=TRIMMED_CURVE('',#5216,(PARAMETER_VALUE(0.E0)),(PARAMETER_VALUE(1.E0)),
.T.,.UNSPECIFIED.);
#5218=COMPOSITE_CURVE_SEGMENT(.CONTINUOUS.,.T.,#5217);
#5219=DIRECTION('',(7.228050510996E-1,6.910519937782E-1));
#5220=VECTOR('',#5219,2.709015447249E-2);
#5221=CARTESIAN_POINT('',(1.389525642696E1,1.400336010697E-1));
#5222=LINE('',#5221,#5220);
#5223=TRIMMED_CURVE('',#5222,(PARAMETER_VALUE(0.E0)),(PARAMETER_VALUE(1.E0)),
.T.,.UNSPECIFIED.);
#5224=COMPOSITE_CURVE_SEGMENT(.CONTINUOUS.,.T.,#5223);
#5225=DIRECTION('',(6.890164414732E-1,7.247457094593E-1));
#5226=VECTOR('',#5225,1.079716054549E-2);
#5227=CARTESIAN_POINT('',(1.391483732745E1,1.587543063297E-1));
#5228=LINE('',#5227,#5226);
#5229=TRIMMED_CURVE('',#5228,(PARAMETER_VALUE(0.E0)),(PARAMETER_VALUE(1.E0)),
.T.,.UNSPECIFIED.);
#5230=COMPOSITE_CURVE_SEGMENT(.CONTINUOUS.,.T.,#5229);
#5231=DIRECTION('',(6.665795547392E-1,7.454338986145E-1));
#5232=VECTOR('',#5231,2.739653086899E-2);
#5233=CARTESIAN_POINT('',(1.392227674859E1,1.665795021094E-1));
#5234=LINE('',#5233,#5232);
#5235=TRIMMED_CURVE('',#5234,(PARAMETER_VALUE(0.E0)),(PARAMETER_VALUE(1.E0)),
.T.,.UNSPECIFIED.);
#5236=COMPOSITE_CURVE_SEGMENT(.CONTINUOUS.,.T.,#5235);
#5237=DIRECTION('',(6.323017108203E-1,7.747222382852E-1));
#5238=VECTOR('',#5237,2.674171870554E-2);
#5239=CARTESIAN_POINT('',(1.394053871593E1,1.870018049235E-1));
#5240=LINE('',#5239,#5238);
#5241=TRIMMED_CURVE('',#5240,(PARAMETER_VALUE(0.E0)),(PARAMETER_VALUE(1.E0)),
.T.,.UNSPECIFIED.);
#5242=COMPOSITE_CURVE_SEGMENT(.CONTINUOUS.,.T.,#5241);
#5243=DIRECTION('',(5.958681406084E-1,8.030822865734E-1));
#5244=VECTOR('',#5243,2.619625186573E-2);
#5245=CARTESIAN_POINT('',(1.395744755042E1,2.077192090947E-1));
#5246=LINE('',#5245,#5244);
#5247=TRIMMED_CURVE('',#5246,(PARAMETER_VALUE(0.E0)),(PARAMETER_VALUE(1.E0)),
.T.,.UNSPECIFIED.);
#5248=COMPOSITE_CURVE_SEGMENT(.CONTINUOUS.,.T.,#5247);
#5249=DIRECTION('',(5.573847596671E-1,8.302543162735E-1));
#5250=VECTOR('',#5249,2.575840159236E-2);
#5251=CARTESIAN_POINT('',(1.397305706231E1,2.287569549427E-1));
#5252=LINE('',#5251,#5250);
#5253=TRIMMED_CURVE('',#5252,(PARAMETER_VALUE(0.E0)),(PARAMETER_VALUE(1.E0)),
.T.,.UNSPECIFIED.);
#5254=COMPOSITE_CURVE_SEGMENT(.CONTINUOUS.,.T.,#5253);
#5255=DIRECTION('',(5.169998065998E-1,8.559855138820E-1));
#5256=VECTOR('',#5255,2.542681837824E-2);
#5257=CARTESIAN_POINT('',(1.398741440279E1,2.501429790450E-1));
#5258=LINE('',#5257,#5256);
#5259=TRIMMED_CURVE('',#5258,(PARAMETER_VALUE(0.E0)),(PARAMETER_VALUE(1.E0)),
.T.,.UNSPECIFIED.);
#5260=COMPOSITE_CURVE_SEGMENT(.CONTINUOUS.,.T.,#5259);
#5261=DIRECTION('',(4.749028149299E-1,8.800382471073E-1));
#5262=VECTOR('',#5261,2.520051023835E-2);
#5263=CARTESIAN_POINT('',(1.400056006298E1,2.719079672409E-1));
#5264=LINE('',#5263,#5262);
#5265=TRIMMED_CURVE('',#5264,(PARAMETER_VALUE(0.E0)),(PARAMETER_VALUE(1.E0)),
.T.,.UNSPECIFIED.);
#5266=COMPOSITE_CURVE_SEGMENT(.CONTINUOUS.,.T.,#5265);
#5267=DIRECTION('',(4.313215308830E-1,9.021982803113E-1));
#5268=VECTOR('',#5267,2.507882467056E-2);
#5269=CARTESIAN_POINT('',(1.401252785623E1,2.940853800973E-1));
#5270=LINE('',#5269,#5268);
#5271=TRIMMED_CURVE('',#5270,(PARAMETER_VALUE(0.E0)),(PARAMETER_VALUE(1.E0)),
.T.,.UNSPECIFIED.);
#5272=COMPOSITE_CURVE_SEGMENT(.CONTINUOUS.,.T.,#5271);
#5273=DIRECTION('',(3.865168014432E-1,9.222823657656E-1));
#5274=VECTOR('',#5273,2.506143377295E-2);
#5275=CARTESIAN_POINT('',(1.402334489328E1,3.167114525873E-1));
#5276=LINE('',#5275,#5274);
#5277=TRIMMED_CURVE('',#5276,(PARAMETER_VALUE(0.E0)),(PARAMETER_VALUE(1.E0)),
.T.,.UNSPECIFIED.);
#5278=COMPOSITE_CURVE_SEGMENT(.CONTINUOUS.,.T.,#5277);
#5279=DIRECTION('',(3.407756476673E-1,9.401446473585E-1));
#5280=VECTOR('',#5279,2.514832213227E-2);
#5281=CARTESIAN_POINT('',(1.403303155850E1,3.398251710169E-1));
#5282=LINE('',#5281,#5280);
#5283=TRIMMED_CURVE('',#5282,(PARAMETER_VALUE(0.E0)),(PARAMETER_VALUE(1.E0)),
.T.,.UNSPECIFIED.);
#5284=COMPOSITE_CURVE_SEGMENT(.CONTINUOUS.,.T.,#5283);
#5285=DIRECTION('',(2.944274054212E-1,9.556738475740E-1));
#5286=VECTOR('',#5285,2.531305575600E-2);
#5287=CARTESIAN_POINT('',(1.404160149426E1,3.634682314596E-1));
#5288=LINE('',#5287,#5286);
#5289=TRIMMED_CURVE('',#5288,(PARAMETER_VALUE(0.E0)),(PARAMETER_VALUE(1.E0)),
.T.,.UNSPECIFIED.);
#5290=COMPOSITE_CURVE_SEGMENT(.CONTINUOUS.,.T.,#5289);
#5291=DIRECTION('',(2.478191543629E-1,9.688063102245E-1));
#5292=VECTOR('',#5291,2.557208064116E-2);
#5293=CARTESIAN_POINT('',(1.404905435159E1,3.876592568478E-1));
#5294=LINE('',#5293,#5292);
#5295=TRIMMED_CURVE('',#5294,(PARAMETER_VALUE(0.E0)),(PARAMETER_VALUE(1.E0)),
.T.,.UNSPECIFIED.);
#5296=COMPOSITE_CURVE_SEGMENT(.CONTINUOUS.,.T.,#5295);
#5297=DIRECTION('',(2.012701982524E-1,9.795357611111E-1));
#5298=VECTOR('',#5297,2.593601273490E-2);
#5299=CARTESIAN_POINT('',(1.405539160299E1,4.124336499385E-1));
#5300=LINE('',#5299,#5298);
#5301=TRIMMED_CURVE('',#5300,(PARAMETER_VALUE(0.E0)),(PARAMETER_VALUE(1.E0)),
.T.,.UNSPECIFIED.);
#5302=COMPOSITE_CURVE_SEGMENT(.CONTINUOUS.,.T.,#5301);
#5303=DIRECTION('',(1.550774544778E-1,9.879023145598E-1));
#5304=VECTOR('',#5303,2.640544824526E-2);
#5305=CARTESIAN_POINT('',(1.406061174942E1,4.378389019130E-1));
#5306=LINE('',#5305,#5304);
#5307=TRIMMED_CURVE('',#5306,(PARAMETER_VALUE(0.E0)),(PARAMETER_VALUE(1.E0)),
.T.,.UNSPECIFIED.);
#5308=COMPOSITE_CURVE_SEGMENT(.CONTINUOUS.,.T.,#5307);
#5309=DIRECTION('',(1.095173123196E-1,9.939848883672E-1));
#5310=VECTOR('',#5309,2.698128563222E-2);
#5311=CARTESIAN_POINT('',(1.406470663911E1,4.639249053514E-1));
#5312=LINE('',#5311,#5310);
#5313=TRIMMED_CURVE('',#5312,(PARAMETER_VALUE(0.E0)),(PARAMETER_VALUE(1.E0)),
.T.,.UNSPECIFIED.);
#5314=COMPOSITE_CURVE_SEGMENT(.CONTINUOUS.,.T.,#5313);
#5315=DIRECTION('',(6.483954436832E-2,9.978957027095E-1));
#5316=VECTOR('',#5315,2.766472613471E-2);
#5317=CARTESIAN_POINT('',(1.406766155700E1,4.907438955386E-1));
#5318=LINE('',#5317,#5316);
#5319=TRIMMED_CURVE('',#5318,(PARAMETER_VALUE(0.E0)),(PARAMETER_VALUE(1.E0)),
.T.,.UNSPECIFIED.);
#5320=COMPOSITE_CURVE_SEGMENT(.CONTINUOUS.,.T.,#5319);
#5321=DIRECTION('',(2.126295128150E-2,9.997739178948E-1));
#5322=VECTOR('',#5321,2.845727586529E-2);
#5323=CARTESIAN_POINT('',(1.406945532524E1,5.183504068650E-1));
#5324=LINE('',#5323,#5322);
#5325=TRIMMED_CURVE('',#5324,(PARAMETER_VALUE(0.E0)),(PARAMETER_VALUE(1.E0)),
.T.,.UNSPECIFIED.);
#5326=COMPOSITE_CURVE_SEGMENT(.CONTINUOUS.,.T.,#5325);
#5327=DIRECTION('',(-1.537242685184E-2,9.998818372651E-1));
#5328=VECTOR('',#5327,1.982292325526E-2);
#5329=CARTESIAN_POINT('',(1.407006041091E1,5.468012490495E-1));
#5330=LINE('',#5329,#5328);
#5331=TRIMMED_CURVE('',#5330,(PARAMETER_VALUE(0.E0)),(PARAMETER_VALUE(1.E0)),
.T.,.UNSPECIFIED.);
#5332=COMPOSITE_CURVE_SEGMENT(.CONTINUOUS.,.T.,#5331);
#5333=DIRECTION('',(-5.303851821259E-2,9.985924672186E-1));
#5334=VECTOR('',#5333,2.742293564858E-2);
#5335=CARTESIAN_POINT('',(1.406975568447E1,5.666218299739E-1));
#5336=LINE('',#5335,#5334);
#5337=TRIMMED_CURVE('',#5336,(PARAMETER_VALUE(0.E0)),(PARAMETER_VALUE(1.E0)),
.T.,.UNSPECIFIED.);
#5338=COMPOSITE_CURVE_SEGMENT(.CONTINUOUS.,.T.,#5337);
#5339=DIRECTION('',(-9.804973694198E-2,9.951815156471E-1));
#5340=VECTOR('',#5339,2.681992710456E-2);
#5341=CARTESIAN_POINT('',(1.406830121260E1,5.940061669416E-1));
#5342=LINE('',#5341,#5340);
#5343=TRIMMED_CURVE('',#5342,(PARAMETER_VALUE(0.E0)),(PARAMETER_VALUE(1.E0)),
.T.,.UNSPECIFIED.);
#5344=COMPOSITE_CURVE_SEGMENT(.CONTINUOUS.,.T.,#5343);
#5345=DIRECTION('',(-1.438439982110E-1,9.896003759997E-1));
#5346=VECTOR('',#5345,2.629075421570E-2);
#5347=CARTESIAN_POINT('',(1.406567152580E1,6.206968626471E-1));
#5348=LINE('',#5347,#5346);
#5349=TRIMMED_CURVE('',#5348,(PARAMETER_VALUE(0.E0)),(PARAMETER_VALUE(1.E0)),
.T.,.UNSPECIFIED.);
#5350=COMPOSITE_CURVE_SEGMENT(.CONTINUOUS.,.T.,#5349);
#5351=DIRECTION('',(-1.902206589304E-1,9.817413615184E-1));
#5352=VECTOR('',#5351,2.583597618181E-2);
#5353=CARTESIAN_POINT('',(1.406188975860E1,6.467142029043E-1));
#5354=LINE('',#5353,#5352);
#5355=TRIMMED_CURVE('',#5354,(PARAMETER_VALUE(0.E0)),(PARAMETER_VALUE(1.E0)),
.T.,.UNSPECIFIED.);
#5356=COMPOSITE_CURVE_SEGMENT(.CONTINUOUS.,.T.,#5355);
#5357=DIRECTION('',(-2.369564049181E-1,9.715202839716E-1));
#5358=VECTOR('',#5357,2.545608676911E-2);
#5359=CARTESIAN_POINT('',(1.405697522218E1,6.720784493372E-1));
#5360=LINE('',#5359,#5358);
#5361=TRIMMED_CURVE('',#5360,(PARAMETER_VALUE(0.E0)),(PARAMETER_VALUE(1.E0)),
.T.,.UNSPECIFIED.);
#5362=COMPOSITE_CURVE_SEGMENT(.CONTINUOUS.,.T.,#5361);
#5363=DIRECTION('',(-2.838087970819E-1,9.588808928636E-1));
#5364=VECTOR('',#5363,2.515152158588E-2);
#5365=CARTESIAN_POINT('',(1.405094323938E1,6.968095539839E-1));
#5366=LINE('',#5365,#5364);
#5367=TRIMMED_CURVE('',#5366,(PARAMETER_VALUE(0.E0)),(PARAMETER_VALUE(1.E0)),
.T.,.UNSPECIFIED.);
#5368=COMPOSITE_CURVE_SEGMENT(.CONTINUOUS.,.T.,#5367);
#5369=DIRECTION('',(-3.305209377471E-1,9.437986595195E-1));
#5370=VECTOR('',#5369,2.492266441157E-2);
#5371=CARTESIAN_POINT('',(1.404380501629E1,7.209268674590E-1));
#5372=LINE('',#5371,#5370);
#5373=TRIMMED_CURVE('',#5372,(PARAMETER_VALUE(0.E0)),(PARAMETER_VALUE(1.E0)),
.T.,.UNSPECIFIED.);
#5374=COMPOSITE_CURVE_SEGMENT(.CONTINUOUS.,.T.,#5373);
#5375=DIRECTION('',(-3.768271149352E-1,9.262836096195E-1));
#5376=VECTOR('',#5375,2.476985243446E-2);
#5377=CARTESIAN_POINT('',(1.403556755388E1,7.444488447223E-1));
#5378=LINE('',#5377,#5376);
#5379=TRIMMED_CURVE('',#5378,(PARAMETER_VALUE(0.E0)),(PARAMETER_VALUE(1.E0)),
.T.,.UNSPECIFIED.);
#5380=COMPOSITE_CURVE_SEGMENT(.CONTINUOUS.,.T.,#5379);
#5381=DIRECTION('',(-4.224591887404E-1,9.063819470007E-1));
#5382=VECTOR('',#5381,2.469338029826E-2);
#5383=CARTESIAN_POINT('',(1.402623360185E1,7.673927530451E-1));
#5384=LINE('',#5383,#5382);
#5385=TRIMMED_CURVE('',#5384,(PARAMETER_VALUE(0.E0)),(PARAMETER_VALUE(1.E0)),
.T.,.UNSPECIFIED.);
#5386=COMPOSITE_CURVE_SEGMENT(.CONTINUOUS.,.T.,#5385);
#5387=DIRECTION('',(-4.671534030360E-1,8.841762822152E-1));
#5388=VECTOR('',#5387,2.469350290594E-2);
#5389=CARTESIAN_POINT('',(1.401580165644E1,7.897743871578E-1));
#5390=LINE('',#5389,#5388);
#5391=TRIMMED_CURVE('',#5390,(PARAMETER_VALUE(0.E0)),(PARAMETER_VALUE(1.E0)),
.T.,.UNSPECIFIED.);
#5392=COMPOSITE_CURVE_SEGMENT(.CONTINUOUS.,.T.,#5391);
#5393=DIRECTION('',(-4.998993452196E-1,8.660835090504E-1));
#5394=VECTOR('',#5393,1.237147637166E-2);
#5395=CARTESIAN_POINT('',(1.400426600253E1,8.116077967521E-1));
#5396=LINE('',#5395,#5394);
#5397=TRIMMED_CURVE('',#5396,(PARAMETER_VALUE(0.E0)),(PARAMETER_VALUE(1.E0)),
.T.,.UNSPECIFIED.);
#5398=COMPOSITE_CURVE_SEGMENT(.CONTINUOUS.,.T.,#5397);
#5399=DIRECTION('',(-5.213066483316E-1,8.533694266877E-1));
#5400=VECTOR('',#5399,1.239630176669E-2);
#5401=CARTESIAN_POINT('',(1.399808150959E1,8.223225284202E-1));
#5402=LINE('',#5401,#5400);
#5403=TRIMMED_CURVE('',#5402,(PARAMETER_VALUE(0.E0)),(PARAMETER_VALUE(1.E0)),
.T.,.UNSPECIFIED.);
#5404=COMPOSITE_CURVE_SEGMENT(.CONTINUOUS.,.T.,#5403);
#5405=DIRECTION('',(-5.527055347508E-1,8.333766206559E-1));
#5406=VECTOR('',#5405,2.489668572775E-2);
#5407=CARTESIAN_POINT('',(1.399161923506E1,8.329011533519E-1));
#5408=LINE('',#5407,#5406);
#5409=TRIMMED_CURVE('',#5408,(PARAMETER_VALUE(0.E0)),(PARAMETER_VALUE(1.E0)),
.T.,.UNSPECIFIED.);
#5410=COMPOSITE_CURVE_SEGMENT(.CONTINUOUS.,.T.,#5409);
#5411=DIRECTION('',(-5.930877488570E-1,8.051378280492E-1));
#5412=VECTOR('',#5411,2.510440041465E-2);
#5413=CARTESIAN_POINT('',(1.397785869907E1,8.536494691692E-1));
#5414=LINE('',#5413,#5412);
#5415=TRIMMED_CURVE('',#5414,(PARAMETER_VALUE(0.E0)),(PARAMETER_VALUE(1.E0)),
.T.,.UNSPECIFIED.);
#5416=COMPOSITE_CURVE_SEGMENT(.CONTINUOUS.,.T.,#5415);
#5417=DIRECTION('',(-6.316235851528E-1,7.752752070579E-1));
#5418=VECTOR('',#5417,2.538894488377E-2);
#5419=CARTESIAN_POINT('',(1.396296958674E1,8.738619715935E-1));
#5420=LINE('',#5419,#5418);
#5421=TRIMMED_CURVE('',#5420,(PARAMETER_VALUE(0.E0)),(PARAMETER_VALUE(1.E0)),
.T.,.UNSPECIFIED.);
#5422=COMPOSITE_CURVE_SEGMENT(.CONTINUOUS.,.T.,#5421);
#5423=DIRECTION('',(-6.681692422225E-1,7.440093169765E-1));
#5424=VECTOR('',#5423,2.575023079977E-2);
#5425=CARTESIAN_POINT('',(1.394693333035E1,8.935453910953E-1));
#5426=LINE('',#5425,#5424);
#5427=TRIMMED_CURVE('',#5426,(PARAMETER_VALUE(0.E0)),(PARAMETER_VALUE(1.E0)),
.T.,.UNSPECIFIED.);
#5428=COMPOSITE_CURVE_SEGMENT(.CONTINUOUS.,.T.,#5427);
#5429=DIRECTION('',(-7.026150760192E-1,7.115701335431E-1));
#5430=VECTOR('',#5429,2.618813963756E-2);
#5431=CARTESIAN_POINT('',(1.392972781815E1,9.127038027246E-1));
#5432=LINE('',#5431,#5430);
#5433=TRIMMED_CURVE('',#5432,(PARAMETER_VALUE(0.E0)),(PARAMETER_VALUE(1.E0)),
.T.,.UNSPECIFIED.);
#5434=COMPOSITE_CURVE_SEGMENT(.CONTINUOUS.,.T.,#5433);
#5435=COMPOSITE_CURVE('',(#4600,#4606,#4612,#4618,#4624,#4630,#4636,#4642,#4648,
#4654,#4660,#4666,#4672,#4678,#4684,#4690,#4696,#4702,#4708,#4714,#4720,#4726,
#4732,#4738,#4744,#4750,#4756,#4762,#4768,#4774,#4780,#4786,#4792,#4798,#4804,
#4810,#4816,#4822,#4828,#4834,#4840,#4846,#4852,#4858,#4864,#4870,#4876,#4882,
#4888,#4894,#4900,#4906,#4912,#4918,#4924,#4930,#4936,#4942,#4948,#4954,#4960,
#4966,#4972,#4978,#4984,#4990,#4996,#5002,#5008,#5014,#5020,#5026,#5032,#5038,
#5044,#5050,#5056,#5062,#5068,#5074,#5080,#5086,#5092,#5098,#5104,#5110,#5116,
#5122,#5128,#5134,#5140,#5146,#5152,#5158,#5164,#5170,#5176,#5182,#5188,#5194,
#5200,#5206,#5212,#5218,#5224,#5230,#5236,#5242,#5248,#5254,#5260,#5266,#5272,
#5278,#5284,#5290,#5296,#5302,#5308,#5314,#5320,#5326,#5332,#5338,#5344,#5350,
#5356,#5362,#5368,#5374,#5380,#5386,#5392,#5398,#5404,#5410,#5416,#5422,#5428,
#5434),.F.);
#5436=(ANNOTATION_CURVE_OCCURRENCE()ANNOTATION_OCCURRENCE()DRAUGHTING_ANNOTATION_OCCURRENCE()GEOMETRIC_REPRESENTATION_ITEM()REPRESENTATION_ITEM('')STYLED_ITEM((
#41),#5435));
#5437=DIRECTION('',(0.E0,1.E0));
#5438=VECTOR('',#5437,7.902187769292E-1);
#5439=CARTESIAN_POINT('',(9.272291247067E0,2.716457790119E-1));
#5440=LINE('',#5439,#5438);
#5441=TRIMMED_CURVE('',#5440,(PARAMETER_VALUE(0.E0)),(PARAMETER_VALUE(1.E0)),
.T.,.UNSPECIFIED.);
#5442=(ANNOTATION_CURVE_OCCURRENCE()ANNOTATION_OCCURRENCE()DRAUGHTING_ANNOTATION_OCCURRENCE()GEOMETRIC_REPRESENTATION_ITEM()REPRESENTATION_ITEM('')STYLED_ITEM((
#41),#5441));
#5443=DIRECTION('',(0.E0,-1.E0));
#5444=VECTOR('',#5443,1.037167527681E0);
#5445=CARTESIAN_POINT('',(9.378120274005E0,1.061864555941E0));
#5446=LINE('',#5445,#5444);
#5447=TRIMMED_CURVE('',#5446,(PARAMETER_VALUE(0.E0)),(PARAMETER_VALUE(1.E0)),
.T.,.UNSPECIFIED.);
#5448=(ANNOTATION_CURVE_OCCURRENCE()ANNOTATION_OCCURRENCE()DRAUGHTING_ANNOTATION_OCCURRENCE()GEOMETRIC_REPRESENTATION_ITEM()REPRESENTATION_ITEM('')STYLED_ITEM((
#41),#5447));
#5449=DIRECTION('',(-6.122572229906E-1,-7.906586449890E-1));
#5450=VECTOR('',#5449,3.470782495990E-1);
#5451=CARTESIAN_POINT('',(9.483949300942E0,5.266969637084E0));
#5452=LINE('',#5451,#5450);
#5453=TRIMMED_CURVE('',#5452,(PARAMETER_VALUE(0.E0)),(PARAMETER_VALUE(1.E0)),
.T.,.UNSPECIFIED.);
#5454=COMPOSITE_CURVE_SEGMENT(.CONTINUOUS.,.T.,#5453);
#5455=DIRECTION('',(-6.131197597456E-1,-7.899899747525E-1));
#5456=VECTOR('',#5455,4.577857921789E-1);
#5457=CARTESIAN_POINT('',(9.271448135682E0,4.992549218551E0));
#5458=LINE('',#5457,#5456);
#5459=TRIMMED_CURVE('',#5458,(PARAMETER_VALUE(0.E0)),(PARAMETER_VALUE(1.E0)),
.T.,.UNSPECIFIED.);
#5460=COMPOSITE_CURVE_SEGMENT(.CONTINUOUS.,.T.,#5459);
#5461=DIRECTION('',(-6.196285713307E-1,-7.848951736319E-1));
#5462=VECTOR('',#5461,3.932429307247E-1);
#5463=CARTESIAN_POINT('',(8.990770620767E0,4.630903032145E0));
#5464=LINE('',#5463,#5462);
#5465=TRIMMED_CURVE('',#5464,(PARAMETER_VALUE(0.E0)),(PARAMETER_VALUE(1.E0)),
.T.,.UNSPECIFIED.);
#5466=COMPOSITE_CURVE_SEGMENT(.CONTINUOUS.,.T.,#5465);
#5467=DIRECTION('',(-6.326134997708E-1,-7.744676622738E-1));
#5468=VECTOR('',#5467,2.249637264247E-1);
#5469=CARTESIAN_POINT('',(8.747106065416E0,4.322248553755E0));
#5470=LINE('',#5469,#5468);
#5471=TRIMMED_CURVE('',#5470,(PARAMETER_VALUE(0.E0)),(PARAMETER_VALUE(1.E0)),
.T.,.UNSPECIFIED.);
#5472=COMPOSITE_CURVE_SEGMENT(.CONTINUOUS.,.T.,#5471);
#5473=DIRECTION('',(-6.570510916346E-1,-7.538460472681E-1));
#5474=VECTOR('',#5473,1.092161748752E-1);
#5475=CARTESIAN_POINT('',(8.604790975121E0,4.148021422454E0));
#5476=LINE('',#5475,#5474);
#5477=TRIMMED_CURVE('',#5476,(PARAMETER_VALUE(0.E0)),(PARAMETER_VALUE(1.E0)),
.T.,.UNSPECIFIED.);
#5478=COMPOSITE_CURVE_SEGMENT(.CONTINUOUS.,.T.,#5477);
#5479=DIRECTION('',(-7.082764085170E-1,-7.059352159641E-1));
#5480=VECTOR('',#5479,4.268002340979E-2);
#5481=CARTESIAN_POINT('',(8.533030368195E0,4.065689240727E0));
#5482=LINE('',#5481,#5480);
#5483=TRIMMED_CURVE('',#5482,(PARAMETER_VALUE(0.E0)),(PARAMETER_VALUE(1.E0)),
.T.,.UNSPECIFIED.);
#5484=COMPOSITE_CURVE_SEGMENT(.CONTINUOUS.,.T.,#5483);
#5485=DIRECTION('',(-8.301146130085E-1,-5.575927987965E-1));
#5486=VECTOR('',#5485,1.223506661758E-2);
#5487=CARTESIAN_POINT('',(8.502801114499E0,4.035559909183E0));
#5488=LINE('',#5487,#5486);
#5489=TRIMMED_CURVE('',#5488,(PARAMETER_VALUE(0.E0)),(PARAMETER_VALUE(1.E0)),
.T.,.UNSPECIFIED.);
#5490=COMPOSITE_CURVE_SEGMENT(.CONTINUOUS.,.T.,#5489);
#5491=DIRECTION('',(-1.E0,0.E0));
#5492=VECTOR('',#5491,9.136823863818E-1);
#5493=CARTESIAN_POINT('',(8.492644606908E0,4.028737724145E0));
#5494=LINE('',#5493,#5492);
#5495=TRIMMED_CURVE('',#5494,(PARAMETER_VALUE(0.E0)),(PARAMETER_VALUE(1.E0)),
.T.,.UNSPECIFIED.);
#5496=COMPOSITE_CURVE_SEGMENT(.CONTINUOUS.,.T.,#5495);
#5497=DIRECTION('',(-3.337111830561E-1,9.426753663395E-1));
#5498=VECTOR('',#5497,1.448269813618E0);
#5499=CARTESIAN_POINT('',(7.578962220527E0,4.028737724145E0));
#5500=LINE('',#5499,#5498);
#5501=TRIMMED_CURVE('',#5500,(PARAMETER_VALUE(0.E0)),(PARAMETER_VALUE(1.E0)),
.T.,.UNSPECIFIED.);
#5502=COMPOSITE_CURVE_SEGMENT(.CONTINUOUS.,.T.,#5501);
#5503=DIRECTION('',(-9.982928574926E-1,5.840694033435E-2));
#5504=VECTOR('',#5503,6.009030785573E-2);
#5505=CARTESIAN_POINT('',(7.095658387640E0,5.393986001256E0));
#5506=LINE('',#5505,#5504);
#5507=TRIMMED_CURVE('',#5506,(PARAMETER_VALUE(0.E0)),(PARAMETER_VALUE(1.E0)),
.T.,.UNSPECIFIED.);
#5508=COMPOSITE_CURVE_SEGMENT(.CONTINUOUS.,.T.,#5507);
#5509=DIRECTION('',(-1.362884264617E-1,-9.906692004966E-1));
#5510=VECTOR('',#5509,5.108426190183E-2);
#5511=CARTESIAN_POINT('',(7.035670662503E0,5.397495692281E0));
#5512=LINE('',#5511,#5510);
#5513=TRIMMED_CURVE('',#5512,(PARAMETER_VALUE(0.E0)),(PARAMETER_VALUE(1.E0)),
.T.,.UNSPECIFIED.);
#5514=COMPOSITE_CURVE_SEGMENT(.CONTINUOUS.,.T.,#5513);
#5515=DIRECTION('',(-1.821899346157E-1,-9.832633562402E-1));
#5516=VECTOR('',#5515,1.676102179606E-1);
#5517=CARTESIAN_POINT('',(7.028708468831E0,5.346888087385E0));
#5518=LINE('',#5517,#5516);
#5519=TRIMMED_CURVE('',#5518,(PARAMETER_VALUE(0.E0)),(PARAMETER_VALUE(1.E0)),
.T.,.UNSPECIFIED.);
#5520=COMPOSITE_CURVE_SEGMENT(.CONTINUOUS.,.T.,#5519);
#5521=DIRECTION('',(-1.996109998705E-1,-9.798752210005E-1));
#5522=VECTOR('',#5521,4.033338886067E-1);
#5523=CARTESIAN_POINT('',(6.998171574180E0,5.182083101933E0));
#5524=LINE('',#5523,#5522);
#5525=TRIMMED_CURVE('',#5524,(PARAMETER_VALUE(0.E0)),(PARAMETER_VALUE(1.E0)),
.T.,.UNSPECIFIED.);
#5526=COMPOSITE_CURVE_SEGMENT(.CONTINUOUS.,.T.,#5525);
#5527=DIRECTION('',(-2.068900362747E-1,-9.783642025801E-1));
#5528=VECTOR('',#5527,8.013742381285E-1);
#5529=CARTESIAN_POINT('',(6.917661693394E0,4.786866218697E0));
#5530=LINE('',#5529,#5528);
#5531=TRIMMED_CURVE('',#5530,(PARAMETER_VALUE(0.E0)),(PARAMETER_VALUE(1.E0)),
.T.,.UNSPECIFIED.);
#5532=COMPOSITE_CURVE_SEGMENT(.CONTINUOUS.,.T.,#5531);
#5533=DIRECTION('',(-2.082834413753E-1,-9.780685088729E-1));
#5534=VECTOR('',#5533,6.057368057233E-2);
#5535=CARTESIAN_POINT('',(6.751865348198E0,4.002830351243E0));
#5536=LINE('',#5535,#5534);
#5537=TRIMMED_CURVE('',#5536,(PARAMETER_VALUE(0.E0)),(PARAMETER_VALUE(1.E0)),
.T.,.UNSPECIFIED.);
#5538=COMPOSITE_CURVE_SEGMENT(.CONTINUOUS.,.T.,#5537);
#5539=DIRECTION('',(-2.070401512073E-1,-9.783324464557E-1));
#5540=VECTOR('',#5539,7.001276778534E-1);
#5541=CARTESIAN_POINT('',(6.739248853551E0,3.943585141808E0));
#5542=LINE('',#5541,#5540);
#5543=TRIMMED_CURVE('',#5542,(PARAMETER_VALUE(0.E0)),(PARAMETER_VALUE(1.E0)),
.T.,.UNSPECIFIED.);
#5544=COMPOSITE_CURVE_SEGMENT(.CONTINUOUS.,.T.,#5543);
#5545=DIRECTION('',(-1.980290193639E-1,-9.801961576591E-1));
#5546=VECTOR('',#5545,2.472788973229E-1);
#5547=CARTESIAN_POINT('',(6.594294313264E0,3.258627517903E0));
#5548=LINE('',#5547,#5546);
#5549=TRIMMED_CURVE('',#5548,(PARAMETER_VALUE(0.E0)),(PARAMETER_VALUE(1.E0)),
.T.,.UNSPECIFIED.);
#5550=COMPOSITE_CURVE_SEGMENT(.CONTINUOUS.,.T.,#5549);
#5551=DIRECTION('',(-2.589183632419E-1,-9.658992086010E-1));
#5552=VECTOR('',#5551,3.542648197922E-1);
#5553=CARTESIAN_POINT('',(6.545325915718E0,3.016245692877E0));
#5554=LINE('',#5553,#5552);
#5555=TRIMMED_CURVE('',#5554,(PARAMETER_VALUE(0.E0)),(PARAMETER_VALUE(1.E0)),
.T.,.UNSPECIFIED.);
#5556=COMPOSITE_CURVE_SEGMENT(.CONTINUOUS.,.T.,#5555);
#5557=DIRECTION('',(-9.999969305694E-1,-2.477670629138E-3));
#5558=VECTOR('',#5557,1.425218845011E0);
#5559=CARTESIAN_POINT('',(6.453600248423E0,2.674061583804E0));
#5560=LINE('',#5559,#5558);
#5561=TRIMMED_CURVE('',#5560,(PARAMETER_VALUE(0.E0)),(PARAMETER_VALUE(1.E0)),
.T.,.UNSPECIFIED.);
#5562=COMPOSITE_CURVE_SEGMENT(.CONTINUOUS.,.T.,#5561);
#5563=DIRECTION('',(2.032250815658E-1,9.791320473882E-1));
#5564=VECTOR('',#5563,6.006135271392E0);
#5565=CARTESIAN_POINT('',(5.028385778022E0,2.670530360932E0));
#5566=LINE('',#5565,#5564);
#5567=TRIMMED_CURVE('',#5566,(PARAMETER_VALUE(0.E0)),(PARAMETER_VALUE(1.E0)),
.T.,.UNSPECIFIED.);
#5568=COMPOSITE_CURVE_SEGMENT(.CONTINUOUS.,.T.,#5567);
#5569=DIRECTION('',(9.997684829789E-1,2.151698032142E-2));
#5570=VECTOR('',#5569,2.719203369286E-1);
#5571=CARTESIAN_POINT('',(6.248983108446E0,8.551329886100E0));
#5572=LINE('',#5571,#5570);
#5573=TRIMMED_CURVE('',#5572,(PARAMETER_VALUE(0.E0)),(PARAMETER_VALUE(1.E0)),
.T.,.UNSPECIFIED.);
#5574=COMPOSITE_CURVE_SEGMENT(.CONTINUOUS.,.T.,#5573);
#5575=DIRECTION('',(9.997778355613E-1,2.107793918868E-2));
#5576=VECTOR('',#5575,3.077851836018E-1);
#5577=CARTESIAN_POINT('',(6.520840491188E0,8.557180790639E0));
#5578=LINE('',#5577,#5576);
#5579=TRIMMED_CURVE('',#5578,(PARAMETER_VALUE(0.E0)),(PARAMETER_VALUE(1.E0)),
.T.,.UNSPECIFIED.);
#5580=COMPOSITE_CURVE_SEGMENT(.CONTINUOUS.,.T.,#5579);
#5581=DIRECTION('',(9.999498494138E-1,1.001492173775E-2));
#5582=VECTOR('',#5581,3.158303195389E-1);
#5583=CARTESIAN_POINT('',(6.828557295867E0,8.563668268022E0));
#5584=LINE('',#5583,#5582);
#5585=TRIMMED_CURVE('',#5584,(PARAMETER_VALUE(0.E0)),(PARAMETER_VALUE(1.E0)),
.T.,.UNSPECIFIED.);
#5586=COMPOSITE_CURVE_SEGMENT(.CONTINUOUS.,.T.,#5585);
#5587=DIRECTION('',(9.999500696702E-1,-9.992905807138E-3));
#5588=VECTOR('',#5587,2.266101088536E-1);
#5589=CARTESIAN_POINT('',(7.144371776331E0,8.566831283954E0));
#5590=LINE('',#5589,#5588);
#5591=TRIMMED_CURVE('',#5590,(PARAMETER_VALUE(0.E0)),(PARAMETER_VALUE(1.E0)),
.T.,.UNSPECIFIED.);
#5592=COMPOSITE_CURVE_SEGMENT(.CONTINUOUS.,.T.,#5591);
#5593=DIRECTION('',(9.991952097997E-1,-4.011150350410E-2));
#5594=VECTOR('',#5593,1.534430588350E-1);
#5595=CARTESIAN_POINT('',(7.370970570467E0,8.564566790482E0));
#5596=LINE('',#5595,#5594);
#5597=TRIMMED_CURVE('',#5596,(PARAMETER_VALUE(0.E0)),(PARAMETER_VALUE(1.E0)),
.T.,.UNSPECIFIED.);
#5598=COMPOSITE_CURVE_SEGMENT(.CONTINUOUS.,.T.,#5597);
#5599=DIRECTION('',(9.962542857805E-1,-8.647194957923E-2));
#5600=VECTOR('',#5599,9.736190906022E-2);
#5601=CARTESIAN_POINT('',(7.524290139832E0,8.558411958690E0));
#5602=LINE('',#5601,#5600);
#5603=TRIMMED_CURVE('',#5602,(PARAMETER_VALUE(0.E0)),(PARAMETER_VALUE(1.E0)),
.T.,.UNSPECIFIED.);
#5604=COMPOSITE_CURVE_SEGMENT(.CONTINUOUS.,.T.,#5603);
#5605=DIRECTION('',(9.868766370022E-1,-1.614760147490E-1));
#5606=VECTOR('',#5605,5.719199401269E-2);
#5607=CARTESIAN_POINT('',(7.621287359005E0,8.549992884598E0));
#5608=LINE('',#5607,#5606);
#5609=TRIMMED_CURVE('',#5608,(PARAMETER_VALUE(0.E0)),(PARAMETER_VALUE(1.E0)),
.T.,.UNSPECIFIED.);
#5610=COMPOSITE_CURVE_SEGMENT(.CONTINUOUS.,.T.,#5609);
#5611=DIRECTION('',(2.886838191522E-1,-9.574244892208E-1));
#5612=VECTOR('',#5611,2.663997496639E0);
#5613=CARTESIAN_POINT('',(7.677728801719E0,8.540757749330E0));
#5614=LINE('',#5613,#5612);
#5615=TRIMMED_CURVE('',#5614,(PARAMETER_VALUE(0.E0)),(PARAMETER_VALUE(1.E0)),
.T.,.UNSPECIFIED.);
#5616=COMPOSITE_CURVE_SEGMENT(.CONTINUOUS.,.T.,#5615);
#5617=DIRECTION('',(8.322759105266E-1,5.543616227311E-1));
#5618=VECTOR('',#5617,1.890958270334E-2);
#5619=CARTESIAN_POINT('',(8.446781773261E0,5.990181306825E0));
#5620=LINE('',#5619,#5618);
#5621=TRIMMED_CURVE('',#5620,(PARAMETER_VALUE(0.E0)),(PARAMETER_VALUE(1.E0)),
.T.,.UNSPECIFIED.);
#5622=COMPOSITE_CURVE_SEGMENT(.CONTINUOUS.,.T.,#5621);
#5623=DIRECTION('',(7.160805252130E-1,6.980176798697E-1));
#5624=VECTOR('',#5623,4.160201701426E-2);
#5625=CARTESIAN_POINT('',(8.462519763423E0,6.000664053778E0));
#5626=LINE('',#5625,#5624);
#5627=TRIMMED_CURVE('',#5626,(PARAMETER_VALUE(0.E0)),(PARAMETER_VALUE(1.E0)),
.T.,.UNSPECIFIED.);
#5628=COMPOSITE_CURVE_SEGMENT(.CONTINUOUS.,.T.,#5627);
#5629=DIRECTION('',(6.491436763246E-1,7.606658185352E-1));
#5630=VECTOR('',#5629,7.979951471067E-2);
#5631=CARTESIAN_POINT('',(8.492310157617E0,6.029702997172E0));
#5632=LINE('',#5631,#5630);
#5633=TRIMMED_CURVE('',#5632,(PARAMETER_VALUE(0.E0)),(PARAMETER_VALUE(1.E0)),
.T.,.UNSPECIFIED.);
#5634=COMPOSITE_CURVE_SEGMENT(.CONTINUOUS.,.T.,#5633);
#5635=DIRECTION('',(6.095062116374E-1,7.927812926498E-1));
#5636=VECTOR('',#5635,1.353293907635E-1);
#5637=CARTESIAN_POINT('',(8.544111507965E0,6.090403760348E0));
#5638=LINE('',#5637,#5636);
#5639=TRIMMED_CURVE('',#5638,(PARAMETER_VALUE(0.E0)),(PARAMETER_VALUE(1.E0)),
.T.,.UNSPECIFIED.);
#5640=COMPOSITE_CURVE_SEGMENT(.CONTINUOUS.,.T.,#5639);
#5641=DIRECTION('',(5.849119902674E-1,8.110967658926E-1));
#5642=VECTOR('',#5641,2.038298098517E-1);
#5643=CARTESIAN_POINT('',(8.626595612252E0,6.197690369691E0));
#5644=LINE('',#5643,#5642);
#5645=TRIMMED_CURVE('',#5644,(PARAMETER_VALUE(0.E0)),(PARAMETER_VALUE(1.E0)),
.T.,.UNSPECIFIED.);
#5646=COMPOSITE_CURVE_SEGMENT(.CONTINUOUS.,.T.,#5645);
#5647=DIRECTION('',(5.715067815232E-1,8.205973425944E-1));
#5648=VECTOR('',#5647,1.834849095482E-1);
#5649=CARTESIAN_POINT('',(8.745818112008E0,6.363016069254E0));
#5650=LINE('',#5649,#5648);
#5651=TRIMMED_CURVE('',#5650,(PARAMETER_VALUE(0.E0)),(PARAMETER_VALUE(1.E0)),
.T.,.UNSPECIFIED.);
#5652=COMPOSITE_CURVE_SEGMENT(.CONTINUOUS.,.T.,#5651);
#5653=DIRECTION('',(5.691882708577E-1,8.222072198163E-1));
#5654=VECTOR('',#5653,1.271349285159E-1);
#5655=CARTESIAN_POINT('',(8.850680982122E0,6.513583298435E0));
#5656=LINE('',#5655,#5654);
#5657=TRIMMED_CURVE('',#5656,(PARAMETER_VALUE(0.E0)),(PARAMETER_VALUE(1.E0)),
.T.,.UNSPECIFIED.);
#5658=COMPOSITE_CURVE_SEGMENT(.CONTINUOUS.,.T.,#5657);
#5659=DIRECTION('',(5.888458742983E-1,8.082453441387E-1));
#5660=VECTOR('',#5659,2.656237968883E-1);
#5661=CARTESIAN_POINT('',(8.923044692250E0,6.618114554552E0));
#5662=LINE('',#5661,#5660);
#5663=TRIMMED_CURVE('',#5662,(PARAMETER_VALUE(0.E0)),(PARAMETER_VALUE(1.E0)),
.T.,.UNSPECIFIED.);
#5664=COMPOSITE_CURVE_SEGMENT(.CONTINUOUS.,.T.,#5663);
#5665=DIRECTION('',(5.795020113892E-1,8.149708085544E-1));
#5666=VECTOR('',#5665,1.531617982766E-1);
#5667=CARTESIAN_POINT('',(9.079456169163E0,6.832803751679E0));
#5668=LINE('',#5667,#5666);
#5669=TRIMMED_CURVE('',#5668,(PARAMETER_VALUE(0.E0)),(PARAMETER_VALUE(1.E0)),
.T.,.UNSPECIFIED.);
#5670=COMPOSITE_CURVE_SEGMENT(.CONTINUOUS.,.T.,#5669);
#5671=DIRECTION('',(5.783081939595E-1,8.158183822391E-1));
#5672=VECTOR('',#5671,3.751788106814E-1);
#5673=CARTESIAN_POINT('',(9.168213739332E0,6.957626146261E0));
#5674=LINE('',#5673,#5672);
#5675=TRIMMED_CURVE('',#5674,(PARAMETER_VALUE(0.E0)),(PARAMETER_VALUE(1.E0)),
.T.,.UNSPECIFIED.);
#5676=COMPOSITE_CURVE_SEGMENT(.CONTINUOUS.,.T.,#5675);
#5677=DIRECTION('',(5.848432974899E-1,8.111462983834E-1));
#5678=VECTOR('',#5677,1.200363132346E0);
#5679=CARTESIAN_POINT('',(9.385182719750E0,7.263703916641E0));
#5680=LINE('',#5679,#5678);
#5681=TRIMMED_CURVE('',#5680,(PARAMETER_VALUE(0.E0)),(PARAMETER_VALUE(1.E0)),
.T.,.UNSPECIFIED.);
#5682=COMPOSITE_CURVE_SEGMENT(.CONTINUOUS.,.T.,#5681);
#5683=DIRECTION('',(5.529617071208E-1,8.332066673150E-1));
#5684=VECTOR('',#5683,6.690620556563E-2);
#5685=CARTESIAN_POINT('',(1.008720705226E1,8.237374028160E0));
#5686=LINE('',#5685,#5684);
#5687=TRIMMED_CURVE('',#5686,(PARAMETER_VALUE(0.E0)),(PARAMETER_VALUE(1.E0)),
.T.,.UNSPECIFIED.);
#5688=COMPOSITE_CURVE_SEGMENT(.CONTINUOUS.,.T.,#5687);
#5689=DIRECTION('',(5.487440758582E-1,8.359903942095E-1));
#5690=VECTOR('',#5689,9.950016808098E-2);
#5691=CARTESIAN_POINT('',(1.012420362190E1,8.293120724722E0));
#5692=LINE('',#5691,#5690);
#5693=TRIMMED_CURVE('',#5692,(PARAMETER_VALUE(0.E0)),(PARAMETER_VALUE(1.E0)),
.T.,.UNSPECIFIED.);
#5694=COMPOSITE_CURVE_SEGMENT(.CONTINUOUS.,.T.,#5693);
#5695=DIRECTION('',(5.818846217111E-1,8.132713489458E-1));
#5696=VECTOR('',#5695,8.876558260843E-2);
#5697=CARTESIAN_POINT('',(1.017880374968E1,8.376301909460E0));
#5698=LINE('',#5697,#5696);
#5699=TRIMMED_CURVE('',#5698,(PARAMETER_VALUE(0.E0)),(PARAMETER_VALUE(1.E0)),
.T.,.UNSPECIFIED.);
#5700=COMPOSITE_CURVE_SEGMENT(.CONTINUOUS.,.T.,#5699);
#5701=DIRECTION('',(6.381934434126E-1,7.698760476760E-1));
#5702=VECTOR('',#5701,6.440945424990E-2);
#5703=CARTESIAN_POINT('',(1.023045507714E1,8.448492414568E0));
#5704=LINE('',#5703,#5702);
#5705=TRIMMED_CURVE('',#5704,(PARAMETER_VALUE(0.E0)),(PARAMETER_VALUE(1.E0)),
.T.,.UNSPECIFIED.);
#5706=COMPOSITE_CURVE_SEGMENT(.CONTINUOUS.,.T.,#5705);
#5707=DIRECTION('',(7.158989016405E-1,6.982039548942E-1));
#5708=VECTOR('',#5707,4.496575392525E-2);
#5709=CARTESIAN_POINT('',(1.027156076854E1,8.498079710639E0));
#5710=LINE('',#5709,#5708);
#5711=TRIMMED_CURVE('',#5710,(PARAMETER_VALUE(0.E0)),(PARAMETER_VALUE(1.E0)),
.T.,.UNSPECIFIED.);
#5712=COMPOSITE_CURVE_SEGMENT(.CONTINUOUS.,.T.,#5711);
#5713=DIRECTION('',(8.166843496800E-1,5.770846324307E-1));
#5714=VECTOR('',#5713,3.058656585350E-2);
#5715=CARTESIAN_POINT('',(1.030375170238E1,8.529474977864E0));
#5716=LINE('',#5715,#5714);
#5717=TRIMMED_CURVE('',#5716,(PARAMETER_VALUE(0.E0)),(PARAMETER_VALUE(1.E0)),
.T.,.UNSPECIFIED.);
#5718=COMPOSITE_CURVE_SEGMENT(.CONTINUOUS.,.T.,#5717);
#5719=DIRECTION('',(9.297201713704E-1,3.682667551477E-1));
#5720=VECTOR('',#5719,2.100405178418E-2);
#5721=CARTESIAN_POINT('',(1.032873127203E1,8.547126014977E0));
#5722=LINE('',#5721,#5720);
#5723=TRIMMED_CURVE('',#5722,(PARAMETER_VALUE(0.E0)),(PARAMETER_VALUE(1.E0)),
.T.,.UNSPECIFIED.);
#5724=COMPOSITE_CURVE_SEGMENT(.CONTINUOUS.,.T.,#5723);
#5725=DIRECTION('',(1.E0,0.E0));
#5726=VECTOR('',#5725,1.389945305371E0);
#5727=CARTESIAN_POINT('',(1.034825916265E1,8.554861108972E0));
#5728=LINE('',#5727,#5726);
#5729=TRIMMED_CURVE('',#5728,(PARAMETER_VALUE(0.E0)),(PARAMETER_VALUE(1.E0)),
.T.,.UNSPECIFIED.);
#5730=COMPOSITE_CURVE_SEGMENT(.CONTINUOUS.,.T.,#5729);
#5731=DIRECTION('',(-2.039059867981E-1,-9.789904741865E-1));
#5732=VECTOR('',#5731,6.003396822814E0);
#5733=CARTESIAN_POINT('',(1.173820446802E1,8.554861108972E0));
#5734=LINE('',#5733,#5732);
#5735=TRIMMED_CURVE('',#5734,(PARAMETER_VALUE(0.E0)),(PARAMETER_VALUE(1.E0)),
.T.,.UNSPECIFIED.);
#5736=COMPOSITE_CURVE_SEGMENT(.CONTINUOUS.,.T.,#5735);
#5737=DIRECTION('',(-9.999881374887E-1,-4.870819422568E-3));
#5738=VECTOR('',#5737,1.449950230559E0);
#5739=CARTESIAN_POINT('',(1.051407591473E1,2.677592806677E0));
#5740=LINE('',#5739,#5738);
#5741=TRIMMED_CURVE('',#5740,(PARAMETER_VALUE(0.E0)),(PARAMETER_VALUE(1.E0)),
.T.,.UNSPECIFIED.);
#5742=COMPOSITE_CURVE_SEGMENT(.CONTINUOUS.,.T.,#5741);
#5743=DIRECTION('',(2.031098745761E-1,9.791559522618E-1));
#5744=VECTOR('',#5743,2.813845512676E0);
#5745=CARTESIAN_POINT('',(9.064142884218E0,2.670530360932E0));
#5746=LINE('',#5745,#5744);
#5747=TRIMMED_CURVE('',#5746,(PARAMETER_VALUE(0.E0)),(PARAMETER_VALUE(1.E0)),
.T.,.UNSPECIFIED.);
#5748=COMPOSITE_CURVE_SEGMENT(.CONTINUOUS.,.T.,#5747);
#5749=DIRECTION('',(-8.949921378682E-1,-4.460819130542E-1));
#5750=VECTOR('',#5749,5.212337917280E-2);
#5751=CARTESIAN_POINT('',(9.635662693374E0,5.425723943414E0));
#5752=LINE('',#5751,#5750);
#5753=TRIMMED_CURVE('',#5752,(PARAMETER_VALUE(0.E0)),(PARAMETER_VALUE(1.E0)),
.T.,.UNSPECIFIED.);
#5754=COMPOSITE_CURVE_SEGMENT(.CONTINUOUS.,.T.,#5753);
#5755=DIRECTION('',(-8.728047261565E-1,-4.880695749571E-1));
#5756=VECTOR('',#5755,9.182785026301E-3);
#5757=CARTESIAN_POINT('',(9.589012678815E0,5.402472646717E0));
#5758=LINE('',#5757,#5756);
#5759=TRIMMED_CURVE('',#5758,(PARAMETER_VALUE(0.E0)),(PARAMETER_VALUE(1.E0)),
.T.,.UNSPECIFIED.);
#5760=COMPOSITE_CURVE_SEGMENT(.CONTINUOUS.,.T.,#5759);
#5761=DIRECTION('',(-5.428164739458E-1,-8.398513413771E-1));
#5762=VECTOR('',#5761,9.504090766674E-3);
#5763=CARTESIAN_POINT('',(9.580997900645E0,5.397990808733E0));
#5764=LINE('',#5763,#5762);
#5765=TRIMMED_CURVE('',#5764,(PARAMETER_VALUE(0.E0)),(PARAMETER_VALUE(1.E0)),
.T.,.UNSPECIFIED.);
#5766=COMPOSITE_CURVE_SEGMENT(.CONTINUOUS.,.T.,#5765);
#5767=DIRECTION('',(-5.808035650782E-1,-8.140437450115E-1));
#5768=VECTOR('',#5767,4.280446113724E-2);
#5769=CARTESIAN_POINT('',(9.575838923607E0,5.390008785354E0));
#5770=LINE('',#5769,#5768);
#5771=TRIMMED_CURVE('',#5770,(PARAMETER_VALUE(0.E0)),(PARAMETER_VALUE(1.E0)),
.T.,.UNSPECIFIED.);
#5772=COMPOSITE_CURVE_SEGMENT(.CONTINUOUS.,.T.,#5771);
#5773=DIRECTION('',(-6.154187014538E-1,-7.882003691327E-1));
#5774=VECTOR('',#5773,5.807661567724E-2);
#5775=CARTESIAN_POINT('',(9.550977939977E0,5.355164081506E0));
#5776=LINE('',#5775,#5774);
#5777=TRIMMED_CURVE('',#5776,(PARAMETER_VALUE(0.E0)),(PARAMETER_VALUE(1.E0)),
.T.,.UNSPECIFIED.);
#5778=COMPOSITE_CURVE_SEGMENT(.CONTINUOUS.,.T.,#5777);
#5779=DIRECTION('',(-5.935864831506E-1,-8.047702075878E-1));
#5780=VECTOR('',#5779,5.270875351457E-2);
#5781=CARTESIAN_POINT('',(9.515236504572E0,5.309388071591E0));
#5782=LINE('',#5781,#5780);
#5783=TRIMMED_CURVE('',#5782,(PARAMETER_VALUE(0.E0)),(PARAMETER_VALUE(1.E0)),
.T.,.UNSPECIFIED.);
#5784=COMPOSITE_CURVE_SEGMENT(.CONTINUOUS.,.T.,#5783);
#5785=COMPOSITE_CURVE('',(#5454,#5460,#5466,#5472,#5478,#5484,#5490,#5496,#5502,
#5508,#5514,#5520,#5526,#5532,#5538,#5544,#5550,#5556,#5562,#5568,#5574,#5580,
#5586,#5592,#5598,#5604,#5610,#5616,#5622,#5628,#5634,#5640,#5646,#5652,#5658,
#5664,#5670,#5676,#5682,#5688,#5694,#5700,#5706,#5712,#5718,#5724,#5730,#5736,
#5742,#5748,#5754,#5760,#5766,#5772,#5778,#5784),.F.);
#5786=(ANNOTATION_CURVE_OCCURRENCE()ANNOTATION_OCCURRENCE()DRAUGHTING_ANNOTATION_OCCURRENCE()GEOMETRIC_REPRESENTATION_ITEM()REPRESENTATION_ITEM('')STYLED_ITEM((
#41),#5785));
#5787=DIRECTION('',(-8.049196685561E-1,5.933837941599E-1));
#5788=VECTOR('',#5787,6.837110502084E-1);
#5789=CARTESIAN_POINT('',(4.284008302893E0,1.106663716357E1));
#5790=LINE('',#5789,#5788);
#5791=TRIMMED_CURVE('',#5790,(PARAMETER_VALUE(0.E0)),(PARAMETER_VALUE(1.E0)),
.T.,.UNSPECIFIED.);
#5792=(ANNOTATION_CURVE_OCCURRENCE()ANNOTATION_OCCURRENCE()DRAUGHTING_ANNOTATION_OCCURRENCE()GEOMETRIC_REPRESENTATION_ITEM()REPRESENTATION_ITEM('')STYLED_ITEM((
#41),#5791));
#5793=DIRECTION('',(8.006237982346E-1,-5.991673670190E-1));
#5794=VECTOR('',#5793,6.829690177275E-1);
#5795=CARTESIAN_POINT('',(4.605048138425E0,1.106663716357E1));
#5796=LINE('',#5795,#5794);
#5797=TRIMMED_CURVE('',#5796,(PARAMETER_VALUE(0.E0)),(PARAMETER_VALUE(1.E0)),
.T.,.UNSPECIFIED.);
#5798=(ANNOTATION_CURVE_OCCURRENCE()ANNOTATION_OCCURRENCE()DRAUGHTING_ANNOTATION_OCCURRENCE()GEOMETRIC_REPRESENTATION_ITEM()REPRESENTATION_ITEM('')STYLED_ITEM((
#41),#5797));
#5799=DIRECTION('',(-8.608955489567E-1,-5.087817349183E-1));
#5800=VECTOR('',#5799,3.864921286121E-2);
#5801=CARTESIAN_POINT('',(1.664535541352E1,7.881065027598E0));
#5802=LINE('',#5801,#5800);
#5803=TRIMMED_CURVE('',#5802,(PARAMETER_VALUE(0.E0)),(PARAMETER_VALUE(1.E0)),
.T.,.UNSPECIFIED.);
#5804=COMPOSITE_CURVE_SEGMENT(.CONTINUOUS.,.T.,#5803);
#5805=DIRECTION('',(-8.136430564112E-1,-5.813647536219E-1));
#5806=VECTOR('',#5805,7.759615975024E-2);
#5807=CARTESIAN_POINT('',(1.661208247820E1,7.861401014025E0));
#5808=LINE('',#5807,#5806);
#5809=TRIMMED_CURVE('',#5808,(PARAMETER_VALUE(0.E0)),(PARAMETER_VALUE(1.E0)),
.T.,.UNSPECIFIED.);
#5810=COMPOSITE_CURVE_SEGMENT(.CONTINUOUS.,.T.,#5809);
#5811=DIRECTION('',(-7.859469585342E-1,-6.182939255490E-1));
#5812=VECTOR('',#5811,1.392285481400E-1);
#5813=CARTESIAN_POINT('',(1.654894690161E1,7.816289341730E0));
#5814=LINE('',#5813,#5812);
#5815=TRIMMED_CURVE('',#5814,(PARAMETER_VALUE(0.E0)),(PARAMETER_VALUE(1.E0)),
.T.,.UNSPECIFIED.);
#5816=COMPOSITE_CURVE_SEGMENT(.CONTINUOUS.,.T.,#5815);
#5817=DIRECTION('',(-7.697820252678E-1,-6.383068490739E-1));
#5818=VECTOR('',#5817,2.328142960208E-1);
#5819=CARTESIAN_POINT('',(1.643952064766E1,7.730205176152E0));
#5820=LINE('',#5819,#5818);
#5821=TRIMMED_CURVE('',#5820,(PARAMETER_VALUE(0.E0)),(PARAMETER_VALUE(1.E0)),
.T.,.UNSPECIFIED.);
#5822=COMPOSITE_CURVE_SEGMENT(.CONTINUOUS.,.T.,#5821);
#5823=DIRECTION('',(-7.622501258204E-1,-6.472825856508E-1));
#5824=VECTOR('',#5823,3.458428177169E-1);
#5825=CARTESIAN_POINT('',(1.626030438736E1,7.581598216440E0));
#5826=LINE('',#5825,#5824);
#5827=TRIMMED_CURVE('',#5826,(PARAMETER_VALUE(0.E0)),(PARAMETER_VALUE(1.E0)),
.T.,.UNSPECIFIED.);
#5828=COMPOSITE_CURVE_SEGMENT(.CONTINUOUS.,.T.,#5827);
#5829=DIRECTION('',(-7.643746078966E-1,-6.447724085311E-1));
#5830=VECTOR('',#5829,2.898942638295E-1);
#5831=CARTESIAN_POINT('',(1.599668565604E1,7.357740183159E0));
#5832=LINE('',#5831,#5830);
#5833=TRIMMED_CURVE('',#5832,(PARAMETER_VALUE(0.E0)),(PARAMETER_VALUE(1.E0)),
.T.,.UNSPECIFIED.);
#5834=COMPOSITE_CURVE_SEGMENT(.CONTINUOUS.,.T.,#5833);
#5835=DIRECTION('',(-7.768356775706E-1,-6.297033667159E-1));
#5836=VECTOR('',#5835,1.586603152293E-1);
#5837=CARTESIAN_POINT('',(1.577509784179E1,7.170824360450E0));
#5838=LINE('',#5837,#5836);
#5839=TRIMMED_CURVE('',#5838,(PARAMETER_VALUE(0.E0)),(PARAMETER_VALUE(1.E0)),
.T.,.UNSPECIFIED.);
#5840=COMPOSITE_CURVE_SEGMENT(.CONTINUOUS.,.T.,#5839);
#5841=DIRECTION('',(-8.015485003970E-1,-5.979297630252E-1));
#5842=VECTOR('',#5841,8.172119168431E-2);
#5843=CARTESIAN_POINT('',(1.565184484831E1,7.070915425786E0));
#5844=LINE('',#5843,#5842);
#5845=TRIMMED_CURVE('',#5844,(PARAMETER_VALUE(0.E0)),(PARAMETER_VALUE(1.E0)),
.T.,.UNSPECIFIED.);
#5846=COMPOSITE_CURVE_SEGMENT(.CONTINUOUS.,.T.,#5845);
#5847=DIRECTION('',(-8.482941568400E-1,-5.295252812389E-1));
#5848=VECTOR('',#5847,3.663675267136E-2);
#5849=CARTESIAN_POINT('',(1.558634134966E1,7.022051893008E0));
#5850=LINE('',#5849,#5848);
#5851=TRIMMED_CURVE('',#5850,(PARAMETER_VALUE(0.E0)),(PARAMETER_VALUE(1.E0)),
.T.,.UNSPECIFIED.);
#5852=COMPOSITE_CURVE_SEGMENT(.CONTINUOUS.,.T.,#5851);
#5853=DIRECTION('',(-8.128832190587E-1,5.824267097008E-1));
#5854=VECTOR('',#5853,1.015251427457E-1);
#5855=CARTESIAN_POINT('',(1.555526260644E1,7.002651806246E0));
#5856=LINE('',#5855,#5854);
#5857=TRIMMED_CURVE('',#5856,(PARAMETER_VALUE(0.E0)),(PARAMETER_VALUE(1.E0)),
.T.,.UNSPECIFIED.);
#5858=COMPOSITE_CURVE_SEGMENT(.CONTINUOUS.,.T.,#5857);
#5859=DIRECTION('',(-7.983576599379E-1,6.021835657160E-1));
#5860=VECTOR('',#5859,1.609115282641E-2);
#5861=CARTESIAN_POINT('',(1.547273452159E1,7.061782761088E0));
#5862=LINE('',#5861,#5860);
#5863=TRIMMED_CURVE('',#5862,(PARAMETER_VALUE(0.E0)),(PARAMETER_VALUE(1.E0)),
.T.,.UNSPECIFIED.);
#5864=COMPOSITE_CURVE_SEGMENT(.CONTINUOUS.,.T.,#5863);
#5865=DIRECTION('',(-7.939439302784E-1,6.079909831356E-1));
#5866=VECTOR('',#5865,1.238201361625E-1);
#5867=CARTESIAN_POINT('',(1.545988802648E1,7.071472588873E0));
#5868=LINE('',#5867,#5866);
#5869=TRIMMED_CURVE('',#5868,(PARAMETER_VALUE(0.E0)),(PARAMETER_VALUE(1.E0)),
.T.,.UNSPECIFIED.);
#5870=COMPOSITE_CURVE_SEGMENT(.CONTINUOUS.,.T.,#5869);
#5871=DIRECTION('',(-8.157069725394E-1,5.784653273539E-1));
#5872=VECTOR('',#5871,7.831312540101E-2);
#5873=CARTESIAN_POINT('',(1.536158178093E1,7.146754115190E0));
#5874=LINE('',#5873,#5872);
#5875=TRIMMED_CURVE('',#5874,(PARAMETER_VALUE(0.E0)),(PARAMETER_VALUE(1.E0)),
.T.,.UNSPECIFIED.);
#5876=COMPOSITE_CURVE_SEGMENT(.CONTINUOUS.,.T.,#5875);
#5877=DIRECTION('',(-8.559703970288E-1,5.170248344232E-1));
#5878=VECTOR('',#5877,6.680809110381E-2);
#5879=CARTESIAN_POINT('',(1.529770121849E1,7.192055542912E0));
#5880=LINE('',#5879,#5878);
#5881=TRIMMED_CURVE('',#5880,(PARAMETER_VALUE(0.E0)),(PARAMETER_VALUE(1.E0)),
.T.,.UNSPECIFIED.);
#5882=COMPOSITE_CURVE_SEGMENT(.CONTINUOUS.,.T.,#5881);
#5883=DIRECTION('',(-8.985976459037E-1,4.387735985406E-1));
#5884=VECTOR('',#5883,6.450856913348E-2);
#5885=CARTESIAN_POINT('',(1.524051547023E1,7.226596985153E0));
#5886=LINE('',#5885,#5884);
#5887=TRIMMED_CURVE('',#5886,(PARAMETER_VALUE(0.E0)),(PARAMETER_VALUE(1.E0)),
.T.,.UNSPECIFIED.);
#5888=COMPOSITE_CURVE_SEGMENT(.CONTINUOUS.,.T.,#5887);
#5889=DIRECTION('',(-9.355404669816E-1,3.532195275462E-1));
#5890=VECTOR('',#5889,6.744686360129E-2);
#5891=CARTESIAN_POINT('',(1.518254822186E1,7.254901642168E0));
#5892=LINE('',#5891,#5890);
#5893=TRIMMED_CURVE('',#5892,(PARAMETER_VALUE(0.E0)),(PARAMETER_VALUE(1.E0)),
.T.,.UNSPECIFIED.);
#5894=COMPOSITE_CURVE_SEGMENT(.CONTINUOUS.,.T.,#5893);
#5895=DIRECTION('',(-9.572010521367E-1,2.894238168990E-1));
#5896=VECTOR('',#5895,3.625808066137E-2);
#5897=CARTESIAN_POINT('',(1.511944895159E1,7.278725191464E0));
#5898=LINE('',#5897,#5896);
#5899=TRIMMED_CURVE('',#5898,(PARAMETER_VALUE(0.E0)),(PARAMETER_VALUE(1.E0)),
.T.,.UNSPECIFIED.);
#5900=COMPOSITE_CURVE_SEGMENT(.CONTINUOUS.,.T.,#5899);
#5901=DIRECTION('',(-9.687033299959E-1,2.482213900026E-1));
#5902=VECTOR('',#5901,3.847065056822E-2);
#5903=CARTESIAN_POINT('',(1.508474267864E1,7.289219143562E0));
#5904=LINE('',#5903,#5902);
#5905=TRIMMED_CURVE('',#5904,(PARAMETER_VALUE(0.E0)),(PARAMETER_VALUE(1.E0)),
.T.,.UNSPECIFIED.);
#5906=COMPOSITE_CURVE_SEGMENT(.CONTINUOUS.,.T.,#5905);
#5907=DIRECTION('',(-9.817248639449E-1,1.903057842327E-1));
#5908=VECTOR('',#5907,8.485419215151E-2);
#5909=CARTESIAN_POINT('',(1.504747603132E1,7.298768381921E0));
#5910=LINE('',#5909,#5908);
#5911=TRIMMED_CURVE('',#5910,(PARAMETER_VALUE(0.E0)),(PARAMETER_VALUE(1.E0)),
.T.,.UNSPECIFIED.);
#5912=COMPOSITE_CURVE_SEGMENT(.CONTINUOUS.,.T.,#5911);
#5913=DIRECTION('',(-9.924359601865E-1,1.227634511115E-1));
#5914=VECTOR('',#5913,9.922401338161E-2);
#5915=CARTESIAN_POINT('',(1.496417256108E1,7.314916625504E0));
#5916=LINE('',#5915,#5914);
#5917=TRIMMED_CURVE('',#5916,(PARAMETER_VALUE(0.E0)),(PARAMETER_VALUE(1.E0)),
.T.,.UNSPECIFIED.);
#5918=COMPOSITE_CURVE_SEGMENT(.CONTINUOUS.,.T.,#5917);
#5919=DIRECTION('',(-9.978125350420E-1,6.610707158183E-2));
#5920=VECTOR('',#5919,1.187521627748E-1);
#5921=CARTESIAN_POINT('',(1.486569908208E1,7.327097707819E0));
#5922=LINE('',#5921,#5920);
#5923=TRIMMED_CURVE('',#5922,(PARAMETER_VALUE(0.E0)),(PARAMETER_VALUE(1.E0)),
.T.,.UNSPECIFIED.);
#5924=COMPOSITE_CURVE_SEGMENT(.CONTINUOUS.,.T.,#5923);
#5925=DIRECTION('',(-9.998087589383E-1,1.955621513206E-2));
#5926=VECTOR('',#5925,1.444760149376E-1);
#5927=CARTESIAN_POINT('',(1.474720668550E1,7.334948065544E0));
#5928=LINE('',#5927,#5926);
#5929=TRIMMED_CURVE('',#5928,(PARAMETER_VALUE(0.E0)),(PARAMETER_VALUE(1.E0)),
.T.,.UNSPECIFIED.);
#5930=COMPOSITE_CURVE_SEGMENT(.CONTINUOUS.,.T.,#5929);
#5931=DIRECTION('',(-9.994520539514E-1,-3.309972586580E-2));
#5932=VECTOR('',#5931,1.063339529882E-1);
#5933=CARTESIAN_POINT('',(1.460275830031E1,7.337773469574E0));
#5934=LINE('',#5933,#5932);
#5935=TRIMMED_CURVE('',#5934,(PARAMETER_VALUE(0.E0)),(PARAMETER_VALUE(1.E0)),
.T.,.UNSPECIFIED.);
#5936=COMPOSITE_CURVE_SEGMENT(.CONTINUOUS.,.T.,#5935);
#5937=DIRECTION('',(-9.954984008373E-1,-9.477834104062E-2));
#5938=VECTOR('',#5937,9.993498567527E-2);
#5939=CARTESIAN_POINT('',(1.449648261259E1,7.334253844880E0));
#5940=LINE('',#5939,#5938);
#5941=TRIMMED_CURVE('',#5940,(PARAMETER_VALUE(0.E0)),(PARAMETER_VALUE(1.E0)),
.T.,.UNSPECIFIED.);
#5942=COMPOSITE_CURVE_SEGMENT(.CONTINUOUS.,.T.,#5941);
#5943=DIRECTION('',(-9.871265350907E-1,-1.599412508385E-1));
#5944=VECTOR('',#5943,9.400342519795E-2);
#5945=CARTESIAN_POINT('',(1.439699749417E1,7.324782172726E0));
#5946=LINE('',#5945,#5944);
#5947=TRIMMED_CURVE('',#5946,(PARAMETER_VALUE(0.E0)),(PARAMETER_VALUE(1.E0)),
.T.,.UNSPECIFIED.);
#5948=COMPOSITE_CURVE_SEGMENT(.CONTINUOUS.,.T.,#5947);
#5949=DIRECTION('',(-9.735740421184E-1,-2.283715930523E-1));
#5950=VECTOR('',#5949,8.853164476615E-2);
#5951=CARTESIAN_POINT('',(1.430420421877E1,7.309747147316E0));
#5952=LINE('',#5951,#5950);
#5953=TRIMMED_CURVE('',#5952,(PARAMETER_VALUE(0.E0)),(PARAMETER_VALUE(1.E0)),
.T.,.UNSPECIFIED.);
#5954=COMPOSITE_CURVE_SEGMENT(.CONTINUOUS.,.T.,#5953);
#5955=DIRECTION('',(-9.540313559832E-1,-2.997068097339E-1));
#5956=VECTOR('',#5955,8.351009198586E-2);
#5957=CARTESIAN_POINT('',(1.421801210751E1,7.289529034566E0));
#5958=LINE('',#5957,#5956);
#5959=TRIMMED_CURVE('',#5958,(PARAMETER_VALUE(0.E0)),(PARAMETER_VALUE(1.E0)),
.T.,.UNSPECIFIED.);
#5960=COMPOSITE_CURVE_SEGMENT(.CONTINUOUS.,.T.,#5959);
#5961=DIRECTION('',(-9.276652791444E-1,-3.734128142818E-1));
#5962=VECTOR('',#5961,7.892688324374E-2);
#5963=CARTESIAN_POINT('',(1.413834086122E1,7.264500491316E0));
#5964=LINE('',#5963,#5962);
#5965=TRIMMED_CURVE('',#5964,(PARAMETER_VALUE(0.E0)),(PARAMETER_VALUE(1.E0)),
.T.,.UNSPECIFIED.);
#5966=COMPOSITE_CURVE_SEGMENT(.CONTINUOUS.,.T.,#5965);
#5967=DIRECTION('',(-8.936513493816E-1,-4.487619254665E-1));
#5968=VECTOR('',#5967,7.476736411825E-2);
#5969=CARTESIAN_POINT('',(1.406512313204E1,7.235028181721E0));
#5970=LINE('',#5969,#5968);
#5971=TRIMMED_CURVE('',#5970,(PARAMETER_VALUE(0.E0)),(PARAMETER_VALUE(1.E0)),
.T.,.UNSPECIFIED.);
#5972=COMPOSITE_CURVE_SEGMENT(.CONTINUOUS.,.T.,#5971);
#5973=DIRECTION('',(-8.512144962194E-1,-5.248179507467E-1));
#5974=VECTOR('',#5973,7.101366876579E-2);
#5975=CARTESIAN_POINT('',(1.399830717621E1,7.201475435438E0));
#5976=LINE('',#5975,#5974);
#5977=TRIMMED_CURVE('',#5976,(PARAMETER_VALUE(0.E0)),(PARAMETER_VALUE(1.E0)),
.T.,.UNSPECIFIED.);
#5978=COMPOSITE_CURVE_SEGMENT(.CONTINUOUS.,.T.,#5977);
#5979=DIRECTION('',(-7.996759943753E-1,-6.004317646660E-1));
#5980=VECTOR('',#5979,6.764433890390E-2);
#5981=CARTESIAN_POINT('',(1.393785931193E1,7.164206187321E0));
#5982=LINE('',#5981,#5980);
#5983=TRIMMED_CURVE('',#5982,(PARAMETER_VALUE(0.E0)),(PARAMETER_VALUE(1.E0)),
.T.,.UNSPECIFIED.);
#5984=COMPOSITE_CURVE_SEGMENT(.CONTINUOUS.,.T.,#5983);
#5985=DIRECTION('',(-7.385032716435E-1,-6.742498926747E-1));
#5986=VECTOR('',#5985,6.463410205409E-2);
#5987=CARTESIAN_POINT('',(1.388376575795E1,7.123590377543E0));
#5988=LINE('',#5987,#5986);
#5989=TRIMMED_CURVE('',#5988,(PARAMETER_VALUE(0.E0)),(PARAMETER_VALUE(1.E0)),
.T.,.UNSPECIFIED.);
#5990=COMPOSITE_CURVE_SEGMENT(.CONTINUOUS.,.T.,#5989);
#5991=DIRECTION('',(-6.673581830540E-1,-7.447369035511E-1));
#5992=VECTOR('',#5991,6.195395791710E-2);
#5993=CARTESIAN_POINT('',(1.383603326212E1,7.080010841170E0));
#5994=LINE('',#5993,#5992);
#5995=TRIMMED_CURVE('',#5994,(PARAMETER_VALUE(0.E0)),(PARAMETER_VALUE(1.E0)),
.T.,.UNSPECIFIED.);
#5996=COMPOSITE_CURVE_SEGMENT(.CONTINUOUS.,.T.,#5995);
#5997=DIRECTION('',(-5.861395337276E-1,-8.102101252155E-1));
#5998=VECTOR('',#5997,5.957177304330E-2);
#5999=CARTESIAN_POINT('',(1.379468778133E1,7.033871442388E0));
#6000=LINE('',#5999,#5998);
#6001=TRIMMED_CURVE('',#6000,(PARAMETER_VALUE(0.E0)),(PARAMETER_VALUE(1.E0)),
.T.,.UNSPECIFIED.);
#6002=COMPOSITE_CURVE_SEGMENT(.CONTINUOUS.,.T.,#6001);
#6003=DIRECTION('',(-4.950173546477E-1,-8.688830868405E-1));
#6004=VECTOR('',#6003,5.745361689306E-2);
#6005=CARTESIAN_POINT('',(1.375977041006E1,6.985605788691E0));
#6006=LINE('',#6005,#6004);
#6007=TRIMMED_CURVE('',#6006,(PARAMETER_VALUE(0.E0)),(PARAMETER_VALUE(1.E0)),
.T.,.UNSPECIFIED.);
#6008=COMPOSITE_CURVE_SEGMENT(.CONTINUOUS.,.T.,#6007);
#6009=DIRECTION('',(-3.944595966210E-1,-9.189132856987E-1));
#6010=VECTOR('',#6009,5.556604985956E-2);
#6011=CARTESIAN_POINT('',(1.373132987261E1,6.935685312695E0));
#6012=LINE('',#6011,#6010);
#6013=TRIMMED_CURVE('',#6012,(PARAMETER_VALUE(0.E0)),(PARAMETER_VALUE(1.E0)),
.T.,.UNSPECIFIED.);
#6014=COMPOSITE_CURVE_SEGMENT(.CONTINUOUS.,.T.,#6013);
#6015=DIRECTION('',(-2.852555223740E-1,-9.584515047487E-1));
#6016=VECTOR('',#6015,5.387944590559E-2);
#6017=CARTESIAN_POINT('',(1.370941131100E1,6.884624931246E0));
#6018=LINE('',#6017,#6016);
#6019=TRIMMED_CURVE('',#6018,(PARAMETER_VALUE(0.E0)),(PARAMETER_VALUE(1.E0)),
.T.,.UNSPECIFIED.);
#6020=COMPOSITE_CURVE_SEGMENT(.CONTINUOUS.,.T.,#6019);
#6021=DIRECTION('',(-1.835138077919E-1,-9.830171322768E-1));
#6022=VECTOR('',#6021,3.935639571956E-2);
#6023=CARTESIAN_POINT('',(1.369404190151E1,6.832984095242E0));
#6024=LINE('',#6023,#6022);
#6025=TRIMMED_CURVE('',#6024,(PARAMETER_VALUE(0.E0)),(PARAMETER_VALUE(1.E0)),
.T.,.UNSPECIFIED.);
#6026=COMPOSITE_CURVE_SEGMENT(.CONTINUOUS.,.T.,#6025);
#6027=DIRECTION('',(-7.723596765886E-2,-9.970128410907E-1));
#6028=VECTOR('',#6027,5.127071923894E-2);
#6029=CARTESIAN_POINT('',(1.368681945947E1,6.794296083985E0));
#6030=LINE('',#6029,#6028);
#6031=TRIMMED_CURVE('',#6030,(PARAMETER_VALUE(0.E0)),(PARAMETER_VALUE(1.E0)),
.T.,.UNSPECIFIED.);
#6032=COMPOSITE_CURVE_SEGMENT(.CONTINUOUS.,.T.,#6031);
#6033=DIRECTION('',(4.834223214042E-2,-9.988308308176E-1));
#6034=VECTOR('',#6033,4.995137490641E-2);
#6035=CARTESIAN_POINT('',(1.368285951586E1,6.743178518532E0));
#6036=LINE('',#6035,#6034);
#6037=TRIMMED_CURVE('',#6036,(PARAMETER_VALUE(0.E0)),(PARAMETER_VALUE(1.E0)),
.T.,.UNSPECIFIED.);
#6038=COMPOSITE_CURVE_SEGMENT(.CONTINUOUS.,.T.,#6037);
#6039=DIRECTION('',(1.759324217089E-1,-9.844022465393E-1));
#6040=VECTOR('',#6039,4.884225470264E-2);
#6041=CARTESIAN_POINT('',(1.368527427682E1,6.693285545234E0));
#6042=LINE('',#6041,#6040);
#6043=TRIMMED_CURVE('',#6042,(PARAMETER_VALUE(0.E0)),(PARAMETER_VALUE(1.E0)),
.T.,.UNSPECIFIED.);
#6044=COMPOSITE_CURVE_SEGMENT(.CONTINUOUS.,.T.,#6043);
#6045=DIRECTION('',(3.028979955468E-1,-9.530229820386E-1));
#6046=VECTOR('',#6045,4.798780552471E-2);
#6047=CARTESIAN_POINT('',(1.369386721297E1,6.645205119979E0));
#6048=LINE('',#6047,#6046);
#6049=TRIMMED_CURVE('',#6048,(PARAMETER_VALUE(0.E0)),(PARAMETER_VALUE(1.E0)),
.T.,.UNSPECIFIED.);
#6050=COMPOSITE_CURVE_SEGMENT(.CONTINUOUS.,.T.,#6049);
#6051=DIRECTION('',(4.262949090445E-1,-9.045842418055E-1));
#6052=VECTOR('',#6051,4.744270632713E-2);
#6053=CARTESIAN_POINT('',(1.370840262307E1,6.599471638456E0));
#6054=LINE('',#6053,#6052);
#6055=TRIMMED_CURVE('',#6054,(PARAMETER_VALUE(0.E0)),(PARAMETER_VALUE(1.E0)),
.T.,.UNSPECIFIED.);
#6056=COMPOSITE_CURVE_SEGMENT(.CONTINUOUS.,.T.,#6055);
#6057=DIRECTION('',(5.430145842900E-1,-8.397232646821E-1));
#6058=VECTOR('',#6057,4.726617642581E-2);
#6059=CARTESIAN_POINT('',(1.372862720725E1,6.556555713924E0));
#6060=LINE('',#6059,#6058);
#6061=TRIMMED_CURVE('',#6060,(PARAMETER_VALUE(0.E0)),(PARAMETER_VALUE(1.E0)),
.T.,.UNSPECIFIED.);
#6062=COMPOSITE_CURVE_SEGMENT(.CONTINUOUS.,.T.,#6061);
#6063=DIRECTION('',(6.500145269939E-1,-7.599217819598E-1));
#6064=VECTOR('',#6063,4.751653001943E-2);
#6065=CARTESIAN_POINT('',(1.375429343039E1,6.516865205946E0));
#6066=LINE('',#6065,#6064);
#6067=TRIMMED_CURVE('',#6066,(PARAMETER_VALUE(0.E0)),(PARAMETER_VALUE(1.E0)),
.T.,.UNSPECIFIED.);
#6068=COMPOSITE_CURVE_SEGMENT(.CONTINUOUS.,.T.,#6067);
#6069=DIRECTION('',(7.446113611763E-1,-6.674982552840E-1));
#6070=VECTOR('',#6069,4.824691093414E-2);
#6071=CARTESIAN_POINT('',(1.378517986518E1,6.480756359782E0));
#6072=LINE('',#6071,#6070);
#6073=TRIMMED_CURVE('',#6072,(PARAMETER_VALUE(0.E0)),(PARAMETER_VALUE(1.E0)),
.T.,.UNSPECIFIED.);
#6074=COMPOSITE_CURVE_SEGMENT(.CONTINUOUS.,.T.,#6073);
#6075=DIRECTION('',(8.247752666798E-1,-5.654606612960E-1));
#6076=VECTOR('',#6075,4.950259585913E-2);
#6077=CARTESIAN_POINT('',(1.382110506320E1,6.448551630910E0));
#6078=LINE('',#6077,#6076);
#6079=TRIMMED_CURVE('',#6078,(PARAMETER_VALUE(0.E0)),(PARAMETER_VALUE(1.E0)),
.T.,.UNSPECIFIED.);
#6080=COMPOSITE_CURVE_SEGMENT(.CONTINUOUS.,.T.,#6079);
#6081=DIRECTION('',(8.949326090448E-1,-4.462013281784E-1));
#6082=VECTOR('',#6081,4.369100912374E-2);
#6083=CARTESIAN_POINT('',(1.386193357990E1,6.420559860320E0));
#6084=LINE('',#6083,#6082);
#6085=TRIMMED_CURVE('',#6084,(PARAMETER_VALUE(0.E0)),(PARAMETER_VALUE(1.E0)),
.T.,.UNSPECIFIED.);
#6086=COMPOSITE_CURVE_SEGMENT(.CONTINUOUS.,.T.,#6085);
#6087=DIRECTION('',(9.404097530793E-1,-3.400433741648E-1));
#6088=VECTOR('',#6087,5.562698859255E-2);
#6089=CARTESIAN_POINT('',(1.390103408869E1,6.401064874019E0));
#6090=LINE('',#6089,#6088);
#6091=TRIMMED_CURVE('',#6090,(PARAMETER_VALUE(0.E0)),(PARAMETER_VALUE(1.E0)),
.T.,.UNSPECIFIED.);
#6092=COMPOSITE_CURVE_SEGMENT(.CONTINUOUS.,.T.,#6091);
#6093=DIRECTION('',(9.667186107591E-1,-2.558419973576E-1));
#6094=VECTOR('',#6093,7.206713084693E-2);
#6095=CARTESIAN_POINT('',(1.395334625130E1,6.382149285124E0));
#6096=LINE('',#6095,#6094);
#6097=TRIMMED_CURVE('',#6096,(PARAMETER_VALUE(0.E0)),(PARAMETER_VALUE(1.E0)),
.T.,.UNSPECIFIED.);
#6098=COMPOSITE_CURVE_SEGMENT(.CONTINUOUS.,.T.,#6097);
#6099=DIRECTION('',(9.813820125470E-1,-1.920659924328E-1));
#6100=VECTOR('',#6099,9.537244760231E-2);
#6101=CARTESIAN_POINT('',(1.402301488791E1,6.363711486424E0));
#6102=LINE('',#6101,#6100);
#6103=TRIMMED_CURVE('',#6102,(PARAMETER_VALUE(0.E0)),(PARAMETER_VALUE(1.E0)),
.T.,.UNSPECIFIED.);
#6104=COMPOSITE_CURVE_SEGMENT(.CONTINUOUS.,.T.,#6103);
#6105=DIRECTION('',(9.891017861940E-1,-1.472333404761E-1));
#6106=VECTOR('',#6105,1.319416061582E-1);
#6107=CARTESIAN_POINT('',(1.411661169248E1,6.345393682624E0));
#6108=LINE('',#6107,#6106);
#6109=TRIMMED_CURVE('',#6108,(PARAMETER_VALUE(0.E0)),(PARAMETER_VALUE(1.E0)),
.T.,.UNSPECIFIED.);
#6110=COMPOSITE_CURVE_SEGMENT(.CONTINUOUS.,.T.,#6109);
#6111=DIRECTION('',(9.924167219498E-1,-1.229188756640E-1));
#6112=VECTOR('',#6111,2.103394630129E-1);
#6113=CARTESIAN_POINT('',(1.424711537081E1,6.325967479202E0));
#6114=LINE('',#6113,#6112);
#6115=TRIMMED_CURVE('',#6114,(PARAMETER_VALUE(0.E0)),(PARAMETER_VALUE(1.E0)),
.T.,.UNSPECIFIED.);
#6116=COMPOSITE_CURVE_SEGMENT(.CONTINUOUS.,.T.,#6115);
#6117=DIRECTION('',(9.926425272235E-1,-1.210818448296E-1));
#6118=VECTOR('',#6117,4.482628072723E-2);
#6119=CARTESIAN_POINT('',(1.445585977119E1,6.300112788901E0));
#6120=LINE('',#6119,#6118);
#6121=TRIMMED_CURVE('',#6120,(PARAMETER_VALUE(0.E0)),(PARAMETER_VALUE(1.E0)),
.T.,.UNSPECIFIED.);
#6122=COMPOSITE_CURVE_SEGMENT(.CONTINUOUS.,.T.,#6121);
#6123=DIRECTION('',(9.913854022534E-1,-1.309770369144E-1));
#6124=VECTOR('',#6123,1.968821870090E-1);
#6125=CARTESIAN_POINT('',(1.450035624377E1,6.294685140133E0));
#6126=LINE('',#6125,#6124);
#6127=TRIMMED_CURVE('',#6126,(PARAMETER_VALUE(0.E0)),(PARAMETER_VALUE(1.E0)),
.T.,.UNSPECIFIED.);
#6128=COMPOSITE_CURVE_SEGMENT(.CONTINUOUS.,.T.,#6127);
#6129=DIRECTION('',(9.874567829732E-1,-1.578895239091E-1));
#6130=VECTOR('',#6129,1.634015963455E-1);
#6131=CARTESIAN_POINT('',(1.469554236994E1,6.268898094658E0));
#6132=LINE('',#6131,#6130);
#6133=TRIMMED_CURVE('',#6132,(PARAMETER_VALUE(0.E0)),(PARAMETER_VALUE(1.E0)),
.T.,.UNSPECIFIED.);
#6134=COMPOSITE_CURVE_SEGMENT(.CONTINUOUS.,.T.,#6133);
#6135=DIRECTION('',(9.812222666568E-1,-1.928804381395E-1));
#6136=VECTOR('',#6135,1.438930496823E-1);
#6137=CARTESIAN_POINT('',(1.485689438460E1,6.243098694405E0));
#6138=LINE('',#6137,#6136);
#6139=TRIMMED_CURVE('',#6138,(PARAMETER_VALUE(0.E0)),(PARAMETER_VALUE(1.E0)),
.T.,.UNSPECIFIED.);
#6140=COMPOSITE_CURVE_SEGMENT(.CONTINUOUS.,.T.,#6139);
#6141=DIRECTION('',(9.723436416373E-1,-2.335547956424E-1));
#6142=VECTOR('',#6141,1.298288673059E-1);
#6143=CARTESIAN_POINT('',(1.499808544896E1,6.215344539937E0));
#6144=LINE('',#6143,#6142);
#6145=TRIMMED_CURVE('',#6144,(PARAMETER_VALUE(0.E0)),(PARAMETER_VALUE(1.E0)),
.T.,.UNSPECIFIED.);
#6146=COMPOSITE_CURVE_SEGMENT(.CONTINUOUS.,.T.,#6145);
#6147=DIRECTION('',(9.603204621278E-1,-2.788989243769E-1));
#6148=VECTOR('',#6147,1.187192446224E-1);
#6149=CARTESIAN_POINT('',(1.512432372259E1,6.185022385365E0));
#6150=LINE('',#6149,#6148);
#6151=TRIMMED_CURVE('',#6150,(PARAMETER_VALUE(0.E0)),(PARAMETER_VALUE(1.E0)),
.T.,.UNSPECIFIED.);
#6152=COMPOSITE_CURVE_SEGMENT(.CONTINUOUS.,.T.,#6151);
#6153=DIRECTION('',(9.445809562041E-1,-3.282785664289E-1));
#6154=VECTOR('',#6153,1.095613515334E-1);
#6155=CARTESIAN_POINT('',(1.523833224245E1,6.151911715737E0));
#6156=LINE('',#6155,#6154);
#6157=TRIMMED_CURVE('',#6156,(PARAMETER_VALUE(0.E0)),(PARAMETER_VALUE(1.E0)),
.T.,.UNSPECIFIED.);
#6158=COMPOSITE_CURVE_SEGMENT(.CONTINUOUS.,.T.,#6157);
#6159=DIRECTION('',(9.245165016516E-1,-3.811420183788E-1));
#6160=VECTOR('',#6159,1.018726380009E-1);
#6161=CARTESIAN_POINT('',(1.534182180864E1,6.115945072319E0));
#6162=LINE('',#6161,#6160);
#6163=TRIMMED_CURVE('',#6162,(PARAMETER_VALUE(0.E0)),(PARAMETER_VALUE(1.E0)),
.T.,.UNSPECIFIED.);
#6164=COMPOSITE_CURVE_SEGMENT(.CONTINUOUS.,.T.,#6163);
#6165=DIRECTION('',(8.995148819673E-1,-4.368901201898E-1));
#6166=VECTOR('',#6165,9.539261527694E-2);
#6167=CARTESIAN_POINT('',(1.543600474354E1,6.077117129454E0));
#6168=LINE('',#6167,#6166);
#6169=TRIMMED_CURVE('',#6168,(PARAMETER_VALUE(0.E0)),(PARAMETER_VALUE(1.E0)),
.T.,.UNSPECIFIED.);
#6170=COMPOSITE_CURVE_SEGMENT(.CONTINUOUS.,.T.,#6169);
#6171=DIRECTION('',(8.690028870974E-1,-4.948070151244E-1));
#6172=VECTOR('',#6171,8.996895315027E-2);
#6173=CARTESIAN_POINT('',(1.552181182061E1,6.035441038300E0));
#6174=LINE('',#6173,#6172);
#6175=TRIMMED_CURVE('',#6174,(PARAMETER_VALUE(0.E0)),(PARAMETER_VALUE(1.E0)),
.T.,.UNSPECIFIED.);
#6176=COMPOSITE_CURVE_SEGMENT(.CONTINUOUS.,.T.,#6175);
#6177=DIRECTION('',(8.325001919222E-1,-5.540247561702E-1));
#6178=VECTOR('',#6177,8.550742433589E-2);
#6179=CARTESIAN_POINT('',(1.559999510065E1,5.990923769138E0));
#6180=LINE('',#6179,#6178);
#6181=TRIMMED_CURVE('',#6180,(PARAMETER_VALUE(0.E0)),(PARAMETER_VALUE(1.E0)),
.T.,.UNSPECIFIED.);
#6182=COMPOSITE_CURVE_SEGMENT(.CONTINUOUS.,.T.,#6181);
#6183=DIRECTION('',(7.896819339874E-1,-6.135164571011E-1));
#6184=VECTOR('',#6183,8.194761667412E-2);
#6185=CARTESIAN_POINT('',(1.567118004782E1,5.943550539220E0));
#6186=LINE('',#6185,#6184);
#6187=TRIMMED_CURVE('',#6186,(PARAMETER_VALUE(0.E0)),(PARAMETER_VALUE(1.E0)),
.T.,.UNSPECIFIED.);
#6188=COMPOSITE_CURVE_SEGMENT(.CONTINUOUS.,.T.,#6187);
#6189=DIRECTION('',(7.404431748101E-1,-6.721189663127E-1));
#6190=VECTOR('',#6189,7.925024751001E-2);
#6191=CARTESIAN_POINT('',(1.573589260024E1,5.893274327770E0));
#6192=LINE('',#6191,#6190);
#6193=TRIMMED_CURVE('',#6192,(PARAMETER_VALUE(0.E0)),(PARAMETER_VALUE(1.E0)),
.T.,.UNSPECIFIED.);
#6194=COMPOSITE_CURVE_SEGMENT(.CONTINUOUS.,.T.,#6193);
#6195=DIRECTION('',(6.849545755538E-1,-7.285857735558E-1));
#6196=VECTOR('',#6195,7.739014049858E-2);
#6197=CARTESIAN_POINT('',(1.579457290511E1,5.840008733334E0));
#6198=LINE('',#6197,#6196);
#6199=TRIMMED_CURVE('',#6198,(PARAMETER_VALUE(0.E0)),(PARAMETER_VALUE(1.E0)),
.T.,.UNSPECIFIED.);
#6200=COMPOSITE_CURVE_SEGMENT(.CONTINUOUS.,.T.,#6199);
#6201=DIRECTION('',(6.236964826775E-1,-7.816666153135E-1));
#6202=VECTOR('',#6201,7.635213433603E-2);
#6203=CARTESIAN_POINT('',(1.584758163595E1,5.783623377953E0));
#6204=LINE('',#6203,#6202);
#6205=TRIMMED_CURVE('',#6204,(PARAMETER_VALUE(0.E0)),(PARAMETER_VALUE(1.E0)),
.T.,.UNSPECIFIED.);
#6206=COMPOSITE_CURVE_SEGMENT(.CONTINUOUS.,.T.,#6205);
#6207=DIRECTION('',(5.574598052990E-1,-8.302039300533E-1));
#6208=VECTOR('',#6207,7.612857574375E-2);
#6209=CARTESIAN_POINT('',(1.589520219358E1,5.723941463534E0));
#6210=LINE('',#6209,#6208);
#6211=TRIMMED_CURVE('',#6210,(PARAMETER_VALUE(0.E0)),(PARAMETER_VALUE(1.E0)),
.T.,.UNSPECIFIED.);
#6212=COMPOSITE_CURVE_SEGMENT(.CONTINUOUS.,.T.,#6211);
#6213=DIRECTION('',(4.873074076345E-1,-8.732304910300E-1));
#6214=VECTOR('',#6213,7.671769628302E-2);
#6215=CARTESIAN_POINT('',(1.593764081459E1,5.660739220763E0));
#6216=LINE('',#6215,#6214);
#6217=TRIMMED_CURVE('',#6216,(PARAMETER_VALUE(0.E0)),(PARAMETER_VALUE(1.E0)),
.T.,.UNSPECIFIED.);
#6218=COMPOSITE_CURVE_SEGMENT(.CONTINUOUS.,.T.,#6217);
#6219=DIRECTION('',(4.144983635999E-1,-9.100500571798E-1));
#6220=VECTOR('',#6219,7.812249743346E-2);
#6221=CARTESIAN_POINT('',(1.597502591629E1,5.593746989167E0));
#6222=LINE('',#6221,#6220);
#6223=TRIMMED_CURVE('',#6222,(PARAMETER_VALUE(0.E0)),(PARAMETER_VALUE(1.E0)),
.T.,.UNSPECIFIED.);
#6224=COMPOSITE_CURVE_SEGMENT(.CONTINUOUS.,.T.,#6223);
#6225=DIRECTION('',(3.403866076847E-1,-9.402855722114E-1));
#6226=VECTOR('',#6225,8.034994015100E-2);
#6227=CARTESIAN_POINT('',(1.600740756363E1,5.522651605910E0));
#6228=LINE('',#6227,#6226);
#6229=TRIMMED_CURVE('',#6228,(PARAMETER_VALUE(0.E0)),(PARAMETER_VALUE(1.E0)),
.T.,.UNSPECIFIED.);
#6230=COMPOSITE_CURVE_SEGMENT(.CONTINUOUS.,.T.,#6229);
#6231=DIRECTION('',(2.663117880795E-1,-9.638869391842E-1));
#6232=VECTOR('',#6231,8.341032811906E-2);
#6233=CARTESIAN_POINT('',(1.603475760719E1,5.447099716458E0));
#6234=LINE('',#6233,#6232);
#6235=TRIMMED_CURVE('',#6234,(PARAMETER_VALUE(0.E0)),(PARAMETER_VALUE(1.E0)),
.T.,.UNSPECIFIED.);
#6236=COMPOSITE_CURVE_SEGMENT(.CONTINUOUS.,.T.,#6235);
#6237=DIRECTION('',(1.935254228060E-1,-9.810952607814E-1));
#6238=VECTOR('',#6237,8.725662577325E-2);
#6239=CARTESIAN_POINT('',(1.605697076081E1,5.366701590591E0));
#6240=LINE('',#6239,#6238);
#6241=TRIMMED_CURVE('',#6240,(PARAMETER_VALUE(0.E0)),(PARAMETER_VALUE(1.E0)),
.T.,.UNSPECIFIED.);
#6242=COMPOSITE_CURVE_SEGMENT(.CONTINUOUS.,.T.,#6241);
#6243=DIRECTION('',(1.261942451879E-1,-9.920055506304E-1));
#6244=VECTOR('',#6243,9.672039229055E-2);
#6245=CARTESIAN_POINT('',(1.607385713621E1,5.281094528573E0));
#6246=LINE('',#6245,#6244);
#6247=TRIMMED_CURVE('',#6246,(PARAMETER_VALUE(0.E0)),(PARAMETER_VALUE(1.E0)),
.T.,.UNSPECIFIED.);
#6248=COMPOSITE_CURVE_SEGMENT(.CONTINUOUS.,.T.,#6247);
#6249=DIRECTION('',(6.484219315333E-2,-9.978955305978E-1));
#6250=VECTOR('',#6249,1.033645077455E-1);
#6251=CARTESIAN_POINT('',(1.608606269311E1,5.185147362562E0));
#6252=LINE('',#6251,#6250);
#6253=TRIMMED_CURVE('',#6252,(PARAMETER_VALUE(0.E0)),(PARAMETER_VALUE(1.E0)),
.T.,.UNSPECIFIED.);
#6254=COMPOSITE_CURVE_SEGMENT(.CONTINUOUS.,.T.,#6253);
#6255=DIRECTION('',(6.886304404622E-3,-9.999762891247E-1));
#6256=VECTOR('',#6255,1.098442180208E-1);
#6257=CARTESIAN_POINT('',(1.609276507448E1,5.082000382260E0));
#6258=LINE('',#6257,#6256);
#6259=TRIMMED_CURVE('',#6258,(PARAMETER_VALUE(0.E0)),(PARAMETER_VALUE(1.E0)),
.T.,.UNSPECIFIED.);
#6260=COMPOSITE_CURVE_SEGMENT(.CONTINUOUS.,.T.,#6259);
#6261=DIRECTION('',(-4.807173544914E-2,-9.988438858255E-1));
#6262=VECTOR('',#6261,1.158856642107E-1);
#6263=CARTESIAN_POINT('',(1.609352149521E1,4.972158768742E0));
#6264=LINE('',#6263,#6262);
#6265=TRIMMED_CURVE('',#6264,(PARAMETER_VALUE(0.E0)),(PARAMETER_VALUE(1.E0)),
.T.,.UNSPECIFIED.);
#6266=COMPOSITE_CURVE_SEGMENT(.CONTINUOUS.,.T.,#6265);
#6267=DIRECTION('',(-1.004941193783E-1,-9.949376523031E-1));
#6268=VECTOR('',#6267,1.211957377504E-1);
#6269=CARTESIAN_POINT('',(1.608795067021E1,4.856407081590E0));
#6270=LINE('',#6269,#6268);
#6271=TRIMMED_CURVE('',#6270,(PARAMETER_VALUE(0.E0)),(PARAMETER_VALUE(1.E0)),
.T.,.UNSPECIFIED.);
#6272=COMPOSITE_CURVE_SEGMENT(.CONTINUOUS.,.T.,#6271);
#6273=DIRECTION('',(-1.508759332312E-1,-9.885527061172E-1));
#6274=VECTOR('',#6273,1.254843815599E-1);
#6275=CARTESIAN_POINT('',(1.607577121128E1,4.735824878804E0));
#6276=LINE('',#6275,#6274);
#6277=TRIMMED_CURVE('',#6276,(PARAMETER_VALUE(0.E0)),(PARAMETER_VALUE(1.E0)),
.T.,.UNSPECIFIED.);
#6278=COMPOSITE_CURVE_SEGMENT(.CONTINUOUS.,.T.,#6277);
#6279=DIRECTION('',(-1.997228116780E-1,-9.798524371024E-1));
#6280=VECTOR('',#6279,1.284940836355E-1);
#6281=CARTESIAN_POINT('',(1.605683863810E1,4.611776953837E0));
#6282=LINE('',#6281,#6280);
#6283=TRIMMED_CURVE('',#6282,(PARAMETER_VALUE(0.E0)),(PARAMETER_VALUE(1.E0)),
.T.,.UNSPECIFIED.);
#6284=COMPOSITE_CURVE_SEGMENT(.CONTINUOUS.,.T.,#6283);
#6285=DIRECTION('',(-2.450220821162E-1,-9.695174981791E-1));
#6286=VECTOR('',#6285,1.162747126967E-1);
#6287=CARTESIAN_POINT('',(1.603117543844E1,4.485871712834E0));
#6288=LINE('',#6287,#6286);
#6289=TRIMMED_CURVE('',#6288,(PARAMETER_VALUE(0.E0)),(PARAMETER_VALUE(1.E0)),
.T.,.UNSPECIFIED.);
#6290=COMPOSITE_CURVE_SEGMENT(.CONTINUOUS.,.T.,#6289);
#6291=DIRECTION('',(-2.896650207542E-1,-9.571280874321E-1));
#6292=VECTOR('',#6291,1.292743429704E-1);
#6293=CARTESIAN_POINT('',(1.600268556623E1,4.373141344279E0));
#6294=LINE('',#6293,#6292);
#6295=TRIMMED_CURVE('',#6294,(PARAMETER_VALUE(0.E0)),(PARAMETER_VALUE(1.E0)),
.T.,.UNSPECIFIED.);
#6296=COMPOSITE_CURVE_SEGMENT(.CONTINUOUS.,.T.,#6295);
#6297=DIRECTION('',(-3.363632414497E-1,-9.417323238593E-1));
#6298=VECTOR('',#6297,1.270713897391E-1);
#6299=CARTESIAN_POINT('',(1.596523931099E1,4.249409239638E0));
#6300=LINE('',#6299,#6298);
#6301=TRIMMED_CURVE('',#6300,(PARAMETER_VALUE(0.E0)),(PARAMETER_VALUE(1.E0)),
.T.,.UNSPECIFIED.);
#6302=COMPOSITE_CURVE_SEGMENT(.CONTINUOUS.,.T.,#6301);
#6303=DIRECTION('',(-3.830202607512E-1,-9.237399416795E-1));
#6304=VECTOR('',#6303,1.235691760025E-1);
#6305=CARTESIAN_POINT('',(1.592249716645E1,4.129742004483E0));
#6306=LINE('',#6305,#6304);
#6307=TRIMMED_CURVE('',#6306,(PARAMETER_VALUE(0.E0)),(PARAMETER_VALUE(1.E0)),
.T.,.UNSPECIFIED.);
#6308=COMPOSITE_CURVE_SEGMENT(.CONTINUOUS.,.T.,#6307);
#6309=DIRECTION('',(-4.299911843925E-1,-9.028330860933E-1));
#6310=VECTOR('',#6309,1.190113251632E-1);
#6311=CARTESIAN_POINT('',(1.587516766843E1,4.015596221049E0));
#6312=LINE('',#6311,#6310);
#6313=TRIMMED_CURVE('',#6312,(PARAMETER_VALUE(0.E0)),(PARAMETER_VALUE(1.E0)),
.T.,.UNSPECIFIED.);
#6314=COMPOSITE_CURVE_SEGMENT(.CONTINUOUS.,.T.,#6313);
#6315=DIRECTION('',(-4.775552376642E-1,-8.786017271662E-1));
#6316=VECTOR('',#6315,1.136722984685E-1);
#6317=CARTESIAN_POINT('',(1.582399384777E1,3.908148859071E0));
#6318=LINE('',#6317,#6316);
#6319=TRIMMED_CURVE('',#6318,(PARAMETER_VALUE(0.E0)),(PARAMETER_VALUE(1.E0)),
.T.,.UNSPECIFIED.);
#6320=COMPOSITE_CURVE_SEGMENT(.CONTINUOUS.,.T.,#6319);
#6321=DIRECTION('',(-5.258976633523E-1,-8.505478514937E-1));
#6322=VECTOR('',#6321,1.078296701403E-1);
#6323=CARTESIAN_POINT('',(1.576970904626E1,3.808276181306E0));
#6324=LINE('',#6323,#6322);
#6325=TRIMMED_CURVE('',#6324,(PARAMETER_VALUE(0.E0)),(PARAMETER_VALUE(1.E0)),
.T.,.UNSPECIFIED.);
#6326=COMPOSITE_CURVE_SEGMENT(.CONTINUOUS.,.T.,#6325);
#6327=DIRECTION('',(-5.750867596582E-1,-8.180924268479E-1));
#6328=VECTOR('',#6327,1.017435659929E-1);
#6329=CARTESIAN_POINT('',(1.571300167469E1,3.716561887041E0));
#6330=LINE('',#6329,#6328);
#6331=TRIMMED_CURVE('',#6330,(PARAMETER_VALUE(0.E0)),(PARAMETER_VALUE(1.E0)),
.T.,.UNSPECIFIED.);
#6332=COMPOSITE_CURVE_SEGMENT(.CONTINUOUS.,.T.,#6331);
#6333=DIRECTION('',(-6.250454502718E-1,-7.805883582878E-1));
#6334=VECTOR('',#6333,9.564413929816E-2);
#6335=CARTESIAN_POINT('',(1.565449029701E1,3.633326246222E0));
#6336=LINE('',#6335,#6334);
#6337=TRIMMED_CURVE('',#6336,(PARAMETER_VALUE(0.E0)),(PARAMETER_VALUE(1.E0)),
.T.,.UNSPECIFIED.);
#6338=COMPOSITE_CURVE_SEGMENT(.CONTINUOUS.,.T.,#6337);
#6339=DIRECTION('',(-6.755179263717E-1,-7.373435638496E-1));
#6340=VECTOR('',#6339,8.972605977055E-2);
#6341=CARTESIAN_POINT('',(1.559470836290E1,3.558667544547E0));
#6342=LINE('',#6341,#6340);
#6343=TRIMMED_CURVE('',#6342,(PARAMETER_VALUE(0.E0)),(PARAMETER_VALUE(1.E0)),
.T.,.UNSPECIFIED.);
#6344=COMPOSITE_CURVE_SEGMENT(.CONTINUOUS.,.T.,#6343);
#6345=DIRECTION('',(-7.048911186619E-1,-7.093155227623E-1));
#6346=VECTOR('',#6345,4.681570692060E-2);
#6347=CARTESIAN_POINT('',(1.553409680106E1,3.492508611866E0));
#6348=LINE('',#6347,#6346);
#6349=TRIMMED_CURVE('',#6348,(PARAMETER_VALUE(0.E0)),(PARAMETER_VALUE(1.E0)),
.T.,.UNSPECIFIED.);
#6350=COMPOSITE_CURVE_SEGMENT(.CONTINUOUS.,.T.,#6349);
#6351=DIRECTION('',(-7.171365013748E-1,-6.969327359192E-1));
#6352=VECTOR('',#6351,1.605511211506E-1);
#6353=CARTESIAN_POINT('',(1.550109682504E1,3.459301504238E0));
#6354=LINE('',#6353,#6352);
#6355=TRIMMED_CURVE('',#6354,(PARAMETER_VALUE(0.E0)),(PARAMETER_VALUE(1.E0)),
.T.,.UNSPECIFIED.);
#6356=COMPOSITE_CURVE_SEGMENT(.CONTINUOUS.,.T.,#6355);
#6357=DIRECTION('',(-7.428652094726E-1,-6.694410209684E-1));
#6358=VECTOR('',#6357,1.332984917095E-1);
#6359=CARTESIAN_POINT('',(1.538595975572E1,3.347408172119E0));
#6360=LINE('',#6359,#6358);
#6361=TRIMMED_CURVE('',#6360,(PARAMETER_VALUE(0.E0)),(PARAMETER_VALUE(1.E0)),
.T.,.UNSPECIFIED.);
#6362=COMPOSITE_CURVE_SEGMENT(.CONTINUOUS.,.T.,#6361);
#6363=DIRECTION('',(-7.730041480370E-1,-6.344009671474E-1));
#6364=VECTOR('',#6363,1.200375543006E-1);
#6365=CARTESIAN_POINT('',(1.528693694376E1,3.258172693736E0));
#6366=LINE('',#6365,#6364);
#6367=TRIMMED_CURVE('',#6366,(PARAMETER_VALUE(0.E0)),(PARAMETER_VALUE(1.E0)),
.T.,.UNSPECIFIED.);
#6368=COMPOSITE_CURVE_SEGMENT(.CONTINUOUS.,.T.,#6367);
#6369=DIRECTION('',(-8.047506887700E-1,-5.936129453813E-1));
#6370=VECTOR('',#6369,1.143997346440E-1);
#6371=CARTESIAN_POINT('',(1.519414741636E1,3.182020753193E0));
#6372=LINE('',#6371,#6370);
#6373=TRIMMED_CURVE('',#6372,(PARAMETER_VALUE(0.E0)),(PARAMETER_VALUE(1.E0)),
.T.,.UNSPECIFIED.);
#6374=COMPOSITE_CURVE_SEGMENT(.CONTINUOUS.,.T.,#6373);
#6375=DIRECTION('',(-8.358256916591E-1,-5.489949117820E-1));
#6376=VECTOR('',#6375,1.140517910193E-1);
#6377=CARTESIAN_POINT('',(1.510208415111E1,3.114111589761E0));
#6378=LINE('',#6377,#6376);
#6379=TRIMMED_CURVE('',#6378,(PARAMETER_VALUE(0.E0)),(PARAMETER_VALUE(1.E0)),
.T.,.UNSPECIFIED.);
#6380=COMPOSITE_CURVE_SEGMENT(.CONTINUOUS.,.T.,#6379);
#6381=DIRECTION('',(-8.645296223343E-1,-5.025818660741E-1));
#6382=VECTOR('',#6381,1.181292792098E-1);
#6383=CARTESIAN_POINT('',(1.500675673400E1,3.051497736811E0));
#6384=LINE('',#6383,#6382);
#6385=TRIMMED_CURVE('',#6384,(PARAMETER_VALUE(0.E0)),(PARAMETER_VALUE(1.E0)),
.T.,.UNSPECIFIED.);
#6386=COMPOSITE_CURVE_SEGMENT(.CONTINUOUS.,.T.,#6385);
#6387=DIRECTION('',(-8.896881133772E-1,-4.565687910002E-1));
#6388=VECTOR('',#6387,1.253128238560E-1);
#6389=CARTESIAN_POINT('',(1.490463047286E1,2.992128103228E0));
#6390=LINE('',#6389,#6388);
#6391=TRIMMED_CURVE('',#6390,(PARAMETER_VALUE(0.E0)),(PARAMETER_VALUE(1.E0)),
.T.,.UNSPECIFIED.);
#6392=COMPOSITE_CURVE_SEGMENT(.CONTINUOUS.,.T.,#6391);
#6393=DIRECTION('',(-9.107480436488E-1,-4.129624692268E-1));
#6394=VECTOR('',#6393,1.360362161977E-1);
#6395=CARTESIAN_POINT('',(1.479314114302E1,2.934914178743E0));
#6396=LINE('',#6395,#6394);
#6397=TRIMMED_CURVE('',#6396,(PARAMETER_VALUE(0.E0)),(PARAMETER_VALUE(1.E0)),
.T.,.UNSPECIFIED.);
#6398=COMPOSITE_CURVE_SEGMENT(.CONTINUOUS.,.T.,#6397);
#6399=DIRECTION('',(-9.278127655620E-1,-3.730462063341E-1));
#6400=VECTOR('',#6399,1.514935804786E-1);
#6401=CARTESIAN_POINT('',(1.466924642525E1,2.878736326998E0));
#6402=LINE('',#6401,#6400);
#6403=TRIMMED_CURVE('',#6402,(PARAMETER_VALUE(0.E0)),(PARAMETER_VALUE(1.E0)),
.T.,.UNSPECIFIED.);
#6404=COMPOSITE_CURVE_SEGMENT(.CONTINUOUS.,.T.,#6403);
#6405=DIRECTION('',(-9.445988411273E-1,-3.282271002538E-1));
#6406=VECTOR('',#6405,1.239703070294E-1);
#6407=CARTESIAN_POINT('',(1.452868874738E1,2.822222221517E0));
#6408=LINE('',#6407,#6406);
#6409=TRIMMED_CURVE('',#6408,(PARAMETER_VALUE(0.E0)),(PARAMETER_VALUE(1.E0)),
.T.,.UNSPECIFIED.);
#6410=COMPOSITE_CURVE_SEGMENT(.CONTINUOUS.,.T.,#6409);
#6411=DIRECTION('',(-9.592634615941E-1,-2.825130284615E-1));
#6412=VECTOR('',#6411,1.330428834116E-1);
#6413=CARTESIAN_POINT('',(1.441158653903E1,2.781531807123E0));
#6414=LINE('',#6413,#6412);
#6415=TRIMMED_CURVE('',#6414,(PARAMETER_VALUE(0.E0)),(PARAMETER_VALUE(1.E0)),
.T.,.UNSPECIFIED.);
#6416=COMPOSITE_CURVE_SEGMENT(.CONTINUOUS.,.T.,#6415);
#6417=DIRECTION('',(-9.710192311273E-1,-2.390013656468E-1));
#6418=VECTOR('',#6417,1.416764085202E-1);
#6419=CARTESIAN_POINT('',(1.428396336214E1,2.743945459215E0));
#6420=LINE('',#6419,#6418);
#6421=TRIMMED_CURVE('',#6420,(PARAMETER_VALUE(0.E0)),(PARAMETER_VALUE(1.E0)),
.T.,.UNSPECIFIED.);
#6422=COMPOSITE_CURVE_SEGMENT(.CONTINUOUS.,.T.,#6421);
#6423=DIRECTION('',(-9.803367676951E-1,-1.973317559470E-1));
#6424=VECTOR('',#6423,1.495321906180E-1);
#6425=CARTESIAN_POINT('',(1.414639284487E1,2.710084604099E0));
#6426=LINE('',#6425,#6424);
#6427=TRIMMED_CURVE('',#6426,(PARAMETER_VALUE(0.E0)),(PARAMETER_VALUE(1.E0)),
.T.,.UNSPECIFIED.);
#6428=COMPOSITE_CURVE_SEGMENT(.CONTINUOUS.,.T.,#6427);
#6429=DIRECTION('',(-9.875797145946E-1,-1.571187682017E-1));
#6430=VECTOR('',#6429,1.562637283324E-1);
#6431=CARTESIAN_POINT('',(1.399980094046E1,2.680577154353E0));
#6432=LINE('',#6431,#6430);
#6433=TRIMMED_CURVE('',#6432,(PARAMETER_VALUE(0.E0)),(PARAMETER_VALUE(1.E0)),
.T.,.UNSPECIFIED.);
#6434=COMPOSITE_CURVE_SEGMENT(.CONTINUOUS.,.T.,#6433);
#6435=DIRECTION('',(-9.930178327474E-1,-1.179643329387E-1));
#6436=VECTOR('',#6435,1.615458857522E-1);
#6437=CARTESIAN_POINT('',(1.384547805223E1,2.656025189843E0));
#6438=LINE('',#6437,#6436);
#6439=TRIMMED_CURVE('',#6438,(PARAMETER_VALUE(0.E0)),(PARAMETER_VALUE(1.E0)),
.T.,.UNSPECIFIED.);
#6440=COMPOSITE_CURVE_SEGMENT(.CONTINUOUS.,.T.,#6439);
#6441=DIRECTION('',(-9.968376080029E-1,-7.946561061940E-2));
#6442=VECTOR('',#6441,1.651087999317E-1);
#6443=CARTESIAN_POINT('',(1.368506010687E1,2.636968537192E0));
#6444=LINE('',#6443,#6442);
#6445=TRIMMED_CURVE('',#6444,(PARAMETER_VALUE(0.E0)),(PARAMETER_VALUE(1.E0)),
.T.,.UNSPECIFIED.);
#6446=COMPOSITE_CURVE_SEGMENT(.CONTINUOUS.,.T.,#6445);
#6447=DIRECTION('',(-9.990997324629E-1,-4.242316103926E-2));
#6448=VECTOR('',#6447,1.562870144822E-1);
#6449=CARTESIAN_POINT('',(1.352047344569E1,2.623848065586E0));
#6450=LINE('',#6449,#6448);
#6451=TRIMMED_CURVE('',#6450,(PARAMETER_VALUE(0.E0)),(PARAMETER_VALUE(1.E0)),
.T.,.UNSPECIFIED.);
#6452=COMPOSITE_CURVE_SEGMENT(.CONTINUOUS.,.T.,#6451);
#6453=DIRECTION('',(-9.999853547526E-1,-5.412049553812E-3));
#6454=VECTOR('',#6453,1.651565623533E-1);
#6455=CARTESIAN_POINT('',(1.336432713133E1,2.617217876403E0));
#6456=LINE('',#6455,#6454);
#6457=TRIMMED_CURVE('',#6456,(PARAMETER_VALUE(0.E0)),(PARAMETER_VALUE(1.E0)),
.T.,.UNSPECIFIED.);
#6458=COMPOSITE_CURVE_SEGMENT(.CONTINUOUS.,.T.,#6457);
#6459=DIRECTION('',(-9.994543074067E-1,3.303161222441E-2));
#6460=VECTOR('',#6459,1.621706917769E-1);
#6461=CARTESIAN_POINT('',(1.319917298774E1,2.616324040903E0));
#6462=LINE('',#6461,#6460);
#6463=TRIMMED_CURVE('',#6462,(PARAMETER_VALUE(0.E0)),(PARAMETER_VALUE(1.E0)),
.T.,.UNSPECIFIED.);
#6464=COMPOSITE_CURVE_SEGMENT(.CONTINUOUS.,.T.,#6463);
#6465=DIRECTION('',(-9.973952026288E-1,7.213050514971E-2));
#6466=VECTOR('',#6465,1.576207184289E-1);
#6467=CARTESIAN_POINT('',(1.303709079130E1,2.621680800308E0));
#6468=LINE('',#6467,#6466);
#6469=TRIMMED_CURVE('',#6468,(PARAMETER_VALUE(0.E0)),(PARAMETER_VALUE(1.E0)),
.T.,.UNSPECIFIED.);
#6470=COMPOSITE_CURVE_SEGMENT(.CONTINUOUS.,.T.,#6469);
#6471=DIRECTION('',(-9.936804684061E-1,1.122458315854E-1));
#6472=VECTOR('',#6471,1.517902854003E-1);
#6473=CARTESIAN_POINT('',(1.287988064291E1,2.633050062350E0));
#6474=LINE('',#6473,#6472);
#6475=TRIMMED_CURVE('',#6474,(PARAMETER_VALUE(0.E0)),(PARAMETER_VALUE(1.E0)),
.T.,.UNSPECIFIED.);
#6476=COMPOSITE_CURVE_SEGMENT(.CONTINUOUS.,.T.,#6475);
#6477=DIRECTION('',(-9.881147362117E-1,1.537181449319E-1));
#6478=VECTOR('',#6477,1.449876282171E-1);
#6479=CARTESIAN_POINT('',(1.272904960101E1,2.650087889162E0));
#6480=LINE('',#6479,#6478);
#6481=TRIMMED_CURVE('',#6480,(PARAMETER_VALUE(0.E0)),(PARAMETER_VALUE(1.E0)),
.T.,.UNSPECIFIED.);
#6482=COMPOSITE_CURVE_SEGMENT(.CONTINUOUS.,.T.,#6481);
#6483=DIRECTION('',(-9.804311772104E-1,1.968621516541E-1));
#6484=VECTOR('',#6483,1.375191269011E-1);
#6485=CARTESIAN_POINT('',(1.258578518900E1,2.672375118409E0));
#6486=LINE('',#6485,#6484);
#6487=TRIMMED_CURVE('',#6486,(PARAMETER_VALUE(0.E0)),(PARAMETER_VALUE(1.E0)),
.T.,.UNSPECIFIED.);
#6488=COMPOSITE_CURVE_SEGMENT(.CONTINUOUS.,.T.,#6487);
#6489=DIRECTION('',(-9.702866021149E-1,2.419584876717E-1));
#6490=VECTOR('',#6489,1.296702169463E-1);
#6491=CARTESIAN_POINT('',(1.245095714953E1,2.699447429625E0));
#6492=LINE('',#6491,#6490);
#6493=TRIMMED_CURVE('',#6492,(PARAMETER_VALUE(0.E0)),(PARAMETER_VALUE(1.E0)),
.T.,.UNSPECIFIED.);
#6494=COMPOSITE_CURVE_SEGMENT(.CONTINUOUS.,.T.,#6493);
#6495=DIRECTION('',(-9.572562231064E-1,2.892412891068E-1));
#6496=VECTOR('',#6495,1.216938968725E-1);
#6497=CARTESIAN_POINT('',(1.232513987533E1,2.730822239213E0));
#6498=LINE('',#6497,#6496);
#6499=TRIMMED_CURVE('',#6498,(PARAMETER_VALUE(0.E0)),(PARAMETER_VALUE(1.E0)),
.T.,.UNSPECIFIED.);
#6500=COMPOSITE_CURVE_SEGMENT(.CONTINUOUS.,.T.,#6499);
#6501=DIRECTION('',(-9.408294848260E-1,3.388803335723E-1));
#6502=VECTOR('',#6501,1.138056604649E-1);
#6503=CARTESIAN_POINT('',(1.220864763523E1,2.766021138821E0));
#6504=LINE('',#6503,#6502);
#6505=TRIMMED_CURVE('',#6504,(PARAMETER_VALUE(0.E0)),(PARAMETER_VALUE(1.E0)),
.T.,.UNSPECIFIED.);
#6506=COMPOSITE_CURVE_SEGMENT(.CONTINUOUS.,.T.,#6505);
#6507=DIRECTION('',(-9.272913533682E-1,3.743404145541E-1));
#6508=VECTOR('',#6507,6.255931697318E-2);
#6509=CARTESIAN_POINT('',(1.210157591433E1,2.804587639002E0));
#6510=LINE('',#6509,#6508);
#6511=TRIMMED_CURVE('',#6510,(PARAMETER_VALUE(0.E0)),(PARAMETER_VALUE(1.E0)),
.T.,.UNSPECIFIED.);
#6512=COMPOSITE_CURVE_SEGMENT(.CONTINUOUS.,.T.,#6511);
#6513=DIRECTION('',(-9.115161933652E-1,4.112641842331E-1));
#6514=VECTOR('',#6513,1.197732907583E-1);
#6515=CARTESIAN_POINT('',(1.204356520063E1,2.828006119652E0));
#6516=LINE('',#6515,#6514);
#6517=TRIMMED_CURVE('',#6516,(PARAMETER_VALUE(0.E0)),(PARAMETER_VALUE(1.E0)),
.T.,.UNSPECIFIED.);
#6518=COMPOSITE_CURVE_SEGMENT(.CONTINUOUS.,.T.,#6517);
#6519=DIRECTION('',(-8.884036513136E-1,4.590631245621E-1));
#6520=VECTOR('',#6519,1.172477314005E-1);
#6521=CARTESIAN_POINT('',(1.193438990657E1,2.877264584368E0));
#6522=LINE('',#6521,#6520);
#6523=TRIMMED_CURVE('',#6522,(PARAMETER_VALUE(0.E0)),(PARAMETER_VALUE(1.E0)),
.T.,.UNSPECIFIED.);
#6524=COMPOSITE_CURVE_SEGMENT(.CONTINUOUS.,.T.,#6523);
#6525=DIRECTION('',(-8.622179622401E-1,5.065374473724E-1));
#6526=VECTOR('',#6525,1.129505553328E-1);
#6527=CARTESIAN_POINT('',(1.183022659388E1,2.931088694293E0));
#6528=LINE('',#6527,#6526);
#6529=TRIMMED_CURVE('',#6528,(PARAMETER_VALUE(0.E0)),(PARAMETER_VALUE(1.E0)),
.T.,.UNSPECIFIED.);
#6530=COMPOSITE_CURVE_SEGMENT(.CONTINUOUS.,.T.,#6529);
#6531=DIRECTION('',(-8.323592605320E-1,5.542364670486E-1));
#6532=VECTOR('',#6531,1.072689471951E-1);
#6533=CARTESIAN_POINT('',(1.173283859623E1,2.988302380270E0));
#6534=LINE('',#6533,#6532);
#6535=TRIMMED_CURVE('',#6534,(PARAMETER_VALUE(0.E0)),(PARAMETER_VALUE(1.E0)),
.T.,.UNSPECIFIED.);
#6536=COMPOSITE_CURVE_SEGMENT(.CONTINUOUS.,.T.,#6535);
#6537=DIRECTION('',(-7.980659427046E-1,6.025701213096E-1));
#6538=VECTOR('',#6537,1.006413223578E-1);
#6539=CARTESIAN_POINT('',(1.164355229467E1,3.047754742588E0));
#6540=LINE('',#6539,#6538);
#6541=TRIMMED_CURVE('',#6540,(PARAMETER_VALUE(0.E0)),(PARAMETER_VALUE(1.E0)),
.T.,.UNSPECIFIED.);
#6542=COMPOSITE_CURVE_SEGMENT(.CONTINUOUS.,.T.,#6541);
#6543=DIRECTION('',(-7.584154039140E-1,6.517714899457E-1));
#6544=VECTOR('',#6543,9.349902476926E-2);
#6545=CARTESIAN_POINT('',(1.156323388286E1,3.108398196410E0));
#6546=LINE('',#6545,#6544);
#6547=TRIMMED_CURVE('',#6546,(PARAMETER_VALUE(0.E0)),(PARAMETER_VALUE(1.E0)),
.T.,.UNSPECIFIED.);
#6548=COMPOSITE_CURVE_SEGMENT(.CONTINUOUS.,.T.,#6547);
#6549=DIRECTION('',(-7.123315633759E-1,7.018431048450E-1));
#6550=VECTOR('',#6549,8.622741359753E-2);
#6551=CARTESIAN_POINT('',(1.149232278223E1,3.169338195092E0));
#6552=LINE('',#6551,#6550);
#6553=TRIMMED_CURVE('',#6552,(PARAMETER_VALUE(0.E0)),(PARAMETER_VALUE(1.E0)),
.T.,.UNSPECIFIED.);
#6554=COMPOSITE_CURVE_SEGMENT(.CONTINUOUS.,.T.,#6553);
#6555=DIRECTION('',(-6.586102564025E-1,7.524842391448E-1));
#6556=VECTOR('',#6555,7.914693594316E-2);
#6557=CARTESIAN_POINT('',(1.143090027389E1,3.229856310774E0));
#6558=LINE('',#6557,#6556);
#6559=TRIMMED_CURVE('',#6558,(PARAMETER_VALUE(0.E0)),(PARAMETER_VALUE(1.E0)),
.T.,.UNSPECIFIED.);
#6560=COMPOSITE_CURVE_SEGMENT(.CONTINUOUS.,.T.,#6559);
#6561=DIRECTION('',(-5.959782572759E-1,8.030005708929E-1));
#6562=VECTOR('',#6561,7.250957477020E-2);
#6563=CARTESIAN_POINT('',(1.137877329012E1,3.289413132648E0));
#6564=LINE('',#6563,#6562);
#6565=TRIMMED_CURVE('',#6564,(PARAMETER_VALUE(0.E0)),(PARAMETER_VALUE(1.E0)),
.T.,.UNSPECIFIED.);
#6566=COMPOSITE_CURVE_SEGMENT(.CONTINUOUS.,.T.,#6565);
#6567=DIRECTION('',(-5.232057980687E-1,8.522063675350E-1));
#6568=VECTOR('',#6567,6.650478923748E-2);
#6569=CARTESIAN_POINT('',(1.133555916011E1,3.347638362583E0));
#6570=LINE('',#6569,#6568);
#6571=TRIMMED_CURVE('',#6570,(PARAMETER_VALUE(0.E0)),(PARAMETER_VALUE(1.E0)),
.T.,.UNSPECIFIED.);
#6572=COMPOSITE_CURVE_SEGMENT(.CONTINUOUS.,.T.,#6571);
#6573=DIRECTION('',(7.703980971807E-1,6.375631512724E-1));
#6574=VECTOR('',#6573,1.062368963600E0);
#6575=CARTESIAN_POINT('',(1.130076346878E1,3.404314167443E0));
#6576=LINE('',#6575,#6574);
#6577=TRIMMED_CURVE('',#6576,(PARAMETER_VALUE(0.E0)),(PARAMETER_VALUE(1.E0)),
.T.,.UNSPECIFIED.);
#6578=COMPOSITE_CURVE_SEGMENT(.CONTINUOUS.,.T.,#6577);
#6579=DIRECTION('',(7.624094052382E-1,6.470949689222E-1));
#6580=VECTOR('',#6579,1.074894467098E-1);
#6581=CARTESIAN_POINT('',(1.211921049684E1,4.081641471690E0));
#6582=LINE('',#6581,#6580);
#6583=TRIMMED_CURVE('',#6582,(PARAMETER_VALUE(0.E0)),(PARAMETER_VALUE(1.E0)),
.T.,.UNSPECIFIED.);
#6584=COMPOSITE_CURVE_SEGMENT(.CONTINUOUS.,.T.,#6583);
#6585=DIRECTION('',(7.638418838276E-1,6.454034215208E-1));
#6586=VECTOR('',#6585,1.289576623224E-1);
#6587=CARTESIAN_POINT('',(1.220116146198E1,4.151197351868E0));
#6588=LINE('',#6587,#6586);
#6589=TRIMMED_CURVE('',#6588,(PARAMETER_VALUE(0.E0)),(PARAMETER_VALUE(1.E0)),
.T.,.UNSPECIFIED.);
#6590=COMPOSITE_CURVE_SEGMENT(.CONTINUOUS.,.T.,#6589);
#6591=DIRECTION('',(7.887864196499E-1,6.146673768599E-1));
#6592=VECTOR('',#6591,8.333392753247E-2);
#6593=CARTESIAN_POINT('',(1.229966472570E1,4.234427068362E0));
#6594=LINE('',#6593,#6592);
#6595=TRIMMED_CURVE('',#6594,(PARAMETER_VALUE(0.E0)),(PARAMETER_VALUE(1.E0)),
.T.,.UNSPECIFIED.);
#6596=COMPOSITE_CURVE_SEGMENT(.CONTINUOUS.,.T.,#6595);
#6597=DIRECTION('',(8.310861854297E-1,5.561436436640E-1));
#6598=VECTOR('',#6597,5.185197767827E-2);
#6599=CARTESIAN_POINT('',(1.236539739604E1,4.285649715002E0));
#6600=LINE('',#6599,#6598);
#6601=TRIMMED_CURVE('',#6600,(PARAMETER_VALUE(0.E0)),(PARAMETER_VALUE(1.E0)),
.T.,.UNSPECIFIED.);
#6602=COMPOSITE_CURVE_SEGMENT(.CONTINUOUS.,.T.,#6601);
#6603=DIRECTION('',(8.969373721045E-1,-4.421576082375E-1));
#6604=VECTOR('',#6603,2.270837721453E-2);
#6605=CARTESIAN_POINT('',(1.240849085837E1,4.314486862799E0));
#6606=LINE('',#6605,#6604);
#6607=TRIMMED_CURVE('',#6606,(PARAMETER_VALUE(0.E0)),(PARAMETER_VALUE(1.E0)),
.T.,.UNSPECIFIED.);
#6608=COMPOSITE_CURVE_SEGMENT(.CONTINUOUS.,.T.,#6607);
#6609=DIRECTION('',(8.609350548641E-1,-5.087148821355E-1));
#6610=VECTOR('',#6609,1.991768053749E-2);
#6611=CARTESIAN_POINT('',(1.242885885055E1,4.304446181043E0));
#6612=LINE('',#6611,#6610);
#6613=TRIMMED_CURVE('',#6612,(PARAMETER_VALUE(0.E0)),(PARAMETER_VALUE(1.E0)),
.T.,.UNSPECIFIED.);
#6614=COMPOSITE_CURVE_SEGMENT(.CONTINUOUS.,.T.,#6613);
#6615=DIRECTION('',(7.927941509331E-1,-6.094894865756E-1));
#6616=VECTOR('',#6615,3.483232961599E-2);
#6617=CARTESIAN_POINT('',(1.244600667994E1,4.294313760536E0));
#6618=LINE('',#6617,#6616);
#6619=TRIMMED_CURVE('',#6618,(PARAMETER_VALUE(0.E0)),(PARAMETER_VALUE(1.E0)),
.T.,.UNSPECIFIED.);
#6620=COMPOSITE_CURVE_SEGMENT(.CONTINUOUS.,.T.,#6619);
#6621=DIRECTION('',(6.989984966015E-1,-7.151231374727E-1));
#6622=VECTOR('',#6621,3.803547300658E-2);
#6623=CARTESIAN_POINT('',(1.247362154712E1,4.273083821842E0));
#6624=LINE('',#6623,#6622);
#6625=TRIMMED_CURVE('',#6624,(PARAMETER_VALUE(0.E0)),(PARAMETER_VALUE(1.E0)),
.T.,.UNSPECIFIED.);
#6626=COMPOSITE_CURVE_SEGMENT(.CONTINUOUS.,.T.,#6625);
#6627=DIRECTION('',(6.789038147800E-1,-7.342272197877E-1));
#6628=VECTOR('',#6627,3.549580454196E-2);
#6629=CARTESIAN_POINT('',(1.250020828557E1,4.245883775051E0));
#6630=LINE('',#6629,#6628);
#6631=TRIMMED_CURVE('',#6630,(PARAMETER_VALUE(0.E0)),(PARAMETER_VALUE(1.E0)),
.T.,.UNSPECIFIED.);
#6632=COMPOSITE_CURVE_SEGMENT(.CONTINUOUS.,.T.,#6631);
#6633=DIRECTION('',(7.328254338271E-1,-6.804166984548E-1));
#6634=VECTOR('',#6633,4.708589511421E-2);
#6635=CARTESIAN_POINT('',(1.252430652269E1,4.219821789168E0));
#6636=LINE('',#6635,#6634);
#6637=TRIMMED_CURVE('',#6636,(PARAMETER_VALUE(0.E0)),(PARAMETER_VALUE(1.E0)),
.T.,.UNSPECIFIED.);
#6638=COMPOSITE_CURVE_SEGMENT(.CONTINUOUS.,.T.,#6637);
#6639=DIRECTION('',(8.030399652968E-1,-5.959251749475E-1));
#6640=VECTOR('',#6639,5.620896436734E-2);
#6641=CARTESIAN_POINT('',(1.255881226420E1,4.187783759870E0));
#6642=LINE('',#6641,#6640);
#6643=TRIMMED_CURVE('',#6642,(PARAMETER_VALUE(0.E0)),(PARAMETER_VALUE(1.E0)),
.T.,.UNSPECIFIED.);
#6644=COMPOSITE_CURVE_SEGMENT(.CONTINUOUS.,.T.,#6643);
#6645=DIRECTION('',(8.567710117472E-1,-5.156970364755E-1));
#6646=VECTOR('',#6645,7.243643406256E-2);
#6647=CARTESIAN_POINT('',(1.260395030899E1,4.154287422946E0));
#6648=LINE('',#6647,#6646);
#6649=TRIMMED_CURVE('',#6648,(PARAMETER_VALUE(0.E0)),(PARAMETER_VALUE(1.E0)),
.T.,.UNSPECIFIED.);
#6650=COMPOSITE_CURVE_SEGMENT(.CONTINUOUS.,.T.,#6649);
#6651=DIRECTION('',(8.936800788860E-1,-4.487047098063E-1));
#6652=VECTOR('',#6651,8.198868955559E-2);
#6653=CARTESIAN_POINT('',(1.266601174589E1,4.116932168567E0));
#6654=LINE('',#6653,#6652);
#6655=TRIMMED_CURVE('',#6654,(PARAMETER_VALUE(0.E0)),(PARAMETER_VALUE(1.E0)),
.T.,.UNSPECIFIED.);
#6656=COMPOSITE_CURVE_SEGMENT(.CONTINUOUS.,.T.,#6655);
#6657=DIRECTION('',(9.229870019544E-1,-3.848311242912E-1));
#6658=VECTOR('',#6657,8.992379028045E-2);
#6659=CARTESIAN_POINT('',(1.273928340444E1,4.080143457413E0));
#6660=LINE('',#6659,#6658);
#6661=TRIMMED_CURVE('',#6660,(PARAMETER_VALUE(0.E0)),(PARAMETER_VALUE(1.E0)),
.T.,.UNSPECIFIED.);
#6662=COMPOSITE_CURVE_SEGMENT(.CONTINUOUS.,.T.,#6661);
#6663=DIRECTION('',(9.457556045041E-1,-3.248789567656E-1));
#6664=VECTOR('',#6663,9.832605051789E-2);
#6665=CARTESIAN_POINT('',(1.282228189404E1,4.045537984099E0));
#6666=LINE('',#6665,#6664);
#6667=TRIMMED_CURVE('',#6666,(PARAMETER_VALUE(0.E0)),(PARAMETER_VALUE(1.E0)),
.T.,.UNSPECIFIED.);
#6668=COMPOSITE_CURVE_SEGMENT(.CONTINUOUS.,.T.,#6667);
#6669=DIRECTION('',(9.632273039751E-1,-2.686878502593E-1));
#6670=VECTOR('',#6669,1.068881267108E-1);
#6671=CARTESIAN_POINT('',(1.291527430738E1,4.013593919383E0));
#6672=LINE('',#6671,#6670);
#6673=TRIMMED_CURVE('',#6672,(PARAMETER_VALUE(0.E0)),(PARAMETER_VALUE(1.E0)),
.T.,.UNSPECIFIED.);
#6674=COMPOSITE_CURVE_SEGMENT(.CONTINUOUS.,.T.,#6673);
#6675=DIRECTION('',(9.764264472570E-1,-2.158503951746E-1));
#6676=VECTOR('',#6675,1.151765744884E-1);
#6677=CARTESIAN_POINT('',(1.301823186950E1,3.984874378399E0));
#6678=LINE('',#6677,#6676);
#6679=TRIMMED_CURVE('',#6678,(PARAMETER_VALUE(0.E0)),(PARAMETER_VALUE(1.E0)),
.T.,.UNSPECIFIED.);
#6680=COMPOSITE_CURVE_SEGMENT(.CONTINUOUS.,.T.,#6679);
#6681=DIRECTION('',(9.861645977412E-1,-1.657690748059E-1));
#6682=VECTOR('',#6681,1.226031008599E-1);
#6683=CARTESIAN_POINT('',(1.313069332294E1,3.960013469281E0));
#6684=LINE('',#6683,#6682);
#6685=TRIMMED_CURVE('',#6684,(PARAMETER_VALUE(0.E0)),(PARAMETER_VALUE(1.E0)),
.T.,.UNSPECIFIED.);
#6686=COMPOSITE_CURVE_SEGMENT(.CONTINUOUS.,.T.,#6685);
#6687=DIRECTION('',(9.930518239097E-1,-1.176778442598E-1));
#6688=VECTOR('',#6687,1.284107071966E-1);
#6689=CARTESIAN_POINT('',(1.325160016058E1,3.939689666683E0));
#6690=LINE('',#6689,#6688);
#6691=TRIMMED_CURVE('',#6690,(PARAMETER_VALUE(0.E0)),(PARAMETER_VALUE(1.E0)),
.T.,.UNSPECIFIED.);
#6692=COMPOSITE_CURVE_SEGMENT(.CONTINUOUS.,.T.,#6691);
#6693=DIRECTION('',(9.975026249115E-1,-7.062940814282E-2));
#6694=VECTOR('',#6693,1.317009529769E-1);
#6695=CARTESIAN_POINT('',(1.337911864757E1,3.924578571480E0));
#6696=LINE('',#6695,#6694);
#6697=TRIMMED_CURVE('',#6696,(PARAMETER_VALUE(0.E0)),(PARAMETER_VALUE(1.E0)),
.T.,.UNSPECIFIED.);
#6698=COMPOSITE_CURVE_SEGMENT(.CONTINUOUS.,.T.,#6697);
#6699=DIRECTION('',(9.997250599168E-1,-2.344791194085E-2));
#6700=VECTOR('',#6699,1.315407394055E-1);
#6701=CARTESIAN_POINT('',(1.351049069387E1,3.915276611120E0));
#6702=LINE('',#6701,#6700);
#6703=TRIMMED_CURVE('',#6702,(PARAMETER_VALUE(0.E0)),(PARAMETER_VALUE(1.E0)),
.T.,.UNSPECIFIED.);
#6704=COMPOSITE_CURVE_SEGMENT(.CONTINUOUS.,.T.,#6703);
#6705=DIRECTION('',(9.999087446144E-1,1.350934652851E-2));
#6706=VECTOR('',#6705,6.734165096194E-2);
#6707=CARTESIAN_POINT('',(1.364199526745E1,3.912192255446E0));
#6708=LINE('',#6707,#6706);
#6709=TRIMMED_CURVE('',#6708,(PARAMETER_VALUE(0.E0)),(PARAMETER_VALUE(1.E0)),
.T.,.UNSPECIFIED.);
#6710=COMPOSITE_CURVE_SEGMENT(.CONTINUOUS.,.T.,#6709);
#6711=DIRECTION('',(9.986635230827E-1,5.168334029582E-2));
#6712=VECTOR('',#6711,1.210050532345E-1);
#6713=CARTESIAN_POINT('',(1.370933077313E1,3.913101997144E0));
#6714=LINE('',#6713,#6712);
#6715=TRIMMED_CURVE('',#6714,(PARAMETER_VALUE(0.E0)),(PARAMETER_VALUE(1.E0)),
.T.,.UNSPECIFIED.);
#6716=COMPOSITE_CURVE_SEGMENT(.CONTINUOUS.,.T.,#6715);
#6717=DIRECTION('',(9.957401719445E-1,9.220363320395E-2));
#6718=VECTOR('',#6717,5.281063295152E-2);
#6719=CARTESIAN_POINT('',(1.383017410590E1,3.919355942488E0));
#6720=LINE('',#6719,#6718);
#6721=TRIMMED_CURVE('',#6720,(PARAMETER_VALUE(0.E0)),(PARAMETER_VALUE(1.E0)),
.T.,.UNSPECIFIED.);
#6722=COMPOSITE_CURVE_SEGMENT(.CONTINUOUS.,.T.,#6721);
#6723=DIRECTION('',(9.905708917682E-1,1.370011254753E-1));
#6724=VECTOR('',#6723,9.713531413769E-2);
#6725=CARTESIAN_POINT('',(1.388275977464E1,3.924225274718E0));
#6726=LINE('',#6725,#6724);
#6727=TRIMMED_CURVE('',#6726,(PARAMETER_VALUE(0.E0)),(PARAMETER_VALUE(1.E0)),
.T.,.UNSPECIFIED.);
#6728=COMPOSITE_CURVE_SEGMENT(.CONTINUOUS.,.T.,#6727);
#6729=DIRECTION('',(9.795691046244E-1,2.011078548078E-1));
#6730=VECTOR('',#6729,8.901327212766E-2);
#6731=CARTESIAN_POINT('',(1.397897918938E1,3.937532922078E0));
#6732=LINE('',#6731,#6730);
#6733=TRIMMED_CURVE('',#6732,(PARAMETER_VALUE(0.E0)),(PARAMETER_VALUE(1.E0)),
.T.,.UNSPECIFIED.);
#6734=COMPOSITE_CURVE_SEGMENT(.CONTINUOUS.,.T.,#6733);
#6735=DIRECTION('',(9.628040471482E-1,2.702006047274E-1));
#6736=VECTOR('',#6735,8.189026968658E-2);
#6737=CARTESIAN_POINT('',(1.406617384066E1,3.955434190285E0));
#6738=LINE('',#6737,#6736);
#6739=TRIMMED_CURVE('',#6738,(PARAMETER_VALUE(0.E0)),(PARAMETER_VALUE(1.E0)),
.T.,.UNSPECIFIED.);
#6740=COMPOSITE_CURVE_SEGMENT(.CONTINUOUS.,.T.,#6739);
#6741=DIRECTION('',(9.390341234806E-1,3.438239592277E-1));
#6742=VECTOR('',#6741,7.576084916922E-2);
#6743=CARTESIAN_POINT('',(1.414501812374E1,3.977560990676E0));
#6744=LINE('',#6743,#6742);
#6745=TRIMMED_CURVE('',#6744,(PARAMETER_VALUE(0.E0)),(PARAMETER_VALUE(1.E0)),
.T.,.UNSPECIFIED.);
#6746=COMPOSITE_CURVE_SEGMENT(.CONTINUOUS.,.T.,#6745);
#6747=DIRECTION('',(9.070059295782E-1,4.211178501440E-1));
#6748=VECTOR('',#6747,7.061763114744E-2);
#6749=CARTESIAN_POINT('',(1.421616014633E1,4.003609385792E0));
#6750=LINE('',#6749,#6748);
#6751=TRIMMED_CURVE('',#6750,(PARAMETER_VALUE(0.E0)),(PARAMETER_VALUE(1.E0)),
.T.,.UNSPECIFIED.);
#6752=COMPOSITE_CURVE_SEGMENT(.CONTINUOUS.,.T.,#6751);
#6753=DIRECTION('',(8.655931892788E-1,5.007478713627E-1));
#6754=VECTOR('',#6753,6.645325512499E-2);
#6755=CARTESIAN_POINT('',(1.428021075651E1,4.033347730803E0));
#6756=LINE('',#6755,#6754);
#6757=TRIMMED_CURVE('',#6756,(PARAMETER_VALUE(0.E0)),(PARAMETER_VALUE(1.E0)),
.T.,.UNSPECIFIED.);
#6758=COMPOSITE_CURVE_SEGMENT(.CONTINUOUS.,.T.,#6757);
#6759=DIRECTION('',(8.139833236526E-1,5.808882412439E-1));
#6760=VECTOR('',#6759,6.326196383079E-2);
#6761=CARTESIAN_POINT('',(1.433773224156E1,4.066624056852E0));
#6762=LINE('',#6761,#6760);
#6763=TRIMMED_CURVE('',#6762,(PARAMETER_VALUE(0.E0)),(PARAMETER_VALUE(1.E0)),
.T.,.UNSPECIFIED.);
#6764=COMPOSITE_CURVE_SEGMENT(.CONTINUOUS.,.T.,#6763);
#6765=DIRECTION('',(7.518872997736E-1,6.592916565824E-1));
#6766=VECTOR('',#6765,6.104084829323E-2);
#6767=CARTESIAN_POINT('',(1.438922642514E1,4.103372187759E0));
#6768=LINE('',#6767,#6766);
#6769=TRIMMED_CURVE('',#6768,(PARAMETER_VALUE(0.E0)),(PARAMETER_VALUE(1.E0)),
.T.,.UNSPECIFIED.);
#6770=COMPOSITE_CURVE_SEGMENT(.CONTINUOUS.,.T.,#6769);
#6771=DIRECTION('',(6.797240685545E-1,7.334679206535E-1));
#6772=VECTOR('',#6771,5.979073882209E-2);
#6773=CARTESIAN_POINT('',(1.443512226373E1,4.143615909749E0));
#6774=LINE('',#6773,#6772);
#6775=TRIMMED_CURVE('',#6774,(PARAMETER_VALUE(0.E0)),(PARAMETER_VALUE(1.E0)),
.T.,.UNSPECIFIED.);
#6776=COMPOSITE_CURVE_SEGMENT(.CONTINUOUS.,.T.,#6775);
#6777=DIRECTION('',(5.915415622551E-1,8.062745066817E-1));
#6778=VECTOR('',#6777,5.629403309366E-2);
#6779=CARTESIAN_POINT('',(1.447576346799E1,4.187470498628E0));
#6780=LINE('',#6779,#6778);
#6781=TRIMMED_CURVE('',#6780,(PARAMETER_VALUE(0.E0)),(PARAMETER_VALUE(1.E0)),
.T.,.UNSPECIFIED.);
#6782=COMPOSITE_CURVE_SEGMENT(.CONTINUOUS.,.T.,#6781);
#6783=DIRECTION('',(5.042048906900E-1,8.635840597210E-1));
#6784=VECTOR('',#6783,6.115878868486E-2);
#6785=CARTESIAN_POINT('',(1.450906372827E1,4.232858942389E0));
#6786=LINE('',#6785,#6784);
#6787=TRIMMED_CURVE('',#6786,(PARAMETER_VALUE(0.E0)),(PARAMETER_VALUE(1.E0)),
.T.,.UNSPECIFIED.);
#6788=COMPOSITE_CURVE_SEGMENT(.CONTINUOUS.,.T.,#6787);
#6789=DIRECTION('',(4.161356323659E-1,9.093025544204E-1));
#6790=VECTOR('',#6789,6.449396627367E-2);
#6791=CARTESIAN_POINT('',(1.453990028863E1,4.285674697409E0));
#6792=LINE('',#6791,#6790);
#6793=TRIMMED_CURVE('',#6792,(PARAMETER_VALUE(0.E0)),(PARAMETER_VALUE(1.E0)),
.T.,.UNSPECIFIED.);
#6794=COMPOSITE_CURVE_SEGMENT(.CONTINUOUS.,.T.,#6793);
#6795=DIRECTION('',(3.638699729966E-1,9.314497532081E-1));
#6796=VECTOR('',#6795,1.096449251494E-2);
#6797=CARTESIAN_POINT('',(1.456673852607E1,4.344319225687E0));
#6798=LINE('',#6797,#6796);
#6799=TRIMMED_CURVE('',#6798,(PARAMETER_VALUE(0.E0)),(PARAMETER_VALUE(1.E0)),
.T.,.UNSPECIFIED.);
#6800=COMPOSITE_CURVE_SEGMENT(.CONTINUOUS.,.T.,#6799);
#6801=DIRECTION('',(3.108708713964E-1,9.504521562484E-1));
#6802=VECTOR('',#6801,6.467943045188E-2);
#6803=CARTESIAN_POINT('',(1.457072817567E1,4.354532099534E0));
#6804=LINE('',#6803,#6802);
#6805=TRIMMED_CURVE('',#6804,(PARAMETER_VALUE(0.E0)),(PARAMETER_VALUE(1.E0)),
.T.,.UNSPECIFIED.);
#6806=COMPOSITE_CURVE_SEGMENT(.CONTINUOUS.,.T.,#6805);
#6807=DIRECTION('',(2.172228796293E-1,9.761220315952E-1));
#6808=VECTOR('',#6807,6.259031737562E-2);
#6809=CARTESIAN_POINT('',(1.459083512657E1,4.416006803672E0));
#6810=LINE('',#6809,#6808);
#6811=TRIMMED_CURVE('',#6810,(PARAMETER_VALUE(0.E0)),(PARAMETER_VALUE(1.E0)),
.T.,.UNSPECIFIED.);
#6812=COMPOSITE_CURVE_SEGMENT(.CONTINUOUS.,.T.,#6811);
#6813=DIRECTION('',(1.183273643307E-1,9.929746395808E-1));
#6814=VECTOR('',#6813,5.926190832817E-2);
#6815=CARTESIAN_POINT('',(1.460443117555E1,4.477102591427E0));
#6816=LINE('',#6815,#6814);
#6817=TRIMMED_CURVE('',#6816,(PARAMETER_VALUE(0.E0)),(PARAMETER_VALUE(1.E0)),
.T.,.UNSPECIFIED.);
#6818=COMPOSITE_CURVE_SEGMENT(.CONTINUOUS.,.T.,#6817);
#6819=DIRECTION('',(1.255918349452E-2,9.999211303448E-1));
#6820=VECTOR('',#6819,5.531636006067E-2);
#6821=CARTESIAN_POINT('',(1.461144348097E1,4.535948163490E0));
#6822=LINE('',#6821,#6820);
#6823=TRIMMED_CURVE('',#6822,(PARAMETER_VALUE(0.E0)),(PARAMETER_VALUE(1.E0)),
.T.,.UNSPECIFIED.);
#6824=COMPOSITE_CURVE_SEGMENT(.CONTINUOUS.,.T.,#6823);
#6825=DIRECTION('',(-1.009500190881E-1,9.948914984289E-1));
#6826=VECTOR('',#6825,5.129783581965E-2);
#6827=CARTESIAN_POINT('',(1.461213820929E1,4.591260160768E0));
#6828=LINE('',#6827,#6826);
#6829=TRIMMED_CURVE('',#6828,(PARAMETER_VALUE(0.E0)),(PARAMETER_VALUE(1.E0)),
.T.,.UNSPECIFIED.);
#6830=COMPOSITE_CURVE_SEGMENT(.CONTINUOUS.,.T.,#6829);
#6831=DIRECTION('',(-2.218943492998E-1,9.750707142299E-1));
#6832=VECTOR('',#6831,4.762564442678E-2);
#6833=CARTESIAN_POINT('',(1.460695969178E1,4.642295941513E0));
#6834=LINE('',#6833,#6832);
#6835=TRIMMED_CURVE('',#6834,(PARAMETER_VALUE(0.E0)),(PARAMETER_VALUE(1.E0)),
.T.,.UNSPECIFIED.);
#6836=COMPOSITE_CURVE_SEGMENT(.CONTINUOUS.,.T.,#6835);
#6837=DIRECTION('',(-3.483517732295E-1,9.373638792315E-1));
#6838=VECTOR('',#6837,4.459893899240E-2);
#6839=CARTESIAN_POINT('',(1.459639183040E1,4.688734312640E0));
#6840=LINE('',#6839,#6838);
#6841=TRIMMED_CURVE('',#6840,(PARAMETER_VALUE(0.E0)),(PARAMETER_VALUE(1.E0)),
.T.,.UNSPECIFIED.);
#6842=COMPOSITE_CURVE_SEGMENT(.CONTINUOUS.,.T.,#6841);
#6843=DIRECTION('',(-4.764907341746E-1,8.791794926213E-1));
#6844=VECTOR('',#6843,4.242254920420E-2);
#6845=CARTESIAN_POINT('',(1.458085571092E1,4.730539747103E0));
#6846=LINE('',#6845,#6844);
#6847=TRIMMED_CURVE('',#6846,(PARAMETER_VALUE(0.E0)),(PARAMETER_VALUE(1.E0)),
.T.,.UNSPECIFIED.);
#6848=COMPOSITE_CURVE_SEGMENT(.CONTINUOUS.,.T.,#6847);
#6849=DIRECTION('',(-6.007122549467E-1,7.994653130417E-1));
#6850=VECTOR('',#6849,4.123562848893E-2);
#6851=CARTESIAN_POINT('',(1.456064175930E1,4.767836782388E0));
#6852=LINE('',#6851,#6850);
#6853=TRIMMED_CURVE('',#6852,(PARAMETER_VALUE(0.E0)),(PARAMETER_VALUE(1.E0)),
.T.,.UNSPECIFIED.);
#6854=COMPOSITE_CURVE_SEGMENT(.CONTINUOUS.,.T.,#6853);
#6855=DIRECTION('',(-7.144746088876E-1,6.996613704178E-1));
#6856=VECTOR('',#6855,4.113516715743E-2);
#6857=CARTESIAN_POINT('',(1.453587101193E1,4.800803237027E0));
#6858=LINE('',#6857,#6856);
#6859=TRIMMED_CURVE('',#6858,(PARAMETER_VALUE(0.E0)),(PARAMETER_VALUE(1.E0)),
.T.,.UNSPECIFIED.);
#6860=COMPOSITE_CURVE_SEGMENT(.CONTINUOUS.,.T.,#6859);
#6861=DIRECTION('',(-8.117292534836E-1,5.840339194251E-1));
#6862=VECTOR('',#6861,4.219231252183E-2);
#6863=CARTESIAN_POINT('',(1.450648097946E1,4.829583924452E0));
#6864=LINE('',#6863,#6862);
#6865=TRIMMED_CURVE('',#6864,(PARAMETER_VALUE(0.E0)),(PARAMETER_VALUE(1.E0)),
.T.,.UNSPECIFIED.);
#6866=COMPOSITE_CURVE_SEGMENT(.CONTINUOUS.,.T.,#6865);
#6867=DIRECTION('',(-8.831421902156E-1,4.691053952590E-1));
#6868=VECTOR('',#6867,5.086850886525E-2);
#6869=CARTESIAN_POINT('',(1.447223224512E1,4.854225666104E0));
#6870=LINE('',#6869,#6868);
#6871=TRIMMED_CURVE('',#6870,(PARAMETER_VALUE(0.E0)),(PARAMETER_VALUE(1.E0)),
.T.,.UNSPECIFIED.);
#6872=COMPOSITE_CURVE_SEGMENT(.CONTINUOUS.,.T.,#6871);
#6873=DIRECTION('',(-9.272930838723E-1,3.743361278352E-1));
#6874=VECTOR('',#6873,6.089676761504E-2);
#6875=CARTESIAN_POINT('',(1.442730811878E1,4.878088358062E0));
#6876=LINE('',#6875,#6874);
#6877=TRIMMED_CURVE('',#6876,(PARAMETER_VALUE(0.E0)),(PARAMETER_VALUE(1.E0)),
.T.,.UNSPECIFIED.);
#6878=COMPOSITE_CURVE_SEGMENT(.CONTINUOUS.,.T.,#6877);
#6879=DIRECTION('',(-9.557626836477E-1,2.941389000908E-1));
#6880=VECTOR('',#6879,7.427385575462E-2);
#6881=CARTESIAN_POINT('',(1.437083896734E1,4.900884218248E0));
#6882=LINE('',#6881,#6880);
#6883=TRIMMED_CURVE('',#6882,(PARAMETER_VALUE(0.E0)),(PARAMETER_VALUE(1.E0)),
.T.,.UNSPECIFIED.);
#6884=COMPOSITE_CURVE_SEGMENT(.CONTINUOUS.,.T.,#6883);
#6885=DIRECTION('',(-9.734314884704E-1,2.289784646080E-1));
#6886=VECTOR('',#6885,9.243899596890E-2);
#6887=CARTESIAN_POINT('',(1.429985078764E1,4.922731048485E0));
#6888=LINE('',#6887,#6886);
#6889=TRIMMED_CURVE('',#6888,(PARAMETER_VALUE(0.E0)),(PARAMETER_VALUE(1.E0)),
.T.,.UNSPECIFIED.);
#6890=COMPOSITE_CURVE_SEGMENT(.CONTINUOUS.,.T.,#6889);
#6891=DIRECTION('',(-9.838914154042E-1,1.787671186039E-1));
#6892=VECTOR('',#6891,1.187721397263E-1);
#6893=CARTESIAN_POINT('',(1.420986775820E1,4.943897587852E0));
#6894=LINE('',#6893,#6892);
#6895=TRIMMED_CURVE('',#6894,(PARAMETER_VALUE(0.E0)),(PARAMETER_VALUE(1.E0)),
.T.,.UNSPECIFIED.);
#6896=COMPOSITE_CURVE_SEGMENT(.CONTINUOUS.,.T.,#6895);
#6897=DIRECTION('',(-9.895291227294E-1,1.443333477417E-1));
#6898=VECTOR('',#6897,1.640792084274E-1);
#6899=CARTESIAN_POINT('',(1.409300886954E1,4.965130141042E0));
#6900=LINE('',#6899,#6898);
#6901=TRIMMED_CURVE('',#6900,(PARAMETER_VALUE(0.E0)),(PARAMETER_VALUE(1.E0)),
.T.,.UNSPECIFIED.);
#6902=COMPOSITE_CURVE_SEGMENT(.CONTINUOUS.,.T.,#6901);
#6903=DIRECTION('',(-9.911473467259E-1,1.327664757314E-1));
#6904=VECTOR('',#6903,3.813392818517E-2);
#6905=CARTESIAN_POINT('',(1.393064771437E1,4.988812242489E0));
#6906=LINE('',#6905,#6904);
#6907=TRIMMED_CURVE('',#6906,(PARAMETER_VALUE(0.E0)),(PARAMETER_VALUE(1.E0)),
.T.,.UNSPECIFIED.);
#6908=COMPOSITE_CURVE_SEGMENT(.CONTINUOUS.,.T.,#6907);
#6909=DIRECTION('',(-9.910954474431E-1,1.331533479025E-1));
#6910=VECTOR('',#6909,2.364251797923E-1);
#6911=CARTESIAN_POINT('',(1.389285137262E1,4.993875149740E0));
#6912=LINE('',#6911,#6910);
#6913=TRIMMED_CURVE('',#6912,(PARAMETER_VALUE(0.E0)),(PARAMETER_VALUE(1.E0)),
.T.,.UNSPECIFIED.);
#6914=COMPOSITE_CURVE_SEGMENT(.CONTINUOUS.,.T.,#6913);
#6915=DIRECTION('',(-9.882994765736E-1,1.525258817526E-1));
#6916=VECTOR('',#6915,1.759482673140E-1);
#6917=CARTESIAN_POINT('',(1.365853145327E1,5.025355953958E0));
#6918=LINE('',#6917,#6916);
#6919=TRIMMED_CURVE('',#6918,(PARAMETER_VALUE(0.E0)),(PARAMETER_VALUE(1.E0)),
.T.,.UNSPECIFIED.);
#6920=COMPOSITE_CURVE_SEGMENT(.CONTINUOUS.,.T.,#6919);
#6921=DIRECTION('',(-9.828905912161E-1,1.841903518074E-1));
#6922=VECTOR('',#6921,1.494204758269E-1);
#6923=CARTESIAN_POINT('',(1.348464187278E1,5.052192618572E0));
#6924=LINE('',#6923,#6922);
#6925=TRIMMED_CURVE('',#6924,(PARAMETER_VALUE(0.E0)),(PARAMETER_VALUE(1.E0)),
.T.,.UNSPECIFIED.);
#6926=COMPOSITE_CURVE_SEGMENT(.CONTINUOUS.,.T.,#6925);
#6927=DIRECTION('',(-9.748098755175E-1,2.230374555845E-1));
#6928=VECTOR('',#6927,1.324008974582E-1);
#6929=CARTESIAN_POINT('',(1.333777789296E1,5.079714428582E0));
#6930=LINE('',#6929,#6928);
#6931=TRIMMED_CURVE('',#6930,(PARAMETER_VALUE(0.E0)),(PARAMETER_VALUE(1.E0)),
.T.,.UNSPECIFIED.);
#6932=COMPOSITE_CURVE_SEGMENT(.CONTINUOUS.,.T.,#6931);
#6933=DIRECTION('',(-9.635839010055E-1,2.674061811607E-1));
#6934=VECTOR('',#6933,1.197962375266E-1);
#6935=CARTESIAN_POINT('',(1.320871219059E1,5.109244787868E0));
#6936=LINE('',#6935,#6934);
#6937=TRIMMED_CURVE('',#6936,(PARAMETER_VALUE(0.E0)),(PARAMETER_VALUE(1.E0)),
.T.,.UNSPECIFIED.);
#6938=COMPOSITE_CURVE_SEGMENT(.CONTINUOUS.,.T.,#6937);
#6939=DIRECTION('',(-9.486291117818E-1,3.163902784223E-1));
#6940=VECTOR('',#6939,1.098232646472E-1);
#6941=CARTESIAN_POINT('',(1.309327846470E1,5.141279042263E0));
#6942=LINE('',#6941,#6940);
#6943=TRIMMED_CURVE('',#6942,(PARAMETER_VALUE(0.E0)),(PARAMETER_VALUE(1.E0)),
.T.,.UNSPECIFIED.);
#6944=COMPOSITE_CURVE_SEGMENT(.CONTINUOUS.,.T.,#6943);
#6945=DIRECTION('',(-9.293160110312E-1,3.692854609121E-1));
#6946=VECTOR('',#6945,1.016871160782E-1);
#6947=CARTESIAN_POINT('',(1.298909691871E1,5.176026055542E0));
#6948=LINE('',#6947,#6946);
#6949=TRIMMED_CURVE('',#6948,(PARAMETER_VALUE(0.E0)),(PARAMETER_VALUE(1.E0)),
.T.,.UNSPECIFIED.);
#6950=COMPOSITE_CURVE_SEGMENT(.CONTINUOUS.,.T.,#6949);
#6951=DIRECTION('',(-9.050118407188E-1,4.253863751448E-1));
#6952=VECTOR('',#6951,9.497872018903E-2);
#6953=CARTESIAN_POINT('',(1.289459745362E1,5.213577629072E0));
#6954=LINE('',#6953,#6952);
#6955=TRIMMED_CURVE('',#6954,(PARAMETER_VALUE(0.E0)),(PARAMETER_VALUE(1.E0)),
.T.,.UNSPECIFIED.);
#6956=COMPOSITE_CURVE_SEGMENT(.CONTINUOUS.,.T.,#6955);
#6957=DIRECTION('',(-8.751287671015E-1,4.838901125168E-1));
#6958=VECTOR('',#6957,8.946657218233E-2);
#6959=CARTESIAN_POINT('',(1.280864058723E1,5.253980282569E0));
#6960=LINE('',#6959,#6958);
#6961=TRIMMED_CURVE('',#6960,(PARAMETER_VALUE(0.E0)),(PARAMETER_VALUE(1.E0)),
.T.,.UNSPECIFIED.);
#6962=COMPOSITE_CURVE_SEGMENT(.CONTINUOUS.,.T.,#6961);
#6963=DIRECTION('',(-8.391823349662E-1,5.438501711692E-1));
#6964=VECTOR('',#6963,8.501087840421E-2);
#6965=CARTESIAN_POINT('',(1.273034581622E1,5.297272272248E0));
#6966=LINE('',#6965,#6964);
#6967=TRIMMED_CURVE('',#6966,(PARAMETER_VALUE(0.E0)),(PARAMETER_VALUE(1.E0)),
.T.,.UNSPECIFIED.);
#6968=COMPOSITE_CURVE_SEGMENT(.CONTINUOUS.,.T.,#6967);
#6969=DIRECTION('',(-7.968576561492E-1,6.041670926461E-1));
#6970=VECTOR('',#6969,8.152360815185E-2);
#6971=CARTESIAN_POINT('',(1.265900618879E1,5.343505453020E0));
#6972=LINE('',#6971,#6970);
#6973=TRIMMED_CURVE('',#6972,(PARAMETER_VALUE(0.E0)),(PARAMETER_VALUE(1.E0)),
.T.,.UNSPECIFIED.);
#6974=COMPOSITE_CURVE_SEGMENT(.CONTINUOUS.,.T.,#6973);
#6975=DIRECTION('',(-7.480756523017E-1,6.636134555849E-1));
#6976=VECTOR('',#6975,7.894819281998E-2);
#6977=CARTESIAN_POINT('',(1.259404347747E1,5.392759334339E0));
#6978=LINE('',#6977,#6976);
#6979=TRIMMED_CURVE('',#6978,(PARAMETER_VALUE(0.E0)),(PARAMETER_VALUE(1.E0)),
.T.,.UNSPECIFIED.);
#6980=COMPOSITE_CURVE_SEGMENT(.CONTINUOUS.,.T.,#6979);
#6981=DIRECTION('',(-6.930476258016E-1,7.208918007377E-1));
#6982=VECTOR('',#6981,7.724848171493E-2);
#6983=CARTESIAN_POINT('',(1.253498425663E1,5.445150417388E0));
#6984=LINE('',#6983,#6982);
#6985=TRIMMED_CURVE('',#6984,(PARAMETER_VALUE(0.E0)),(PARAMETER_VALUE(1.E0)),
.T.,.UNSPECIFIED.);
#6986=COMPOSITE_CURVE_SEGMENT(.CONTINUOUS.,.T.,#6985);
#6987=DIRECTION('',(-6.323047233179E-1,7.747197795783E-1));
#6988=VECTOR('',#6987,7.640238282667E-2);
#6989=CARTESIAN_POINT('',(1.248144737978E1,5.500838214476E0));
#6990=LINE('',#6989,#6988);
#6991=TRIMMED_CURVE('',#6990,(PARAMETER_VALUE(0.E0)),(PARAMETER_VALUE(1.E0)),
.T.,.UNSPECIFIED.);
#6992=COMPOSITE_CURVE_SEGMENT(.CONTINUOUS.,.T.,#6991);
#6993=COMPOSITE_CURVE('',(#5804,#5810,#5816,#5822,#5828,#5834,#5840,#5846,#5852,
#5858,#5864,#5870,#5876,#5882,#5888,#5894,#5900,#5906,#5912,#5918,#5924,#5930,
#5936,#5942,#5948,#5954,#5960,#5966,#5972,#5978,#5984,#5990,#5996,#6002,#6008,
#6014,#6020,#6026,#6032,#6038,#6044,#6050,#6056,#6062,#6068,#6074,#6080,#6086,
#6092,#6098,#6104,#6110,#6116,#6122,#6128,#6134,#6140,#6146,#6152,#6158,#6164,
#6170,#6176,#6182,#6188,#6194,#6200,#6206,#6212,#6218,#6224,#6230,#6236,#6242,
#6248,#6254,#6260,#6266,#6272,#6278,#6284,#6290,#6296,#6302,#6308,#6314,#6320,
#6326,#6332,#6338,#6344,#6350,#6356,#6362,#6368,#6374,#6380,#6386,#6392,#6398,
#6404,#6410,#6416,#6422,#6428,#6434,#6440,#6446,#6452,#6458,#6464,#6470,#6476,
#6482,#6488,#6494,#6500,#6506,#6512,#6518,#6524,#6530,#6536,#6542,#6548,#6554,
#6560,#6566,#6572,#6578,#6584,#6590,#6596,#6602,#6608,#6614,#6620,#6626,#6632,
#6638,#6644,#6650,#6656,#6662,#6668,#6674,#6680,#6686,#6692,#6698,#6704,#6710,
#6716,#6722,#6728,#6734,#6740,#6746,#6752,#6758,#6764,#6770,#6776,#6782,#6788,
#6794,#6800,#6806,#6812,#6818,#6824,#6830,#6836,#6842,#6848,#6854,#6860,#6866,
#6872,#6878,#6884,#6890,#6896,#6902,#6908,#6914,#6920,#6926,#6932,#6938,#6944,
#6950,#6956,#6962,#6968,#6974,#6980,#6986,#6992),.F.);
#6994=(ANNOTATION_CURVE_OCCURRENCE()ANNOTATION_OCCURRENCE()DRAUGHTING_ANNOTATION_OCCURRENCE()GEOMETRIC_REPRESENTATION_ITEM()REPRESENTATION_ITEM('')STYLED_ITEM((
#41),#6993));
#6995=DIRECTION('',(0.E0,1.E0));
#6996=VECTOR('',#6995,1.037167527681E0);
#6997=CARTESIAN_POINT('',(1.186519930035E1,2.469702825989E-2));
#6998=LINE('',#6997,#6996);
#6999=TRIMMED_CURVE('',#6998,(PARAMETER_VALUE(0.E0)),(PARAMETER_VALUE(1.E0)),
.T.,.UNSPECIFIED.);
#7000=(ANNOTATION_CURVE_OCCURRENCE()ANNOTATION_OCCURRENCE()DRAUGHTING_ANNOTATION_OCCURRENCE()GEOMETRIC_REPRESENTATION_ITEM()REPRESENTATION_ITEM('')STYLED_ITEM((
#41),#6999));
#7001=DIRECTION('',(0.E0,-1.E0));
#7002=VECTOR('',#7001,9.348697236161E-1);
#7003=CARTESIAN_POINT('',(1.197104985913E1,1.061864555941E0));
#7004=LINE('',#7003,#7002);
#7005=TRIMMED_CURVE('',#7004,(PARAMETER_VALUE(0.E0)),(PARAMETER_VALUE(1.E0)),
.T.,.UNSPECIFIED.);
#7006=(ANNOTATION_CURVE_OCCURRENCE()ANNOTATION_OCCURRENCE()DRAUGHTING_ANNOTATION_OCCURRENCE()GEOMETRIC_REPRESENTATION_ITEM()REPRESENTATION_ITEM('')STYLED_ITEM((
#41),#7005));
#7007=DIRECTION('',(-9.196791854895E-1,3.926705944903E-1));
#7008=VECTOR('',#7007,6.827976423536E-1);
#7009=CARTESIAN_POINT('',(5.151849387475E0,1.065742441547E1));
#7010=LINE('',#7009,#7008);
#7011=TRIMMED_CURVE('',#7010,(PARAMETER_VALUE(0.E0)),(PARAMETER_VALUE(1.E0)),
.T.,.UNSPECIFIED.);
#7012=(ANNOTATION_CURVE_OCCURRENCE()ANNOTATION_OCCURRENCE()DRAUGHTING_ANNOTATION_OCCURRENCE()GEOMETRIC_REPRESENTATION_ITEM()REPRESENTATION_ITEM('')STYLED_ITEM((
#41),#7011));
#7013=DIRECTION('',(-5.666910197353E-1,8.239303903555E-1));
#7014=VECTOR('',#7013,7.639800652286E-2);
#7015=CARTESIAN_POINT('',(1.243313779225E1,5.560028651659E0));
#7016=LINE('',#7015,#7014);
#7017=TRIMMED_CURVE('',#7016,(PARAMETER_VALUE(0.E0)),(PARAMETER_VALUE(1.E0)),
.T.,.UNSPECIFIED.);
#7018=COMPOSITE_CURVE_SEGMENT(.CONTINUOUS.,.T.,#7017);
#7019=DIRECTION('',(-4.973154896180E-1,8.675697688290E-1));
#7020=VECTOR('',#7019,7.723120510586E-2);
#7021=CARTESIAN_POINT('',(1.238984372803E1,5.622975290996E0));
#7022=LINE('',#7021,#7020);
#7023=TRIMMED_CURVE('',#7022,(PARAMETER_VALUE(0.E0)),(PARAMETER_VALUE(1.E0)),
.T.,.UNSPECIFIED.);
#7024=COMPOSITE_CURVE_SEGMENT(.CONTINUOUS.,.T.,#7023);
#7025=DIRECTION('',(-4.254676040883E-1,9.049736558991E-1));
#7026=VECTOR('',#7025,7.890392209427E-2);
#7027=CARTESIAN_POINT('',(1.235143545345E1,5.689978749756E0));
#7028=LINE('',#7027,#7026);
#7029=TRIMMED_CURVE('',#7028,(PARAMETER_VALUE(0.E0)),(PARAMETER_VALUE(1.E0)),
.T.,.UNSPECIFIED.);
#7030=COMPOSITE_CURVE_SEGMENT(.CONTINUOUS.,.T.,#7029);
#7031=DIRECTION('',(-3.525104569478E-1,9.358078743751E-1));
#7032=VECTOR('',#7031,8.142303213074E-2);
#7033=CARTESIAN_POINT('',(1.231786439076E1,5.761384720598E0));
#7034=LINE('',#7033,#7032);
#7035=TRIMMED_CURVE('',#7034,(PARAMETER_VALUE(0.E0)),(PARAMETER_VALUE(1.E0)),
.T.,.UNSPECIFIED.);
#7036=COMPOSITE_CURVE_SEGMENT(.CONTINUOUS.,.T.,#7035);
#7037=DIRECTION('',(-2.797706119262E-1,9.600668751199E-1));
#7038=VECTOR('',#7037,8.479949380533E-2);
#7039=CARTESIAN_POINT('',(1.228916192050E1,5.837581035222E0));
#7040=LINE('',#7039,#7038);
#7041=TRIMMED_CURVE('',#7040,(PARAMETER_VALUE(0.E0)),(PARAMETER_VALUE(1.E0)),
.T.,.UNSPECIFIED.);
#7042=COMPOSITE_CURVE_SEGMENT(.CONTINUOUS.,.T.,#7041);
#7043=DIRECTION('',(-2.085041876730E-1,9.780214740602E-1));
#7044=VECTOR('',#7043,8.889072834453E-2);
#7045=CARTESIAN_POINT('',(1.226543751422E1,5.918994220251E0));
#7046=LINE('',#7045,#7044);
#7047=TRIMMED_CURVE('',#7046,(PARAMETER_VALUE(0.E0)),(PARAMETER_VALUE(1.E0)),
.T.,.UNSPECIFIED.);
#7048=COMPOSITE_CURVE_SEGMENT(.CONTINUOUS.,.T.,#7047);
#7049=DIRECTION('',(-1.397919985773E-1,9.901808911173E-1));
#7050=VECTOR('',#7049,9.374741558655E-2);
#7051=CARTESIAN_POINT('',(1.224690342512E1,6.005931261417E0));
#7052=LINE('',#7051,#7050);
#7053=TRIMMED_CURVE('',#7052,(PARAMETER_VALUE(0.E0)),(PARAMETER_VALUE(1.E0)),
.T.,.UNSPECIFIED.);
#7054=COMPOSITE_CURVE_SEGMENT(.CONTINUOUS.,.T.,#7053);
#7055=DIRECTION('',(-7.439256168242E-2,9.972290342576E-1));
#7056=VECTOR('',#7055,9.949959487714E-2);
#7057=CARTESIAN_POINT('',(1.223379828653E1,6.098758160922E0));
#7058=LINE('',#7057,#7056);
#7059=TRIMMED_CURVE('',#7058,(PARAMETER_VALUE(0.E0)),(PARAMETER_VALUE(1.E0)),
.T.,.UNSPECIFIED.);
#7060=COMPOSITE_CURVE_SEGMENT(.CONTINUOUS.,.T.,#7059);
#7061=DIRECTION('',(-1.277962119213E-2,9.999183373067E-1));
#7062=VECTOR('',#7061,1.061637885554E-1);
#7063=CARTESIAN_POINT('',(1.222639625678E1,6.197982045831E0));
#7064=LINE('',#7063,#7062);
#7065=TRIMMED_CURVE('',#7064,(PARAMETER_VALUE(0.E0)),(PARAMETER_VALUE(1.E0)),
.T.,.UNSPECIFIED.);
#7066=COMPOSITE_CURVE_SEGMENT(.CONTINUOUS.,.T.,#7065);
#7067=DIRECTION('',(3.862007771769E-2,9.992539665156E-1));
#7068=VECTOR('',#7067,1.234405781649E-1);
#7069=CARTESIAN_POINT('',(1.222503952378E1,6.304137164765E0));
#7070=LINE('',#7069,#7068);
#7071=TRIMMED_CURVE('',#7070,(PARAMETER_VALUE(0.E0)),(PARAMETER_VALUE(1.E0)),
.T.,.UNSPECIFIED.);
#7072=COMPOSITE_CURVE_SEGMENT(.CONTINUOUS.,.T.,#7071);
#7073=DIRECTION('',(9.025493939698E-2,9.959186944296E-1));
#7074=VECTOR('',#7073,1.217136657903E-1);
#7075=CARTESIAN_POINT('',(1.222980680850E1,6.427485652125E0));
#7076=LINE('',#7075,#7074);
#7077=TRIMMED_CURVE('',#7076,(PARAMETER_VALUE(0.E0)),(PARAMETER_VALUE(1.E0)),
.T.,.UNSPECIFIED.);
#7078=COMPOSITE_CURVE_SEGMENT(.CONTINUOUS.,.T.,#7077);
#7079=DIRECTION('',(1.422720445642E-1,9.898275937432E-1));
#7080=VECTOR('',#7079,1.202951004788E-1);
#7081=CARTESIAN_POINT('',(1.224079206803E1,6.548702567253E0));
#7082=LINE('',#7081,#7080);
#7083=TRIMMED_CURVE('',#7082,(PARAMETER_VALUE(0.E0)),(PARAMETER_VALUE(1.E0)),
.T.,.UNSPECIFIED.);
#7084=COMPOSITE_CURVE_SEGMENT(.CONTINUOUS.,.T.,#7083);
#7085=DIRECTION('',(1.944026264593E-1,9.809218209550E-1));
#7086=VECTOR('',#7085,1.191734925408E-1);
#7087=CARTESIAN_POINT('',(1.225790669793E1,6.667773977100E0));
#7088=LINE('',#7087,#7086);
#7089=TRIMMED_CURVE('',#7088,(PARAMETER_VALUE(0.E0)),(PARAMETER_VALUE(1.E0)),
.T.,.UNSPECIFIED.);
#7090=COMPOSITE_CURVE_SEGMENT(.CONTINUOUS.,.T.,#7089);
#7091=DIRECTION('',(2.463725731421E-1,9.691751932460E-1));
#7092=VECTOR('',#7091,1.183357363924E-1);
#7093=CARTESIAN_POINT('',(1.228107433788E1,6.784673856412E0));
#7094=LINE('',#7093,#7092);
#7095=TRIMMED_CURVE('',#7094,(PARAMETER_VALUE(0.E0)),(PARAMETER_VALUE(1.E0)),
.T.,.UNSPECIFIED.);
#7096=COMPOSITE_CURVE_SEGMENT(.CONTINUOUS.,.T.,#7095);
#7097=DIRECTION('',(2.979088251810E-1,9.545943284345E-1));
#7098=VECTOR('',#7097,1.177667837574E-1);
#7099=CARTESIAN_POINT('',(1.231022901775E1,6.899361916598E0));
#7100=LINE('',#7099,#7098);
#7101=TRIMMED_CURVE('',#7100,(PARAMETER_VALUE(0.E0)),(PARAMETER_VALUE(1.E0)),
.T.,.UNSPECIFIED.);
#7102=COMPOSITE_CURVE_SEGMENT(.CONTINUOUS.,.T.,#7101);
#7103=DIRECTION('',(3.487457063234E-1,9.372173879741E-1));
#7104=VECTOR('',#7103,1.174494042170E-1);
#7105=CARTESIAN_POINT('',(1.234531278195E1,7.011781420451E0));
#7106=LINE('',#7105,#7104);
#7107=TRIMMED_CURVE('',#7106,(PARAMETER_VALUE(0.E0)),(PARAMETER_VALUE(1.E0)),
.T.,.UNSPECIFIED.);
#7108=COMPOSITE_CURVE_SEGMENT(.CONTINUOUS.,.T.,#7107);
#7109=DIRECTION('',(3.986308266952E-1,9.171114785065E-1));
#7110=VECTOR('',#7109,1.173639407326E-1);
#7111=CARTESIAN_POINT('',(1.238627275738E1,7.121857044290E0));
#7112=LINE('',#7111,#7110);
#7113=TRIMMED_CURVE('',#7112,(PARAMETER_VALUE(0.E0)),(PARAMETER_VALUE(1.E0)),
.T.,.UNSPECIFIED.);
#7114=COMPOSITE_CURVE_SEGMENT(.CONTINUOUS.,.T.,#7113);
#7115=DIRECTION('',(4.473302291205E-1,8.943688646833E-1));
#7116=VECTOR('',#7115,1.174880717878E-1);
#7117=CARTESIAN_POINT('',(1.243305764210E1,7.229492861499E0));
#7118=LINE('',#7117,#7116);
#7119=TRIMMED_CURVE('',#7118,(PARAMETER_VALUE(0.E0)),(PARAMETER_VALUE(1.E0)),
.T.,.UNSPECIFIED.);
#7120=COMPOSITE_CURVE_SEGMENT(.CONTINUOUS.,.T.,#7119);
#7121=DIRECTION('',(4.946325089048E-1,8.691022270910E-1));
#7122=VECTOR('',#7121,1.177965967840E-1);
#7123=CARTESIAN_POINT('',(1.248561360817E1,7.334570534878E0));
#7124=LINE('',#7123,#7122);
#7125=TRIMMED_CURVE('',#7124,(PARAMETER_VALUE(0.E0)),(PARAMETER_VALUE(1.E0)),
.T.,.UNSPECIFIED.);
#7126=COMPOSITE_CURVE_SEGMENT(.CONTINUOUS.,.T.,#7125);
#7127=DIRECTION('',(5.403517175723E-1,8.414392558686E-1));
#7128=VECTOR('',#7127,1.182612671993E-1);
#7129=CARTESIAN_POINT('',(1.254387963438E1,7.436947819486E0));
#7130=LINE('',#7129,#7128);
#7131=TRIMMED_CURVE('',#7130,(PARAMETER_VALUE(0.E0)),(PARAMETER_VALUE(1.E0)),
.T.,.UNSPECIFIED.);
#7132=COMPOSITE_CURVE_SEGMENT(.CONTINUOUS.,.T.,#7131);
#7133=DIRECTION('',(5.843289510181E-1,8.115168987779E-1));
#7134=VECTOR('',#7133,1.188506925079E-1);
#7135=CARTESIAN_POINT('',(1.260778231323E1,7.536457492156E0));
#7136=LINE('',#7135,#7134);
#7137=TRIMMED_CURVE('',#7136,(PARAMETER_VALUE(0.E0)),(PARAMETER_VALUE(1.E0)),
.T.,.UNSPECIFIED.);
#7138=COMPOSITE_CURVE_SEGMENT(.CONTINUOUS.,.T.,#7137);
#7139=DIRECTION('',(6.264326114073E-1,7.794755822766E-1));
#7140=VECTOR('',#7139,1.195303563803E-1);
#7141=CARTESIAN_POINT('',(1.267723021371E1,7.632906837558E0));
#7142=LINE('',#7141,#7140);
#7143=TRIMMED_CURVE('',#7142,(PARAMETER_VALUE(0.E0)),(PARAMETER_VALUE(1.E0)),
.T.,.UNSPECIFIED.);
#7144=COMPOSITE_CURVE_SEGMENT(.CONTINUOUS.,.T.,#7143);
#7145=DIRECTION('',(6.665574105831E-1,7.454536997003E-1));
#7146=VECTOR('',#7145,1.202627842564E-1);
#7147=CARTESIAN_POINT('',(1.275210792700E1,7.726077831697E0));
#7148=LINE('',#7147,#7146);
#7149=TRIMMED_CURVE('',#7148,(PARAMETER_VALUE(0.E0)),(PARAMETER_VALUE(1.E0)),
.T.,.UNSPECIFIED.);
#7150=COMPOSITE_CURVE_SEGMENT(.CONTINUOUS.,.T.,#7149);
#7151=DIRECTION('',(7.046222442290E-1,7.095826188244E-1));
#7152=VECTOR('',#7151,1.210079065652E-1);
#7153=CARTESIAN_POINT('',(1.283226997706E1,7.815728169158E0));
#7154=LINE('',#7153,#7152);
#7155=TRIMMED_CURVE('',#7154,(PARAMETER_VALUE(0.E0)),(PARAMETER_VALUE(1.E0)),
.T.,.UNSPECIFIED.);
#7156=COMPOSITE_CURVE_SEGMENT(.CONTINUOUS.,.T.,#7155);
#7157=DIRECTION('',(7.405671075536E-1,6.719824098960E-1));
#7158=VECTOR('',#7157,1.217236607226E-1);
#7159=CARTESIAN_POINT('',(1.291753483976E1,7.901593276397E0));
#7160=LINE('',#7159,#7158);
#7161=TRIMMED_CURVE('',#7160,(PARAMETER_VALUE(0.E0)),(PARAMETER_VALUE(1.E0)),
.T.,.UNSPECIFIED.);
#7162=COMPOSITE_CURVE_SEGMENT(.CONTINUOUS.,.T.,#7161);
#7163=DIRECTION('',(7.743492451908E-1,6.327584424347E-1));
#7164=VECTOR('',#7163,1.223668673700E-1);
#7165=CARTESIAN_POINT('',(1.300767937910E1,7.983389435270E0));
#7166=LINE('',#7165,#7164);
#7167=TRIMMED_CURVE('',#7166,(PARAMETER_VALUE(0.E0)),(PARAMETER_VALUE(1.E0)),
.T.,.UNSPECIFIED.);
#7168=COMPOSITE_CURVE_SEGMENT(.CONTINUOUS.,.T.,#7167);
#7169=DIRECTION('',(8.059387334253E-1,5.919989509829E-1));
#7170=VECTOR('',#7169,1.228943999784E-1);
#7171=CARTESIAN_POINT('',(1.310243407048E1,8.060818103673E0));
#7172=LINE('',#7171,#7170);
#7173=TRIMMED_CURVE('',#7172,(PARAMETER_VALUE(0.E0)),(PARAMETER_VALUE(1.E0)),
.T.,.UNSPECIFIED.);
#7174=COMPOSITE_CURVE_SEGMENT(.CONTINUOUS.,.T.,#7173);
#7175=DIRECTION('',(8.353136866199E-1,5.497736306385E-1));
#7176=VECTOR('',#7175,1.232646405965E-1);
#7177=CARTESIAN_POINT('',(1.320147942755E1,8.133571459542E0));
#7178=LINE('',#7177,#7176);
#7179=TRIMMED_CURVE('',#7178,(PARAMETER_VALUE(0.E0)),(PARAMETER_VALUE(1.E0)),
.T.,.UNSPECIFIED.);
#7180=COMPOSITE_CURVE_SEGMENT(.CONTINUOUS.,.T.,#7179);
#7181=DIRECTION('',(8.624552674472E-1,5.061332943530E-1));
#7182=VECTOR('',#7181,1.234391784622E-1);
#7183=CARTESIAN_POINT('',(1.330444406891E1,8.201339108532E0));
#7184=LINE('',#7183,#7182);
#7185=TRIMMED_CURVE('',#7184,(PARAMETER_VALUE(0.E0)),(PARAMETER_VALUE(1.E0)),
.T.,.UNSPECIFIED.);
#7186=COMPOSITE_CURVE_SEGMENT(.CONTINUOUS.,.T.,#7185);
#7187=DIRECTION('',(8.873426676435E-1,4.611106051472E-1));
#7188=VECTOR('',#7187,1.233846653385E-1);
#7189=CARTESIAN_POINT('',(1.341090483859E1,8.263815786579E0));
#7190=LINE('',#7189,#7188);
#7191=TRIMMED_CURVE('',#7190,(PARAMETER_VALUE(0.E0)),(PARAMETER_VALUE(1.E0)),
.T.,.UNSPECIFIED.);
#7192=COMPOSITE_CURVE_SEGMENT(.CONTINUOUS.,.T.,#7191);
#7193=DIRECTION('',(9.099482171259E-1,4.147218853031E-1));
#7194=VECTOR('',#7193,1.230746978233E-1);
#7195=CARTESIAN_POINT('',(1.352038931668E1,8.320709764279E0));
#7196=LINE('',#7195,#7194);
#7197=TRIMMED_CURVE('',#7196,(PARAMETER_VALUE(0.E0)),(PARAMETER_VALUE(1.E0)),
.T.,.UNSPECIFIED.);
#7198=COMPOSITE_CURVE_SEGMENT(.CONTINUOUS.,.T.,#7197);
#7199=DIRECTION('',(9.240179983337E-1,3.823489750938E-1));
#7200=VECTOR('',#7199,4.440987219552E-2);
#7201=CARTESIAN_POINT('',(1.363238091853E1,8.371751534994E0));
#7202=LINE('',#7201,#7200);
#7203=TRIMMED_CURVE('',#7202,(PARAMETER_VALUE(0.E0)),(PARAMETER_VALUE(1.E0)),
.T.,.UNSPECIFIED.);
#7204=COMPOSITE_CURVE_SEGMENT(.CONTINUOUS.,.T.,#7203);
#7205=DIRECTION('',(9.369840843558E-1,3.493720447661E-1));
#7206=VECTOR('',#7205,1.221216638456E-1);
#7207=CARTESIAN_POINT('',(1.367341643975E1,8.388731604112E0));
#7208=LINE('',#7207,#7206);
#7209=TRIMMED_CURVE('',#7208,(PARAMETER_VALUE(0.E0)),(PARAMETER_VALUE(1.E0)),
.T.,.UNSPECIFIED.);
#7210=COMPOSITE_CURVE_SEGMENT(.CONTINUOUS.,.T.,#7209);
#7211=DIRECTION('',(9.502444207419E-1,3.115052822165E-1));
#7212=VECTOR('',#7211,1.389982029180E-1);
#7213=CARTESIAN_POINT('',(1.378784249512E1,8.431397499520E0));
#7214=LINE('',#7213,#7212);
#7215=TRIMMED_CURVE('',#7214,(PARAMETER_VALUE(0.E0)),(PARAMETER_VALUE(1.E0)),
.T.,.UNSPECIFIED.);
#7216=COMPOSITE_CURVE_SEGMENT(.CONTINUOUS.,.T.,#7215);
#7217=DIRECTION('',(9.635454810596E-1,2.675445868069E-1));
#7218=VECTOR('',#7217,1.381739077429E-1);
#7219=CARTESIAN_POINT('',(1.391992476194E1,8.474696173947E0));
#7220=LINE('',#7219,#7218);
#7221=TRIMMED_CURVE('',#7220,(PARAMETER_VALUE(0.E0)),(PARAMETER_VALUE(1.E0)),
.T.,.UNSPECIFIED.);
#7222=COMPOSITE_CURVE_SEGMENT(.CONTINUOUS.,.T.,#7221);
#7223=DIRECTION('',(9.748225834057E-1,2.229819070738E-1));
#7224=VECTOR('',#7223,1.381220116515E-1);
#7225=CARTESIAN_POINT('',(1.405306160635E1,8.511663855002E0));
#7226=LINE('',#7225,#7224);
#7227=TRIMMED_CURVE('',#7226,(PARAMETER_VALUE(0.E0)),(PARAMETER_VALUE(1.E0)),
.T.,.UNSPECIFIED.);
#7228=COMPOSITE_CURVE_SEGMENT(.CONTINUOUS.,.T.,#7227);
#7229=DIRECTION('',(9.840002876185E-1,1.781668711259E-1));
#7230=VECTOR('',#7229,1.388531973081E-1);
#7231=CARTESIAN_POINT('',(1.418770606257E1,8.542462564569E0));
#7232=LINE('',#7231,#7230);
#7233=TRIMMED_CURVE('',#7232,(PARAMETER_VALUE(0.E0)),(PARAMETER_VALUE(1.E0)),
.T.,.UNSPECIFIED.);
#7234=COMPOSITE_CURVE_SEGMENT(.CONTINUOUS.,.T.,#7233);
#7235=DIRECTION('',(9.910545910247E-1,1.334571002565E-1));
#7236=VECTOR('',#7235,1.403868143361E-1);
#7237=CARTESIAN_POINT('',(1.432433764866E1,8.567201604279E0));
#7238=LINE('',#7237,#7236);
#7239=TRIMMED_CURVE('',#7238,(PARAMETER_VALUE(0.E0)),(PARAMETER_VALUE(1.E0)),
.T.,.UNSPECIFIED.);
#7240=COMPOSITE_CURVE_SEGMENT(.CONTINUOUS.,.T.,#7239);
#7241=DIRECTION('',(9.960131299572E-1,8.920675396451E-2));
#7242=VECTOR('',#7241,1.427521859899E-1);
#7243=CARTESIAN_POINT('',(1.446346864553E1,8.585937221435E0));
#7244=LINE('',#7243,#7242);
#7245=TRIMMED_CURVE('',#7244,(PARAMETER_VALUE(0.E0)),(PARAMETER_VALUE(1.E0)),
.T.,.UNSPECIFIED.);
#7246=COMPOSITE_CURVE_SEGMENT(.CONTINUOUS.,.T.,#7245);
#7247=DIRECTION('',(9.989526589107E-1,4.575571281551E-2));
#7248=VECTOR('',#7247,1.459904346186E-1);
#7249=CARTESIAN_POINT('',(1.460565169710E1,8.598671680568E0));
#7250=LINE('',#7249,#7248);
#7251=TRIMMED_CURVE('',#7250,(PARAMETER_VALUE(0.E0)),(PARAMETER_VALUE(1.E0)),
.T.,.UNSPECIFIED.);
#7252=COMPOSITE_CURVE_SEGMENT(.CONTINUOUS.,.T.,#7251);
#7253=DIRECTION('',(9.999941511571E-1,3.420182985815E-3));
#7254=VECTOR('',#7253,1.501570152642E-1);
#7255=CARTESIAN_POINT('',(1.475148922994E1,8.605351576968E0));
#7256=LINE('',#7255,#7254);
#7257=TRIMMED_CURVE('',#7256,(PARAMETER_VALUE(0.E0)),(PARAMETER_VALUE(1.E0)),
.T.,.UNSPECIFIED.);
#7258=COMPOSITE_CURVE_SEGMENT(.CONTINUOUS.,.T.,#7257);
#7259=DIRECTION('',(9.992960767008E-1,-3.751467833280E-2));
#7260=VECTOR('',#7259,1.553252432834E-1);
#7261=CARTESIAN_POINT('',(1.490164536696E1,8.605865141437E0));
#7262=LINE('',#7261,#7260);
#7263=TRIMMED_CURVE('',#7262,(PARAMETER_VALUE(0.E0)),(PARAMETER_VALUE(1.E0)),
.T.,.UNSPECIFIED.);
#7264=COMPOSITE_CURVE_SEGMENT(.CONTINUOUS.,.T.,#7263);
#7265=DIRECTION('',(9.970465374484E-1,-7.679975365978E-2));
#7266=VECTOR('',#7265,1.615912557253E-1);
#7267=CARTESIAN_POINT('',(1.505686127318E1,8.600038164898E0));
#7268=LINE('',#7267,#7266);
#7269=TRIMMED_CURVE('',#7268,(PARAMETER_VALUE(0.E0)),(PARAMETER_VALUE(1.E0)),
.T.,.UNSPECIFIED.);
#7270=COMPOSITE_CURVE_SEGMENT(.CONTINUOUS.,.T.,#7269);
#7271=DIRECTION('',(9.934549685038E-1,-1.142244525273E-1));
#7272=VECTOR('',#7271,1.690810989666E-1);
#7273=CARTESIAN_POINT('',(1.521797527519E1,8.587627996265E0));
#7274=LINE('',#7273,#7272);
#7275=TRIMMED_CURVE('',#7274,(PARAMETER_VALUE(0.E0)),(PARAMETER_VALUE(1.E0)),
.T.,.UNSPECIFIED.);
#7276=COMPOSITE_CURVE_SEGMENT(.CONTINUOUS.,.T.,#7275);
#7277=DIRECTION('',(9.902529082525E-1,-1.392809308463E-1));
#7278=VECTOR('',#7277,7.124068167727E-2);
#7279=CARTESIAN_POINT('',(1.538594973304E1,8.568314800303E0));
#7280=LINE('',#7279,#7278);
#7281=TRIMMED_CURVE('',#7280,(PARAMETER_VALUE(0.E0)),(PARAMETER_VALUE(1.E0)),
.T.,.UNSPECIFIED.);
#7282=COMPOSITE_CURVE_SEGMENT(.CONTINUOUS.,.T.,#7281);
#7283=DIRECTION('',(9.863948971902E-1,-1.643931470505E-1));
#7284=VECTOR('',#7283,4.879348731699E-2);
#7285=CARTESIAN_POINT('',(1.545649602525E1,8.558392331845E0));
#7286=LINE('',#7285,#7284);
#7287=TRIMMED_CURVE('',#7286,(PARAMETER_VALUE(0.E0)),(PARAMETER_VALUE(1.E0)),
.T.,.UNSPECIFIED.);
#7288=COMPOSITE_CURVE_SEGMENT(.CONTINUOUS.,.T.,#7287);
#7289=DIRECTION('',(9.804868337328E-1,-1.965847625748E-1));
#7290=VECTOR('',#7289,1.267461580963E-1);
#7291=CARTESIAN_POINT('',(1.550462567216E1,8.550371016909E0));
#7292=LINE('',#7291,#7290);
#7293=TRIMMED_CURVE('',#7292,(PARAMETER_VALUE(0.E0)),(PARAMETER_VALUE(1.E0)),
.T.,.UNSPECIFIED.);
#7294=COMPOSITE_CURVE_SEGMENT(.CONTINUOUS.,.T.,#7293);
#7295=DIRECTION('',(9.692448165751E-1,-2.460985281188E-1));
#7296=VECTOR('',#7295,1.198213322028E-1);
#7297=CARTESIAN_POINT('',(1.562889861140E1,8.525454653513E0));
#7298=LINE('',#7297,#7296);
#7299=TRIMMED_CURVE('',#7298,(PARAMETER_VALUE(0.E0)),(PARAMETER_VALUE(1.E0)),
.T.,.UNSPECIFIED.);
#7300=COMPOSITE_CURVE_SEGMENT(.CONTINUOUS.,.T.,#7299);
#7301=DIRECTION('',(9.546411771651E-1,-2.977586654673E-1));
#7302=VECTOR('',#7301,1.146802013051E-1);
#7303=CARTESIAN_POINT('',(1.574503481655E1,8.495966800020E0));
#7304=LINE('',#7303,#7302);
#7305=TRIMMED_CURVE('',#7304,(PARAMETER_VALUE(0.E0)),(PARAMETER_VALUE(1.E0)),
.T.,.UNSPECIFIED.);
#7306=COMPOSITE_CURVE_SEGMENT(.CONTINUOUS.,.T.,#7305);
#7307=DIRECTION('',(9.364563541896E-1,-3.507841169408E-1));
#7308=VECTOR('',#7307,1.111839553645E-1);
#7309=CARTESIAN_POINT('',(1.585451325892E1,8.461819776324E0));
#7310=LINE('',#7309,#7308);
#7311=TRIMMED_CURVE('',#7310,(PARAMETER_VALUE(0.E0)),(PARAMETER_VALUE(1.E0)),
.T.,.UNSPECIFIED.);
#7312=COMPOSITE_CURVE_SEGMENT(.CONTINUOUS.,.T.,#7311);
#7313=DIRECTION('',(9.146342961784E-1,-4.042822086789E-1));
#7314=VECTOR('',#7313,1.092547325368E-1);
#7315=CARTESIAN_POINT('',(1.595863218041E1,8.422818210724E0));
#7316=LINE('',#7315,#7314);
#7317=TRIMMED_CURVE('',#7316,(PARAMETER_VALUE(0.E0)),(PARAMETER_VALUE(1.E0)),
.T.,.UNSPECIFIED.);
#7318=COMPOSITE_CURVE_SEGMENT(.CONTINUOUS.,.T.,#7317);
#7319=DIRECTION('',(8.893690633044E-1,-4.571899706217E-1));
#7320=VECTOR('',#7319,1.084238625570E-1);
#7321=CARTESIAN_POINT('',(1.605856030580E1,8.378648466145E0));
#7322=LINE('',#7321,#7320);
#7323=TRIMMED_CURVE('',#7322,(PARAMETER_VALUE(0.E0)),(PARAMETER_VALUE(1.E0)),
.T.,.UNSPECIFIED.);
#7324=COMPOSITE_CURVE_SEGMENT(.CONTINUOUS.,.T.,#7323);
#7325=DIRECTION('',(8.693867947442E-1,-4.941321696920E-1));
#7326=VECTOR('',#7325,8.459539061515E-2);
#7327=CARTESIAN_POINT('',(1.615498913489E1,8.329078163608E0));
#7328=LINE('',#7327,#7326);
#7329=TRIMMED_CURVE('',#7328,(PARAMETER_VALUE(0.E0)),(PARAMETER_VALUE(1.E0)),
.T.,.UNSPECIFIED.);
#7330=COMPOSITE_CURVE_SEGMENT(.CONTINUOUS.,.T.,#7329);
#7331=DIRECTION('',(8.377918917136E-1,-5.459896942058E-1));
#7332=VECTOR('',#7331,8.655321725929E-2);
#7333=CARTESIAN_POINT('',(1.622853525038E1,8.287276859697E0));
#7334=LINE('',#7333,#7332);
#7335=TRIMMED_CURVE('',#7334,(PARAMETER_VALUE(0.E0)),(PARAMETER_VALUE(1.E0)),
.T.,.UNSPECIFIED.);
#7336=COMPOSITE_CURVE_SEGMENT(.CONTINUOUS.,.T.,#7335);
#7337=DIRECTION('',(8.057473797127E-1,-5.922593689307E-1));
#7338=VECTOR('',#7337,1.024199685082E-1);
#7339=CARTESIAN_POINT('',(1.630104883401E1,8.240019695073E0));
#7340=LINE('',#7339,#7338);
#7341=TRIMMED_CURVE('',#7340,(PARAMETER_VALUE(0.E0)),(PARAMETER_VALUE(1.E0)),
.T.,.UNSPECIFIED.);
#7342=COMPOSITE_CURVE_SEGMENT(.CONTINUOUS.,.T.,#7341);
#7343=DIRECTION('',(7.689073306032E-1,-6.393602403534E-1));
#7344=VECTOR('',#7343,9.616333152215E-2);
#7345=CARTESIAN_POINT('',(1.638357345526E1,8.179360509159E0));
#7346=LINE('',#7345,#7344);
#7347=TRIMMED_CURVE('',#7346,(PARAMETER_VALUE(0.E0)),(PARAMETER_VALUE(1.E0)),
.T.,.UNSPECIFIED.);
#7348=COMPOSITE_CURVE_SEGMENT(.CONTINUOUS.,.T.,#7347);
#7349=DIRECTION('',(7.262756763727E-1,-6.874035509869E-1));
#7350=VECTOR('',#7349,8.509803497862E-2);
#7351=CARTESIAN_POINT('',(1.645751414580E1,8.117877498404E0));
#7352=LINE('',#7351,#7350);
#7353=TRIMMED_CURVE('',#7352,(PARAMETER_VALUE(0.E0)),(PARAMETER_VALUE(1.E0)),
.T.,.UNSPECIFIED.);
#7354=COMPOSITE_CURVE_SEGMENT(.CONTINUOUS.,.T.,#7353);
#7355=DIRECTION('',(6.739818492693E-1,-7.387479048062E-1));
#7356=VECTOR('',#7355,7.229824892088E-2);
#7357=CARTESIAN_POINT('',(1.651931877872E1,8.059380806977E0));
#7358=LINE('',#7357,#7356);
#7359=TRIMMED_CURVE('',#7358,(PARAMETER_VALUE(0.E0)),(PARAMETER_VALUE(1.E0)),
.T.,.UNSPECIFIED.);
#7360=COMPOSITE_CURVE_SEGMENT(.CONTINUOUS.,.T.,#7359);
#7361=DIRECTION('',(6.071583688650E-1,-7.945808424051E-1));
#7362=VECTOR('',#7361,5.974924879097E-2);
#7363=CARTESIAN_POINT('',(1.656804648622E1,8.005970627066E0));
#7364=LINE('',#7363,#7362);
#7365=TRIMMED_CURVE('',#7364,(PARAMETER_VALUE(0.E0)),(PARAMETER_VALUE(1.E0)),
.T.,.UNSPECIFIED.);
#7366=COMPOSITE_CURVE_SEGMENT(.CONTINUOUS.,.T.,#7365);
#7367=DIRECTION('',(5.194229845352E-1,-8.545172690687E-1));
#7368=VECTOR('',#7367,4.855608691336E-2);
#7369=CARTESIAN_POINT('',(1.660432374266E1,7.958495018628E0));
#7370=LINE('',#7369,#7368);
#7371=TRIMMED_CURVE('',#7370,(PARAMETER_VALUE(0.E0)),(PARAMETER_VALUE(1.E0)),
.T.,.UNSPECIFIED.);
#7372=COMPOSITE_CURVE_SEGMENT(.CONTINUOUS.,.T.,#7371);
#7373=DIRECTION('',(4.026919615839E-1,-9.153355581838E-1));
#7374=VECTOR('',#7373,3.926207817816E-2);
#7375=CARTESIAN_POINT('',(1.662954489024E1,7.917003003843E0));
#7376=LINE('',#7375,#7374);
#7377=TRIMMED_CURVE('',#7376,(PARAMETER_VALUE(0.E0)),(PARAMETER_VALUE(1.E0)),
.T.,.UNSPECIFIED.);
#7378=COMPOSITE_CURVE_SEGMENT(.CONTINUOUS.,.T.,#7377);
#7379=COMPOSITE_CURVE('',(#7018,#7024,#7030,#7036,#7042,#7048,#7054,#7060,#7066,
#7072,#7078,#7084,#7090,#7096,#7102,#7108,#7114,#7120,#7126,#7132,#7138,#7144,
#7150,#7156,#7162,#7168,#7174,#7180,#7186,#7192,#7198,#7204,#7210,#7216,#7222,
#7228,#7234,#7240,#7246,#7252,#7258,#7264,#7270,#7276,#7282,#7288,#7294,#7300,
#7306,#7312,#7318,#7324,#7330,#7336,#7342,#7348,#7354,#7360,#7366,#7372,#7378),
.F.);
#7380=(ANNOTATION_CURVE_OCCURRENCE()ANNOTATION_OCCURRENCE()DRAUGHTING_ANNOTATION_OCCURRENCE()GEOMETRIC_REPRESENTATION_ITEM()REPRESENTATION_ITEM('')STYLED_ITEM((
#41),#7379));
#7381=DIRECTION('',(0.E0,-1.E0));
#7382=VECTOR('',#7381,1.022978040651E-1);
#7383=CARTESIAN_POINT('',(1.236969047047E1,1.269948323250E-1));
#7384=LINE('',#7383,#7382);
#7385=TRIMMED_CURVE('',#7384,(PARAMETER_VALUE(0.E0)),(PARAMETER_VALUE(1.E0)),
.T.,.UNSPECIFIED.);
#7386=(ANNOTATION_CURVE_OCCURRENCE()ANNOTATION_OCCURRENCE()DRAUGHTING_ANNOTATION_OCCURRENCE()GEOMETRIC_REPRESENTATION_ITEM()REPRESENTATION_ITEM('')STYLED_ITEM((
#41),#7385));
#7387=DIRECTION('',(9.196791854895E-1,-3.926705944903E-1));
#7388=VECTOR('',#7387,6.827976423536E-1);
#7389=CARTESIAN_POINT('',(3.733675830971E0,1.147234022066E1));
#7390=LINE('',#7389,#7388);
#7391=TRIMMED_CURVE('',#7390,(PARAMETER_VALUE(0.E0)),(PARAMETER_VALUE(1.E0)),
.T.,.UNSPECIFIED.);
#7392=(ANNOTATION_CURVE_OCCURRENCE()ANNOTATION_OCCURRENCE()DRAUGHTING_ANNOTATION_OCCURRENCE()GEOMETRIC_REPRESENTATION_ITEM()REPRESENTATION_ITEM('')STYLED_ITEM((
#41),#7391));
#7393=DIRECTION('',(-5.022268104953E-1,-8.647359312644E-1));
#7394=VECTOR('',#7393,2.129246237613E-2);
#7395=CARTESIAN_POINT('',(1.100091097048E1,3.210398355317E-1));
#7396=LINE('',#7395,#7394);
#7397=TRIMMED_CURVE('',#7396,(PARAMETER_VALUE(0.E0)),(PARAMETER_VALUE(1.E0)),
.T.,.UNSPECIFIED.);
#7398=COMPOSITE_CURVE_SEGMENT(.CONTINUOUS.,.T.,#7397);
#7399=DIRECTION('',(-5.425198312100E-1,-8.400429945806E-1));
#7400=VECTOR('',#7399,2.086345230788E-2);
#7401=CARTESIAN_POINT('',(1.099021732502E1,3.026274782500E-1));
#7402=LINE('',#7401,#7400);
#7403=TRIMMED_CURVE('',#7402,(PARAMETER_VALUE(0.E0)),(PARAMETER_VALUE(1.E0)),
.T.,.UNSPECIFIED.);
#7404=COMPOSITE_CURVE_SEGMENT(.CONTINUOUS.,.T.,#7403);
#7405=DIRECTION('',(-5.823718593815E-1,-8.129225162342E-1));
#7406=VECTOR('',#7405,2.053149078571E-2);
#7407=CARTESIAN_POINT('',(1.097889848839E1,2.851012812960E-1));
#7408=LINE('',#7407,#7406);
#7409=TRIMMED_CURVE('',#7408,(PARAMETER_VALUE(0.E0)),(PARAMETER_VALUE(1.E0)),
.T.,.UNSPECIFIED.);
#7410=COMPOSITE_CURVE_SEGMENT(.CONTINUOUS.,.T.,#7409);
#7411=DIRECTION('',(-6.117894103956E-1,-7.910206807207E-1));
#7412=VECTOR('',#7411,1.017332747119E-2);
#7413=CARTESIAN_POINT('',(1.096694152593E1,2.684107701444E-1));
#7414=LINE('',#7413,#7412);
#7415=TRIMMED_CURVE('',#7414,(PARAMETER_VALUE(0.E0)),(PARAMETER_VALUE(1.E0)),
.T.,.UNSPECIFIED.);
#7416=COMPOSITE_CURVE_SEGMENT(.CONTINUOUS.,.T.,#7415);
#7417=DIRECTION('',(-6.310847746039E-1,-7.757138694539E-1));
#7418=VECTOR('',#7417,1.012406557646E-2);
#7419=CARTESIAN_POINT('',(1.096071759191E1,2.603634577230E-1));
#7420=LINE('',#7419,#7418);
#7421=TRIMMED_CURVE('',#7420,(PARAMETER_VALUE(0.E0)),(PARAMETER_VALUE(1.E0)),
.T.,.UNSPECIFIED.);
#7422=COMPOSITE_CURVE_SEGMENT(.CONTINUOUS.,.T.,#7421);
#7423=DIRECTION('',(-6.594412684935E-1,-7.517560863789E-1));
#7424=VECTOR('',#7423,2.012916613381E-2);
#7425=CARTESIAN_POINT('',(1.095432844827E1,2.525100796400E-1));
#7426=LINE('',#7425,#7424);
#7427=TRIMMED_CURVE('',#7426,(PARAMETER_VALUE(0.E0)),(PARAMETER_VALUE(1.E0)),
.T.,.UNSPECIFIED.);
#7428=COMPOSITE_CURVE_SEGMENT(.CONTINUOUS.,.T.,#7427);
#7429=DIRECTION('',(-6.959770777485E-1,-7.180639994100E-1));
#7430=VECTOR('',#7429,2.005004802410E-2);
#7431=CARTESIAN_POINT('',(1.094105444542E1,2.373778564852E-1));
#7432=LINE('',#7431,#7430);
#7433=TRIMMED_CURVE('',#7432,(PARAMETER_VALUE(0.E0)),(PARAMETER_VALUE(1.E0)),
.T.,.UNSPECIFIED.);
#7434=COMPOSITE_CURVE_SEGMENT(.CONTINUOUS.,.T.,#7433);
#7435=DIRECTION('',(-7.307859780693E-1,-6.826066614510E-1));
#7436=VECTOR('',#7435,2.006657288826E-2);
#7437=CARTESIAN_POINT('',(1.092710007159E1,2.229806388127E-1));
#7438=LINE('',#7437,#7436);
#7439=TRIMMED_CURVE('',#7438,(PARAMETER_VALUE(0.E0)),(PARAMETER_VALUE(1.E0)),
.T.,.UNSPECIFIED.);
#7440=COMPOSITE_CURVE_SEGMENT(.CONTINUOUS.,.T.,#7439);
#7441=DIRECTION('',(-7.636301428515E-1,-6.456539358887E-1));
#7442=VECTOR('',#7441,2.017907324472E-2);
#7443=CARTESIAN_POINT('',(1.091243570149E1,2.092830624867E-1));
#7444=LINE('',#7443,#7442);
#7445=TRIMMED_CURVE('',#7444,(PARAMETER_VALUE(0.E0)),(PARAMETER_VALUE(1.E0)),
.T.,.UNSPECIFIED.);
#7446=COMPOSITE_CURVE_SEGMENT(.CONTINUOUS.,.T.,#7445);
#7447=DIRECTION('',(-7.943158199744E-1,-6.075050437144E-1));
#7448=VECTOR('',#7447,2.038836460621E-2);
#7449=CARTESIAN_POINT('',(1.089702635291E1,1.962543644236E-1));
#7450=LINE('',#7449,#7448);
#7451=TRIMMED_CURVE('',#7450,(PARAMETER_VALUE(0.E0)),(PARAMETER_VALUE(1.E0)),
.T.,.UNSPECIFIED.);
#7452=COMPOSITE_CURVE_SEGMENT(.CONTINUOUS.,.T.,#7451);
#7453=DIRECTION('',(-8.226982993131E-1,-5.684782390798E-1));
#7454=VECTOR('',#7453,2.069578141346E-2);
#7455=CARTESIAN_POINT('',(1.088083155236E1,1.838683300923E-1));
#7456=LINE('',#7455,#7454);
#7457=TRIMMED_CURVE('',#7456,(PARAMETER_VALUE(0.E0)),(PARAMETER_VALUE(1.E0)),
.T.,.UNSPECIFIED.);
#7458=COMPOSITE_CURVE_SEGMENT(.CONTINUOUS.,.T.,#7457);
#7459=DIRECTION('',(-8.486841787720E-1,-5.288999571773E-1));
#7460=VECTOR('',#7459,2.110322370981E-2);
#7461=CARTESIAN_POINT('',(1.086380516819E1,1.721032287180E-1));
#7462=LINE('',#7461,#7460);
#7463=TRIMMED_CURVE('',#7462,(PARAMETER_VALUE(0.E0)),(PARAMETER_VALUE(1.E0)),
.T.,.UNSPECIFIED.);
#7464=COMPOSITE_CURVE_SEGMENT(.CONTINUOUS.,.T.,#7463);
#7465=DIRECTION('',(-8.631131614696E-1,-5.050105647389E-1));
#7466=VECTOR('',#7465,4.331450517265E-3);
#7467=CARTESIAN_POINT('',(1.084589519610E1,1.609417346015E-1));
#7468=LINE('',#7467,#7466);
#7469=TRIMMED_CURVE('',#7468,(PARAMETER_VALUE(0.E0)),(PARAMETER_VALUE(1.E0)),
.T.,.UNSPECIFIED.);
#7470=COMPOSITE_CURVE_SEGMENT(.CONTINUOUS.,.T.,#7469);
#7471=DIRECTION('',(-8.870354808170E-1,-4.617012624758E-1));
#7472=VECTOR('',#7471,2.166421703219E-2);
#7473=CARTESIAN_POINT('',(1.084215666416E1,1.587543063297E-1));
#7474=LINE('',#7473,#7472);
#7475=TRIMMED_CURVE('',#7474,(PARAMETER_VALUE(0.E0)),(PARAMETER_VALUE(1.E0)),
.T.,.UNSPECIFIED.);
#7476=COMPOSITE_CURVE_SEGMENT(.CONTINUOUS.,.T.,#7475);
#7477=DIRECTION('',(-9.075001386033E-1,-4.200517806593E-1));
#7478=VECTOR('',#7477,2.134154244911E-2);
#7479=CARTESIAN_POINT('',(1.082293973498E1,1.487519099754E-1));
#7480=LINE('',#7479,#7478);
#7481=TRIMMED_CURVE('',#7480,(PARAMETER_VALUE(0.E0)),(PARAMETER_VALUE(1.E0)),
.T.,.UNSPECIFIED.);
#7482=COMPOSITE_CURVE_SEGMENT(.CONTINUOUS.,.T.,#7481);
#7483=DIRECTION('',(-9.217507186257E-1,-3.877829453612E-1));
#7484=VECTOR('',#7483,1.058746002762E-2);
#7485=CARTESIAN_POINT('',(1.080357228225E1,1.397873570676E-1));
#7486=LINE('',#7485,#7484);
#7487=TRIMMED_CURVE('',#7486,(PARAMETER_VALUE(0.E0)),(PARAMETER_VALUE(1.E0)),
.T.,.UNSPECIFIED.);
#7488=COMPOSITE_CURVE_SEGMENT(.CONTINUOUS.,.T.,#7487);
#7489=DIRECTION('',(-9.306703117187E-1,-3.658589494400E-1));
#7490=VECTOR('',#7489,1.054266237297E-2);
#7491=CARTESIAN_POINT('',(1.079381328336E1,1.356817206342E-1));
#7492=LINE('',#7491,#7490);
#7493=TRIMMED_CURVE('',#7492,(PARAMETER_VALUE(0.E0)),(PARAMETER_VALUE(1.E0)),
.T.,.UNSPECIFIED.);
#7494=COMPOSITE_CURVE_SEGMENT(.CONTINUOUS.,.T.,#7493);
#7495=DIRECTION('',(-9.431104590582E-1,-3.324795663120E-1));
#7496=VECTOR('',#7495,2.098417286261E-2);
#7497=CARTESIAN_POINT('',(1.078400154049E1,1.318245932541E-1));
#7498=LINE('',#7497,#7496);
#7499=TRIMMED_CURVE('',#7498,(PARAMETER_VALUE(0.E0)),(PARAMETER_VALUE(1.E0)),
.T.,.UNSPECIFIED.);
#7500=COMPOSITE_CURVE_SEGMENT(.CONTINUOUS.,.T.,#7499);
#7501=DIRECTION('',(-9.578587506174E-1,-2.872396453585E-1));
#7502=VECTOR('',#7501,2.094992939927E-2);
#7503=CARTESIAN_POINT('',(1.076421114759E1,1.248477845613E-1));
#7504=LINE('',#7503,#7502);
#7505=TRIMMED_CURVE('',#7504,(PARAMETER_VALUE(0.E0)),(PARAMETER_VALUE(1.E0)),
.T.,.UNSPECIFIED.);
#7506=COMPOSITE_CURVE_SEGMENT(.CONTINUOUS.,.T.,#7505);
#7507=DIRECTION('',(-9.704027074463E-1,-2.414924126779E-1));
#7508=VECTOR('',#7507,2.102623811175E-2);
#7509=CARTESIAN_POINT('',(1.074414407439E1,1.188301342704E-1));
#7510=LINE('',#7509,#7508);
#7511=TRIMMED_CURVE('',#7510,(PARAMETER_VALUE(0.E0)),(PARAMETER_VALUE(1.E0)),
.T.,.UNSPECIFIED.);
#7512=COMPOSITE_CURVE_SEGMENT(.CONTINUOUS.,.T.,#7511);
#7513=DIRECTION('',(-9.806855788732E-1,-1.955908877993E-1));
#7514=VECTOR('',#7513,2.121429441212E-2);
#7515=CARTESIAN_POINT('',(1.072374015599E1,1.137524572993E-1));
#7516=LINE('',#7515,#7514);
#7517=TRIMMED_CURVE('',#7516,(PARAMETER_VALUE(0.E0)),(PARAMETER_VALUE(1.E0)),
.T.,.UNSPECIFIED.);
#7518=COMPOSITE_CURVE_SEGMENT(.CONTINUOUS.,.T.,#7517);
#7519=DIRECTION('',(-9.887029975370E-1,-1.498879003168E-1));
#7520=VECTOR('',#7519,2.151623376154E-2);
#7521=CARTESIAN_POINT('',(1.070293560340E1,1.096031346212E-1));
#7522=LINE('',#7521,#7520);
#7523=TRIMMED_CURVE('',#7522,(PARAMETER_VALUE(0.E0)),(PARAMETER_VALUE(1.E0)),
.T.,.UNSPECIFIED.);
#7524=COMPOSITE_CURVE_SEGMENT(.CONTINUOUS.,.T.,#7523);
#7525=DIRECTION('',(-9.945012321228E-1,-1.047248743436E-1));
#7526=VECTOR('',#7525,2.193523188335E-2);
#7527=CARTESIAN_POINT('',(1.068166243858E1,1.063781115199E-1));
#7528=LINE('',#7527,#7526);
#7529=TRIMMED_CURVE('',#7528,(PARAMETER_VALUE(0.E0)),(PARAMETER_VALUE(1.E0)),
.T.,.UNSPECIFIED.);
#7530=COMPOSITE_CURVE_SEGMENT(.CONTINUOUS.,.T.,#7529);
#7531=DIRECTION('',(-9.981729333955E-1,-6.042180928023E-2));
#7532=VECTOR('',#7531,2.247564171359E-2);
#7533=CARTESIAN_POINT('',(1.065984782345E1,1.040809471172E-1));
#7534=LINE('',#7533,#7532);
#7535=TRIMMED_CURVE('',#7534,(PARAMETER_VALUE(0.E0)),(PARAMETER_VALUE(1.E0)),
.T.,.UNSPECIFIED.);
#7536=COMPOSITE_CURVE_SEGMENT(.CONTINUOUS.,.T.,#7535);
#7537=DIRECTION('',(-9.998160652095E-1,-1.917904452799E-2));
#7538=VECTOR('',#7537,2.104339805132E-2);
#7539=CARTESIAN_POINT('',(1.063741324623E1,1.027229281802E-1));
#7540=LINE('',#7539,#7538);
#7541=TRIMMED_CURVE('',#7540,(PARAMETER_VALUE(0.E0)),(PARAMETER_VALUE(1.E0)),
.T.,.UNSPECIFIED.);
#7542=COMPOSITE_CURVE_SEGMENT(.CONTINUOUS.,.T.,#7541);
#7543=DIRECTION('',(-9.999600458032E-1,8.939060196079E-3));
#7544=VECTOR('',#7543,9.045471934869E-3);
#7545=CARTESIAN_POINT('',(1.061637371879E1,1.023193359119E-1));
#7546=LINE('',#7545,#7544);
#7547=TRIMMED_CURVE('',#7546,(PARAMETER_VALUE(0.E0)),(PARAMETER_VALUE(1.E0)),
.T.,.UNSPECIFIED.);
#7548=COMPOSITE_CURVE_SEGMENT(.CONTINUOUS.,.T.,#7547);
#7549=DIRECTION('',(-9.991865124043E-1,4.032757653789E-2));
#7550=VECTOR('',#7549,2.195437339715E-2);
#7551=CARTESIAN_POINT('',(1.060732860826E1,1.024001939300E-1));
#7552=LINE('',#7551,#7550);
#7553=TRIMMED_CURVE('',#7552,(PARAMETER_VALUE(0.E0)),(PARAMETER_VALUE(1.E0)),
.T.,.UNSPECIFIED.);
#7554=COMPOSITE_CURVE_SEGMENT(.CONTINUOUS.,.T.,#7553);
#7555=DIRECTION('',(-9.962979822352E-1,8.596703201828E-2));
#7556=VECTOR('',#7555,2.145315987948E-2);
#7557=CARTESIAN_POINT('',(1.058539209447E1,1.032855606036E-1));
#7558=LINE('',#7557,#7556);
#7559=TRIMMED_CURVE('',#7558,(PARAMETER_VALUE(0.E0)),(PARAMETER_VALUE(1.E0)),
.T.,.UNSPECIFIED.);
#7560=COMPOSITE_CURVE_SEGMENT(.CONTINUOUS.,.T.,#7559);
#7561=DIRECTION('',(-9.911879224937E-1,1.324632111291E-1));
#7562=VECTOR('',#7561,2.102767873538E-2);
#7563=CARTESIAN_POINT('',(1.056401835457E1,1.051298250858E-1));
#7564=LINE('',#7563,#7562);
#7565=TRIMMED_CURVE('',#7564,(PARAMETER_VALUE(0.E0)),(PARAMETER_VALUE(1.E0)),
.T.,.UNSPECIFIED.);
#7566=COMPOSITE_CURVE_SEGMENT(.CONTINUOUS.,.T.,#7565);
#7567=DIRECTION('',(-9.837440344840E-1,1.795763754427E-1));
#7568=VECTOR('',#7567,2.067753838082E-2);
#7569=CARTESIAN_POINT('',(1.054317597337E1,1.079152189337E-1));
#7570=LINE('',#7569,#7568);
#7571=TRIMMED_CURVE('',#7570,(PARAMETER_VALUE(0.E0)),(PARAMETER_VALUE(1.E0)),
.T.,.UNSPECIFIED.);
#7572=COMPOSITE_CURVE_SEGMENT(.CONTINUOUS.,.T.,#7571);
#7573=DIRECTION('',(-9.738850261344E-1,2.270417491809E-1));
#7574=VECTOR('',#7573,2.040243908543E-2);
#7575=CARTESIAN_POINT('',(1.052283456834E1,1.116284163292E-1));
#7576=LINE('',#7575,#7574);
#7577=TRIMMED_CURVE('',#7576,(PARAMETER_VALUE(0.E0)),(PARAMETER_VALUE(1.E0)),
.T.,.UNSPECIFIED.);
#7578=COMPOSITE_CURVE_SEGMENT(.CONTINUOUS.,.T.,#7577);
#7579=DIRECTION('',(-9.615656812499E-1,2.745750182416E-1));
#7580=VECTOR('',#7579,2.020217454747E-2);
#7581=CARTESIAN_POINT('',(1.050296493842E1,1.162606217867E-1));
#7582=LINE('',#7581,#7580);
#7583=TRIMMED_CURVE('',#7582,(PARAMETER_VALUE(0.E0)),(PARAMETER_VALUE(1.E0)),
.T.,.UNSPECIFIED.);
#7584=COMPOSITE_CURVE_SEGMENT(.CONTINUOUS.,.T.,#7583);
#7585=DIRECTION('',(-9.467807487293E-1,3.218791913678E-1));
#7586=VECTOR('',#7585,2.007663274683E-2);
#7587=CARTESIAN_POINT('',(1.048353922069E1,1.218076342316E-1));
#7588=LINE('',#7587,#7586);
#7589=TRIMMED_CURVE('',#7588,(PARAMETER_VALUE(0.E0)),(PARAMETER_VALUE(1.E0)),
.T.,.UNSPECIFIED.);
#7590=COMPOSITE_CURVE_SEGMENT(.CONTINUOUS.,.T.,#7589);
#7591=DIRECTION('',(-9.295672794190E-1,3.686525098701E-1));
#7592=VECTOR('',#7591,2.002579605755E-2);
#7593=CARTESIAN_POINT('',(1.046453105131E1,1.282698845455E-1));
#7594=LINE('',#7593,#7592);
#7595=TRIMMED_CURVE('',#7594,(PARAMETER_VALUE(0.E0)),(PARAMETER_VALUE(1.E0)),
.T.,.UNSPECIFIED.);
#7596=COMPOSITE_CURVE_SEGMENT(.CONTINUOUS.,.T.,#7595);
#7597=DIRECTION('',(-9.100134712216E-1,4.145786803433E-1));
#7598=VECTOR('',#7597,2.003358391003E-2);
#7599=CARTESIAN_POINT('',(1.044591572655E1,1.356524445243E-1));
#7600=LINE('',#7599,#7598);
#7601=TRIMMED_CURVE('',#7600,(PARAMETER_VALUE(0.E0)),(PARAMETER_VALUE(1.E0)),
.T.,.UNSPECIFIED.);
#7602=COMPOSITE_CURVE_SEGMENT(.CONTINUOUS.,.T.,#7601);
#7603=DIRECTION('',(-8.882572896410E-1,4.593462608965E-1));
#7604=VECTOR('',#7603,2.010728015314E-2);
#7605=CARTESIAN_POINT('',(1.042768489531E1,1.439579413043E-1));
#7606=LINE('',#7605,#7604);
#7607=TRIMMED_CURVE('',#7606,(PARAMETER_VALUE(0.E0)),(PARAMETER_VALUE(1.E0)),
.T.,.UNSPECIFIED.);
#7608=COMPOSITE_CURVE_SEGMENT(.CONTINUOUS.,.T.,#7607);
#7609=DIRECTION('',(-8.644689294605E-1,5.026862540367E-1));
#7610=VECTOR('',#7609,2.025561685391E-2);
#7611=CARTESIAN_POINT('',(1.040982445714E1,1.531941452594E-1));
#7612=LINE('',#7611,#7610);
#7613=TRIMMED_CURVE('',#7612,(PARAMETER_VALUE(0.E0)),(PARAMETER_VALUE(1.E0)),
.T.,.UNSPECIFIED.);
#7614=COMPOSITE_CURVE_SEGMENT(.CONTINUOUS.,.T.,#7613);
#7615=DIRECTION('',(-8.388455310735E-1,5.443695206365E-1));
#7616=VECTOR('',#7615,2.047864081557E-2);
#7617=CARTESIAN_POINT('',(1.039231410572E1,1.633763654189E-1));
#7618=LINE('',#7617,#7616);
#7619=TRIMMED_CURVE('',#7618,(PARAMETER_VALUE(0.E0)),(PARAMETER_VALUE(1.E0)),
.T.,.UNSPECIFIED.);
#7620=COMPOSITE_CURVE_SEGMENT(.CONTINUOUS.,.T.,#7619);
#7621=DIRECTION('',(-8.116084755125E-1,5.842017480942E-1));
#7622=VECTOR('',#7621,2.077649344978E-2);
#7623=CARTESIAN_POINT('',(1.037513568939E1,1.745243133030E-1));
#7624=LINE('',#7623,#7622);
#7625=TRIMMED_CURVE('',#7624,(PARAMETER_VALUE(0.E0)),(PARAMETER_VALUE(1.E0)),
.T.,.UNSPECIFIED.);
#7626=COMPOSITE_CURVE_SEGMENT(.CONTINUOUS.,.T.,#7625);
#7627=DIRECTION('',(-7.829959497295E-1,6.220268022418E-1));
#7628=VECTOR('',#7627,2.114941042876E-2);
#7629=CARTESIAN_POINT('',(1.035827331122E1,1.866619770956E-1));
#7630=LINE('',#7629,#7628);
#7631=TRIMMED_CURVE('',#7630,(PARAMETER_VALUE(0.E0)),(PARAMETER_VALUE(1.E0)),
.T.,.UNSPECIFIED.);
#7632=COMPOSITE_CURVE_SEGMENT(.CONTINUOUS.,.T.,#7631);
#7633=DIRECTION('',(-7.532553178702E-1,6.577282311869E-1));
#7634=VECTOR('',#7633,2.159772059431E-2);
#7635=CARTESIAN_POINT('',(1.034171340851E1,1.998174772339E-1));
#7636=LINE('',#7635,#7634);
#7637=TRIMMED_CURVE('',#7636,(PARAMETER_VALUE(0.E0)),(PARAMETER_VALUE(1.E0)),
.T.,.UNSPECIFIED.);
#7638=COMPOSITE_CURVE_SEGMENT(.CONTINUOUS.,.T.,#7637);
#7639=DIRECTION('',(-7.226357695007E-1,6.912290102695E-1));
#7640=VECTOR('',#7639,2.212184415250E-2);
#7641=CARTESIAN_POINT('',(1.032544481062E1,2.140229077981E-1));
#7642=LINE('',#7641,#7640);
#7643=TRIMMED_CURVE('',#7642,(PARAMETER_VALUE(0.E0)),(PARAMETER_VALUE(1.E0)),
.T.,.UNSPECIFIED.);
#7644=COMPOSITE_CURVE_SEGMENT(.CONTINUOUS.,.T.,#7643);
#7645=DIRECTION('',(-6.990766071640E-1,7.150467798096E-1));
#7646=VECTOR('',#7645,1.204401805662E-2);
#7647=CARTESIAN_POINT('',(1.030945877475E1,2.293141682369E-1));
#7648=LINE('',#7647,#7646);
#7649=TRIMMED_CURVE('',#7648,(PARAMETER_VALUE(0.E0)),(PARAMETER_VALUE(1.E0)),
.T.,.UNSPECIFIED.);
#7650=COMPOSITE_CURVE_SEGMENT(.CONTINUOUS.,.T.,#7649);
#7651=DIRECTION('',(-6.749214738327E-1,7.378895609504E-1));
#7652=VECTOR('',#7651,2.239347288220E-2);
#7653=CARTESIAN_POINT('',(1.030103908347E1,2.379262045643E-1));
#7654=LINE('',#7653,#7652);
#7655=TRIMMED_CURVE('',#7654,(PARAMETER_VALUE(0.E0)),(PARAMETER_VALUE(1.E0)),
.T.,.UNSPECIFIED.);
#7656=COMPOSITE_CURVE_SEGMENT(.CONTINUOUS.,.T.,#7655);
#7657=DIRECTION('',(-6.412886366590E-1,7.672997357565E-1));
#7658=VECTOR('',#7657,2.183299248491E-2);
#7659=CARTESIAN_POINT('',(1.028592524775E1,2.544501144375E-1));
#7660=LINE('',#7659,#7658);
#7661=TRIMMED_CURVE('',#7660,(PARAMETER_VALUE(0.E0)),(PARAMETER_VALUE(1.E0)),
.T.,.UNSPECIFIED.);
#7662=COMPOSITE_CURVE_SEGMENT(.CONTINUOUS.,.T.,#7661);
#7663=DIRECTION('',(-6.054773712155E-1,7.958625213854E-1));
#7664=VECTOR('',#7663,2.135134376372E-2);
#7665=CARTESIAN_POINT('',(1.027192399776E1,2.712025638019E-1));
#7666=LINE('',#7665,#7664);
#7667=TRIMMED_CURVE('',#7666,(PARAMETER_VALUE(0.E0)),(PARAMETER_VALUE(1.E0)),
.T.,.UNSPECIFIED.);
#7668=COMPOSITE_CURVE_SEGMENT(.CONTINUOUS.,.T.,#7667);
#7669=DIRECTION('',(-5.675616406971E-1,8.233309079643E-1));
#7670=VECTOR('',#7669,2.094779713200E-2);
#7671=CARTESIAN_POINT('',(1.025899624227E1,2.881952980847E-1));
#7672=LINE('',#7671,#7670);
#7673=TRIMMED_CURVE('',#7672,(PARAMETER_VALUE(0.E0)),(PARAMETER_VALUE(1.E0)),
.T.,.UNSPECIFIED.);
#7674=COMPOSITE_CURVE_SEGMENT(.CONTINUOUS.,.T.,#7673);
#7675=DIRECTION('',(-5.276546385228E-1,8.494589939752E-1));
#7676=VECTOR('',#7675,2.062176329109E-2);
#7677=CARTESIAN_POINT('',(1.024710707616E1,3.054422669172E-1));
#7678=LINE('',#7677,#7676);
#7679=TRIMMED_CURVE('',#7678,(PARAMETER_VALUE(0.E0)),(PARAMETER_VALUE(1.E0)),
.T.,.UNSPECIFIED.);
#7680=COMPOSITE_CURVE_SEGMENT(.CONTINUOUS.,.T.,#7679);
#7681=DIRECTION('',(-4.859092668057E-1,8.740092587795E-1));
#7682=VECTOR('',#7681,2.037279011997E-2);
#7683=CARTESIAN_POINT('',(1.023622590710E1,3.229596092165E-1));
#7684=LINE('',#7683,#7682);
#7685=TRIMMED_CURVE('',#7684,(PARAMETER_VALUE(0.E0)),(PARAMETER_VALUE(1.E0)),
.T.,.UNSPECIFIED.);
#7686=COMPOSITE_CURVE_SEGMENT(.CONTINUOUS.,.T.,#7685);
#7687=DIRECTION('',(-4.425168736664E-1,8.967601778182E-1));
#7688=VECTOR('',#7687,2.020055965802E-2);
#7689=CARTESIAN_POINT('',(1.022632657959E1,3.407656164085E-1));
#7690=LINE('',#7689,#7688);
#7691=TRIMMED_CURVE('',#7690,(PARAMETER_VALUE(0.E0)),(PARAMETER_VALUE(1.E0)),
.T.,.UNSPECIFIED.);
#7692=COMPOSITE_CURVE_SEGMENT(.CONTINUOUS.,.T.,#7691);
#7693=DIRECTION('',(-3.977041361969E-1,9.175137165470E-1));
#7694=VECTOR('',#7693,2.010488505504E-2);
#7695=CARTESIAN_POINT('',(1.021738749109E1,3.588806738795E-1));
#7696=LINE('',#7695,#7694);
#7697=TRIMMED_CURVE('',#7696,(PARAMETER_VALUE(0.E0)),(PARAMETER_VALUE(1.E0)),
.T.,.UNSPECIFIED.);
#7698=COMPOSITE_CURVE_SEGMENT(.CONTINUOUS.,.T.,#7697);
#7699=DIRECTION('',(-3.517281274041E-1,9.361021976220E-1));
#7700=VECTOR('',#7699,2.008570740557E-2);
#7701=CARTESIAN_POINT('',(1.020939169514E1,3.773271816871E-1));
#7702=LINE('',#7701,#7700);
#7703=TRIMMED_CURVE('',#7702,(PARAMETER_VALUE(0.E0)),(PARAMETER_VALUE(1.E0)),
.T.,.UNSPECIFIED.);
#7704=COMPOSITE_CURVE_SEGMENT(.CONTINUOUS.,.T.,#7703);
#7705=DIRECTION('',(-3.048697701385E-1,9.523940483097E-1));
#7706=VECTOR('',#7705,2.014309242522E-2);
#7707=CARTESIAN_POINT('',(1.020232698689E1,3.961294565302E-1));
#7708=LINE('',#7707,#7706);
#7709=TRIMMED_CURVE('',#7708,(PARAMETER_VALUE(0.E0)),(PARAMETER_VALUE(1.E0)),
.T.,.UNSPECIFIED.);
#7710=COMPOSITE_CURVE_SEGMENT(.CONTINUOUS.,.T.,#7709);
#7711=DIRECTION('',(-2.574260363887E-1,9.662980056842E-1));
#7712=VECTOR('',#7711,2.027722696384E-2);
#7713=CARTESIAN_POINT('',(1.019618596693E1,4.153136178705E-1));
#7714=LINE('',#7713,#7712);
#7715=TRIMMED_CURVE('',#7714,(PARAMETER_VALUE(0.E0)),(PARAMETER_VALUE(1.E0)),
.T.,.UNSPECIFIED.);
#7716=COMPOSITE_CURVE_SEGMENT(.CONTINUOUS.,.T.,#7715);
#7717=DIRECTION('',(-2.097168522743E-1,9.777621601761E-1));
#7718=VECTOR('',#7717,2.047508309057E-2);
#7719=CARTESIAN_POINT('',(1.019096608077E1,4.349074618465E-1));
#7720=LINE('',#7719,#7718);
#7721=TRIMMED_CURVE('',#7720,(PARAMETER_VALUE(0.E0)),(PARAMETER_VALUE(1.E0)),
.T.,.UNSPECIFIED.);
#7722=COMPOSITE_CURVE_SEGMENT(.CONTINUOUS.,.T.,#7721);
#7723=DIRECTION('',(-1.620743766336E-1,9.867785447804E-1));
#7724=VECTOR('',#7723,2.073764335258E-2);
#7725=CARTESIAN_POINT('',(1.018667211079E1,4.549272233189E-1));
#7726=LINE('',#7725,#7724);
#7727=TRIMMED_CURVE('',#7726,(PARAMETER_VALUE(0.E0)),(PARAMETER_VALUE(1.E0)),
.T.,.UNSPECIFIED.);
#7728=COMPOSITE_CURVE_SEGMENT(.CONTINUOUS.,.T.,#7727);
#7729=DIRECTION('',(-1.148028274271E-1,9.933882981064E-1));
#7730=VECTOR('',#7729,2.107765031454E-2);
#7731=CARTESIAN_POINT('',(1.018331107017E1,4.753906848486E-1));
#7732=LINE('',#7731,#7730);
#7733=TRIMMED_CURVE('',#7732,(PARAMETER_VALUE(0.E0)),(PARAMETER_VALUE(1.E0)),
.T.,.UNSPECIFIED.);
#7734=COMPOSITE_CURVE_SEGMENT(.CONTINUOUS.,.T.,#7733);
#7735=DIRECTION('',(-6.817203258129E-2,9.976735808739E-1));
#7736=VECTOR('',#7735,2.149543743777E-2);
#7737=CARTESIAN_POINT('',(1.018089129632E1,4.963289760226E-1));
#7738=LINE('',#7737,#7736);
#7739=TRIMMED_CURVE('',#7738,(PARAMETER_VALUE(0.E0)),(PARAMETER_VALUE(1.E0)),
.T.,.UNSPECIFIED.);
#7740=COMPOSITE_CURVE_SEGMENT(.CONTINUOUS.,.T.,#7739);
#7741=DIRECTION('',(-2.242639220282E-2,9.997484968395E-1));
#7742=VECTOR('',#7741,2.199146000963E-2);
#7743=CARTESIAN_POINT('',(1.017942590866E1,5.177744060636E-1));
#7744=LINE('',#7743,#7742);
#7745=TRIMMED_CURVE('',#7744,(PARAMETER_VALUE(0.E0)),(PARAMETER_VALUE(1.E0)),
.T.,.UNSPECIFIED.);
#7746=COMPOSITE_CURVE_SEGMENT(.CONTINUOUS.,.T.,#7745);
#7747=DIRECTION('',(2.224488213765E-2,9.997525519941E-1));
#7748=VECTOR('',#7747,2.222846745109E-2);
#7749=CARTESIAN_POINT('',(1.017893271955E1,5.397603351515E-1));
#7750=LINE('',#7749,#7748);
#7751=TRIMMED_CURVE('',#7750,(PARAMETER_VALUE(0.E0)),(PARAMETER_VALUE(1.E0)),
.T.,.UNSPECIFIED.);
#7752=COMPOSITE_CURVE_SEGMENT(.CONTINUOUS.,.T.,#7751);
#7753=DIRECTION('',(6.759021001404E-2,9.977131669524E-1));
#7754=VECTOR('',#7753,2.175763830378E-2);
#7755=CARTESIAN_POINT('',(1.017942718919E1,5.619833022127E-1));
#7756=LINE('',#7755,#7754);
#7757=TRIMMED_CURVE('',#7756,(PARAMETER_VALUE(0.E0)),(PARAMETER_VALUE(1.E0)),
.T.,.UNSPECIFIED.);
#7758=COMPOSITE_CURVE_SEGMENT(.CONTINUOUS.,.T.,#7757);
#7759=DIRECTION('',(1.021736269989E-1,9.947665806338E-1));
#7760=VECTOR('',#7759,1.073415587385E-2);
#7761=CARTESIAN_POINT('',(1.018089779253E1,5.836911844301E-1));
#7762=LINE('',#7761,#7760);
#7763=TRIMMED_CURVE('',#7762,(PARAMETER_VALUE(0.E0)),(PARAMETER_VALUE(1.E0)),
.T.,.UNSPECIFIED.);
#7764=COMPOSITE_CURVE_SEGMENT(.CONTINUOUS.,.T.,#7763);
#7765=DIRECTION('',(1.254098981277E-1,9.921050133184E-1));
#7766=VECTOR('',#7765,1.064740473843E-2);
#7767=CARTESIAN_POINT('',(1.018199454017E1,5.943691639648E-1));
#7768=LINE('',#7767,#7766);
#7769=TRIMMED_CURVE('',#7768,(PARAMETER_VALUE(0.E0)),(PARAMETER_VALUE(1.E0)),
.T.,.UNSPECIFIED.);
#7770=COMPOSITE_CURVE_SEGMENT(.CONTINUOUS.,.T.,#7769);
#7771=DIRECTION('',(1.604204495228E-1,9.870487725411E-1));
#7772=VECTOR('',#7771,2.106282300986E-2);
#7773=CARTESIAN_POINT('',(1.018332983011E1,6.049325075846E-1));
#7774=LINE('',#7773,#7772);
#7775=TRIMMED_CURVE('',#7774,(PARAMETER_VALUE(0.E0)),(PARAMETER_VALUE(1.E0)),
.T.,.UNSPECIFIED.);
#7776=COMPOSITE_CURVE_SEGMENT(.CONTINUOUS.,.T.,#7775);
#7777=DIRECTION('',(2.072563529601E-1,9.782866676786E-1));
#7778=VECTOR('',#7777,2.083707453004E-2);
#7779=CARTESIAN_POINT('',(1.018670873765E1,6.257225411827E-1));
#7780=LINE('',#7779,#7778);
#7781=TRIMMED_CURVE('',#7780,(PARAMETER_VALUE(0.E0)),(PARAMETER_VALUE(1.E0)),
.T.,.UNSPECIFIED.);
#7782=COMPOSITE_CURVE_SEGMENT(.CONTINUOUS.,.T.,#7781);
#7783=DIRECTION('',(2.539429471862E-1,9.672191993413E-1));
#7784=VECTOR('',#7783,2.070332030556E-2);
#7785=CARTESIAN_POINT('',(1.019102735372E1,6.461071733889E-1));
#7786=LINE('',#7785,#7784);
#7787=TRIMMED_CURVE('',#7786,(PARAMETER_VALUE(0.E0)),(PARAMETER_VALUE(1.E0)),
.T.,.UNSPECIFIED.);
#7788=COMPOSITE_CURVE_SEGMENT(.CONTINUOUS.,.T.,#7787);
#7789=DIRECTION('',(3.001599236672E-1,9.538888930185E-1));
#7790=VECTOR('',#7789,2.066164164237E-2);
#7791=CARTESIAN_POINT('',(1.019628481590E1,6.661318222785E-1));
#7792=LINE('',#7791,#7790);
#7793=TRIMMED_CURVE('',#7792,(PARAMETER_VALUE(0.E0)),(PARAMETER_VALUE(1.E0)),
.T.,.UNSPECIFIED.);
#7794=COMPOSITE_CURVE_SEGMENT(.CONTINUOUS.,.T.,#7793);
#7795=DIRECTION('',(3.455927807555E-1,9.383845852792E-1));
#7796=VECTOR('',#7795,2.071254234658E-2);
#7797=CARTESIAN_POINT('',(1.020248661268E1,6.858407327527E-1));
#7798=LINE('',#7797,#7796);
#7799=TRIMMED_CURVE('',#7798,(PARAMETER_VALUE(0.E0)),(PARAMETER_VALUE(1.E0)),
.T.,.UNSPECIFIED.);
#7800=COMPOSITE_CURVE_SEGMENT(.CONTINUOUS.,.T.,#7799);
#7801=DIRECTION('',(3.899424585585E-1,9.208392253881E-1));
#7802=VECTOR('',#7801,2.085699158502E-2);
#7803=CARTESIAN_POINT('',(1.020964471778E1,7.052770632127E-1));
#7804=LINE('',#7803,#7802);
#7805=TRIMMED_CURVE('',#7804,(PARAMETER_VALUE(0.E0)),(PARAMETER_VALUE(1.E0)),
.T.,.UNSPECIFIED.);
#7806=COMPOSITE_CURVE_SEGMENT(.CONTINUOUS.,.T.,#7805);
#7807=DIRECTION('',(4.329341570568E-1,9.014255463728E-1));
#7808=VECTOR('',#7807,2.109647853483E-2);
#7809=CARTESIAN_POINT('',(1.021777774436E1,7.244829991878E-1));
#7810=LINE('',#7809,#7808);
#7811=TRIMMED_CURVE('',#7810,(PARAMETER_VALUE(0.E0)),(PARAMETER_VALUE(1.E0)),
.T.,.UNSPECIFIED.);
#7812=COMPOSITE_CURVE_SEGMENT(.CONTINUOUS.,.T.,#7811);
#7813=DIRECTION('',(4.743247542238E-1,8.803499460615E-1));
#7814=VECTOR('',#7813,2.143308199780E-2);
#7815=CARTESIAN_POINT('',(1.022691113051E1,7.434999038776E-1));
#7816=LINE('',#7815,#7814);
#7817=TRIMMED_CURVE('',#7816,(PARAMETER_VALUE(0.E0)),(PARAMETER_VALUE(1.E0)),
.T.,.UNSPECIFIED.);
#7818=COMPOSITE_CURVE_SEGMENT(.CONTINUOUS.,.T.,#7817);
#7819=DIRECTION('',(4.976602172825E-1,8.673720701835E-1));
#7820=VECTOR('',#7819,3.660210153134E-3);
#7821=CARTESIAN_POINT('',(1.023707737186E1,7.623685164582E-1));
#7822=LINE('',#7821,#7820);
#7823=TRIMMED_CURVE('',#7822,(PARAMETER_VALUE(0.E0)),(PARAMETER_VALUE(1.E0)),
.T.,.UNSPECIFIED.);
#7824=COMPOSITE_CURVE_SEGMENT(.CONTINUOUS.,.T.,#7823);
#7825=DIRECTION('',(4.920379239912E-1,8.705737656020E-1));
#7826=VECTOR('',#7825,1.064261973035E-2);
#7827=CARTESIAN_POINT('',(1.023889891284E1,7.655432805161E-1));
#7828=LINE('',#7827,#7826);
#7829=TRIMMED_CURVE('',#7828,(PARAMETER_VALUE(0.E0)),(PARAMETER_VALUE(1.E0)),
.T.,.UNSPECIFIED.);
#7830=COMPOSITE_CURVE_SEGMENT(.CONTINUOUS.,.T.,#7829);
#7831=DIRECTION('',(5.223415020672E-1,8.527363925729E-1));
#7832=VECTOR('',#7831,2.086392297402E-2);
#7833=CARTESIAN_POINT('',(1.024413548536E1,7.748084660506E-1));
#7834=LINE('',#7833,#7832);
#7835=TRIMMED_CURVE('',#7834,(PARAMETER_VALUE(0.E0)),(PARAMETER_VALUE(1.E0)),
.T.,.UNSPECIFIED.);
#7836=COMPOSITE_CURVE_SEGMENT(.CONTINUOUS.,.T.,#7835);
#7837=DIRECTION('',(5.627153105267E-1,8.266507601756E-1));
#7838=VECTOR('',#7837,2.039384956595E-2);
#7839=CARTESIAN_POINT('',(1.025503357822E1,7.925998924624E-1));
#7840=LINE('',#7839,#7838);
#7841=TRIMMED_CURVE('',#7840,(PARAMETER_VALUE(0.E0)),(PARAMETER_VALUE(1.E0)),
.T.,.UNSPECIFIED.);
#7842=COMPOSITE_CURVE_SEGMENT(.CONTINUOUS.,.T.,#7841);
#7843=DIRECTION('',(6.026525688426E-1,7.980036849962E-1));
#7844=VECTOR('',#7843,2.004236234685E-2);
#7845=CARTESIAN_POINT('',(1.026650950962E1,8.094584837090E-1));
#7846=LINE('',#7845,#7844);
#7847=TRIMMED_CURVE('',#7846,(PARAMETER_VALUE(0.E0)),(PARAMETER_VALUE(1.E0)),
.T.,.UNSPECIFIED.);
#7848=COMPOSITE_CURVE_SEGMENT(.CONTINUOUS.,.T.,#7847);
#7849=DIRECTION('',(6.417731160034E-1,7.668945609243E-1));
#7850=VECTOR('',#7849,1.980706735538E-2);
#7851=CARTESIAN_POINT('',(1.027858809077E1,8.254523627178E-1));
#7852=LINE('',#7851,#7850);
#7853=TRIMMED_CURVE('',#7852,(PARAMETER_VALUE(0.E0)),(PARAMETER_VALUE(1.E0)),
.T.,.UNSPECIFIED.);
#7854=COMPOSITE_CURVE_SEGMENT(.CONTINUOUS.,.T.,#7853);
#7855=DIRECTION('',(6.797032754506E-1,7.334871896235E-1));
#7856=VECTOR('',#7855,1.968653415643E-2);
#7857=CARTESIAN_POINT('',(1.029129973411E1,8.406422949405E-1));
#7858=LINE('',#7857,#7856);
#7859=TRIMMED_CURVE('',#7858,(PARAMETER_VALUE(0.E0)),(PARAMETER_VALUE(1.E0)),
.T.,.UNSPECIFIED.);
#7860=COMPOSITE_CURVE_SEGMENT(.CONTINUOUS.,.T.,#7859);
#7861=DIRECTION('',(7.071514251196E-1,7.070621344347E-1));
#7862=VECTOR('',#7861,9.833311050931E-3);
#7863=CARTESIAN_POINT('',(1.030468073585E1,8.550821155523E-1));
#7864=LINE('',#7863,#7862);
#7865=TRIMMED_CURVE('',#7864,(PARAMETER_VALUE(0.E0)),(PARAMETER_VALUE(1.E0)),
.T.,.UNSPECIFIED.);
#7866=COMPOSITE_CURVE_SEGMENT(.CONTINUOUS.,.T.,#7865);
#7867=DIRECTION('',(7.248903705993E-1,6.888642468676E-1));
#7868=VECTOR('',#7867,9.837776472577E-3);
#7869=CARTESIAN_POINT('',(1.031163437578E1,8.620348774526E-1));
#7870=LINE('',#7869,#7868);
#7871=TRIMMED_CURVE('',#7870,(PARAMETER_VALUE(0.E0)),(PARAMETER_VALUE(1.E0)),
.T.,.UNSPECIFIED.);
#7872=COMPOSITE_CURVE_SEGMENT(.CONTINUOUS.,.T.,#7871);
#7873=DIRECTION('',(7.505517412996E-1,6.608116854537E-1));
#7874=VECTOR('',#7873,1.973290505695E-2);
#7875=CARTESIAN_POINT('',(1.031876568521E1,8.688117699332E-1));
#7876=LINE('',#7875,#7874);
#7877=TRIMMED_CURVE('',#7876,(PARAMETER_VALUE(0.E0)),(PARAMETER_VALUE(1.E0)),
.T.,.UNSPECIFIED.);
#7878=COMPOSITE_CURVE_SEGMENT(.CONTINUOUS.,.T.,#7877);
#7879=DIRECTION('',(7.828293265306E-1,6.222364868148E-1));
#7880=VECTOR('',#7879,1.991049826353E-2);
#7881=CARTESIAN_POINT('',(1.033357625146E1,8.818515041828E-1));
#7882=LINE('',#7881,#7880);
#7883=TRIMMED_CURVE('',#7882,(PARAMETER_VALUE(0.E0)),(PARAMETER_VALUE(1.E0)),
.T.,.UNSPECIFIED.);
#7884=COMPOSITE_CURVE_SEGMENT(.CONTINUOUS.,.T.,#7883);
#7885=DIRECTION('',(8.127179707584E-1,5.826572749107E-1));
#7886=VECTOR('',#7885,2.020322358457E-2);
#7887=CARTESIAN_POINT('',(1.034916277341E1,8.942405426730E-1));
#7888=LINE('',#7887,#7886);
#7889=TRIMMED_CURVE('',#7888,(PARAMETER_VALUE(0.E0)),(PARAMETER_VALUE(1.E0)),
.T.,.UNSPECIFIED.);
#7890=COMPOSITE_CURVE_SEGMENT(.CONTINUOUS.,.T.,#7889);
#7891=DIRECTION('',(8.400860689731E-1,5.424531285902E-1));
#7892=VECTOR('',#7891,2.061295789796E-2);
#7893=CARTESIAN_POINT('',(1.036558229628E1,9.060120978712E-1));
#7894=LINE('',#7893,#7892);
#7895=TRIMMED_CURVE('',#7894,(PARAMETER_VALUE(0.E0)),(PARAMETER_VALUE(1.E0)),
.T.,.UNSPECIFIED.);
#7896=COMPOSITE_CURVE_SEGMENT(.CONTINUOUS.,.T.,#7895);
#7897=DIRECTION('',(8.648662244898E-1,5.020024041146E-1));
#7898=VECTOR('',#7897,2.114256109515E-2);
#7899=CARTESIAN_POINT('',(1.038289895505E1,9.171936613724E-1));
#7900=LINE('',#7899,#7898);
#7901=TRIMMED_CURVE('',#7900,(PARAMETER_VALUE(0.E0)),(PARAMETER_VALUE(1.E0)),
.T.,.UNSPECIFIED.);
#7902=COMPOSITE_CURVE_SEGMENT(.CONTINUOUS.,.T.,#7901);
#7903=DIRECTION('',(8.588269098034E-1,5.122658870134E-1));
#7904=VECTOR('',#7903,1.941600128286E-2);
#7905=CARTESIAN_POINT('',(1.040118444204E1,9.278072778714E-1));
#7906=LINE('',#7905,#7904);
#7907=TRIMMED_CURVE('',#7906,(PARAMETER_VALUE(0.E0)),(PARAMETER_VALUE(1.E0)),
.T.,.UNSPECIFIED.);
#7908=COMPOSITE_CURVE_SEGMENT(.CONTINUOUS.,.T.,#7907);
#7909=DIRECTION('',(8.838787136679E-1,4.677161741108E-1));
#7910=VECTOR('',#7909,1.934202871534E-2);
#7911=CARTESIAN_POINT('',(1.041785942643E1,9.377534329908E-1));
#7912=LINE('',#7911,#7910);
#7913=TRIMMED_CURVE('',#7912,(PARAMETER_VALUE(0.E0)),(PARAMETER_VALUE(1.E0)),
.T.,.UNSPECIFIED.);
#7914=COMPOSITE_CURVE_SEGMENT(.CONTINUOUS.,.T.,#7913);
#7915=DIRECTION('',(9.066461031385E-1,4.218919810374E-1));
#7916=VECTOR('',#7915,1.932631287840E-2);
#7917=CARTESIAN_POINT('',(1.043495543389E1,9.468000126611E-1));
#7918=LINE('',#7917,#7916);
#7919=TRIMMED_CURVE('',#7918,(PARAMETER_VALUE(0.E0)),(PARAMETER_VALUE(1.E0)),
.T.,.UNSPECIFIED.);
#7920=COMPOSITE_CURVE_SEGMENT(.CONTINUOUS.,.T.,#7919);
#7921=DIRECTION('',(9.270047418386E-1,3.750496081969E-1));
#7922=VECTOR('',#7921,1.936733868356E-2);
#7923=CARTESIAN_POINT('',(1.045247756015E1,9.549536290875E-1));
#7924=LINE('',#7923,#7922);
#7925=TRIMMED_CURVE('',#7924,(PARAMETER_VALUE(0.E0)),(PARAMETER_VALUE(1.E0)),
.T.,.UNSPECIFIED.);
#7926=COMPOSITE_CURVE_SEGMENT(.CONTINUOUS.,.T.,#7925);
#7927=DIRECTION('',(9.448670520952E-1,3.274542011715E-1));
#7928=VECTOR('',#7927,1.946335546968E-2);
#7929=CARTESIAN_POINT('',(1.047043117494E1,9.622173418726E-1));
#7930=LINE('',#7929,#7928);
#7931=TRIMMED_CURVE('',#7930,(PARAMETER_VALUE(0.E0)),(PARAMETER_VALUE(1.E0)),
.T.,.UNSPECIFIED.);
#7932=COMPOSITE_CURVE_SEGMENT(.CONTINUOUS.,.T.,#7931);
#7933=DIRECTION('',(9.601828699248E-1,2.793722539965E-1));
#7934=VECTOR('',#7933,1.961232736499E-2);
#7935=CARTESIAN_POINT('',(1.048882145825E1,9.685906993900E-1));
#7936=LINE('',#7935,#7934);
#7937=TRIMMED_CURVE('',#7936,(PARAMETER_VALUE(0.E0)),(PARAMETER_VALUE(1.E0)),
.T.,.UNSPECIFIED.);
#7938=COMPOSITE_CURVE_SEGMENT(.CONTINUOUS.,.T.,#7937);
#7939=DIRECTION('',(9.729384776780E-1,2.310643171364E-1));
#7940=VECTOR('',#7939,1.981187478759E-2);
#7941=CARTESIAN_POINT('',(1.050765287902E1,9.740698394921E-1));
#7942=LINE('',#7941,#7940);
#7943=TRIMMED_CURVE('',#7942,(PARAMETER_VALUE(0.E0)),(PARAMETER_VALUE(1.E0)),
.T.,.UNSPECIFIED.);
#7944=COMPOSITE_CURVE_SEGMENT(.CONTINUOUS.,.T.,#7943);
#7945=DIRECTION('',(9.831541556779E-1,1.827782978725E-1));
#7946=VECTOR('',#7945,2.005920614083E-2);
#7947=CARTESIAN_POINT('',(1.052692861432E1,9.786476568111E-1));
#7948=LINE('',#7947,#7946);
#7949=TRIMMED_CURVE('',#7948,(PARAMETER_VALUE(0.E0)),(PARAMETER_VALUE(1.E0)),
.T.,.UNSPECIFIED.);
#7950=COMPOSITE_CURVE_SEGMENT(.CONTINUOUS.,.T.,#7949);
#7951=DIRECTION('',(9.908804898027E-1,1.347436637779E-1));
#7952=VECTOR('',#7951,2.035103890179E-2);
#7953=CARTESIAN_POINT('',(1.054664990620E1,9.823140443661E-1));
#7954=LINE('',#7953,#7952);
#7955=TRIMMED_CURVE('',#7954,(PARAMETER_VALUE(0.E0)),(PARAMETER_VALUE(1.E0)),
.T.,.UNSPECIFIED.);
#7956=COMPOSITE_CURVE_SEGMENT(.CONTINUOUS.,.T.,#7955);
#7957=DIRECTION('',(9.961937340535E-1,8.716676105286E-2));
#7958=VECTOR('',#7957,2.068350958829E-2);
#7959=CARTESIAN_POINT('',(1.056681535359E1,9.850562179095E-1));
#7960=LINE('',#7959,#7958);
#7961=TRIMMED_CURVE('',#7960,(PARAMETER_VALUE(0.E0)),(PARAMETER_VALUE(1.E0)),
.T.,.UNSPECIFIED.);
#7962=COMPOSITE_CURVE_SEGMENT(.CONTINUOUS.,.T.,#7961);
#7963=DIRECTION('',(9.991905524292E-1,4.022735308574E-2));
#7964=VECTOR('',#7963,2.105207259110E-2);
#7965=CARTESIAN_POINT('',(1.058742013624E1,9.868591324475E-1));
#7966=LINE('',#7965,#7964);
#7967=TRIMMED_CURVE('',#7966,(PARAMETER_VALUE(0.E0)),(PARAMETER_VALUE(1.E0)),
.T.,.UNSPECIFIED.);
#7968=COMPOSITE_CURVE_SEGMENT(.CONTINUOUS.,.T.,#7967);
#7969=DIRECTION('',(9.999637030035E-1,8.520133538557E-3));
#7970=VECTOR('',#7969,7.918837936964E-3);
#7971=CARTESIAN_POINT('',(1.060845516828E1,9.877060016048E-1));
#7972=LINE('',#7971,#7970);
#7973=TRIMMED_CURVE('',#7972,(PARAMETER_VALUE(0.E0)),(PARAMETER_VALUE(1.E0)),
.T.,.UNSPECIFIED.);
#7974=COMPOSITE_CURVE_SEGMENT(.CONTINUOUS.,.T.,#7973);
#7975=DIRECTION('',(9.999390524863E-1,-1.104043988683E-2));
#7976=VECTOR('',#7975,1.217534724401E-2);
#7977=CARTESIAN_POINT('',(1.061637371879E1,9.877734711615E-1));
#7978=LINE('',#7977,#7976);
#7979=TRIMMED_CURVE('',#7978,(PARAMETER_VALUE(0.E0)),(PARAMETER_VALUE(1.E0)),
.T.,.UNSPECIFIED.);
#7980=COMPOSITE_CURVE_SEGMENT(.CONTINUOUS.,.T.,#7979);
#7981=DIRECTION('',(9.990432539049E-1,-4.373301758427E-2));
#7982=VECTOR('',#7981,2.238887682895E-2);
#7983=CARTESIAN_POINT('',(1.062854832398E1,9.876390499721E-1));
#7984=LINE('',#7983,#7982);
#7985=TRIMMED_CURVE('',#7984,(PARAMETER_VALUE(0.E0)),(PARAMETER_VALUE(1.E0)),
.T.,.UNSPECIFIED.);
#7986=COMPOSITE_CURVE_SEGMENT(.CONTINUOUS.,.T.,#7985);
#7987=DIRECTION('',(9.961133374017E-1,-8.808075300811E-2));
#7988=VECTOR('',#7987,2.159307997032E-2);
#7989=CARTESIAN_POINT('',(1.065091578034E1,9.866599168281E-1));
#7990=LINE('',#7989,#7988);
#7991=TRIMMED_CURVE('',#7990,(PARAMETER_VALUE(0.E0)),(PARAMETER_VALUE(1.E0)),
.T.,.UNSPECIFIED.);
#7992=COMPOSITE_CURVE_SEGMENT(.CONTINUOUS.,.T.,#7991);
#7993=DIRECTION('',(9.909976537123E-1,-1.338792378849E-1));
#7994=VECTOR('',#7993,2.092104595312E-2);
#7995=CARTESIAN_POINT('',(1.067242493529E1,9.847579820845E-1));
#7996=LINE('',#7995,#7994);
#7997=TRIMMED_CURVE('',#7996,(PARAMETER_VALUE(0.E0)),(PARAMETER_VALUE(1.E0)),
.T.,.UNSPECIFIED.);
#7998=COMPOSITE_CURVE_SEGMENT(.CONTINUOUS.,.T.,#7997);
#7999=DIRECTION('',(9.835115614927E-1,-1.808452609556E-1));
#8000=VECTOR('',#7999,2.036572704069E-2);
#8001=CARTESIAN_POINT('',(1.069315764274E1,9.819570883966E-1));
#8002=LINE('',#8001,#8000);
#8003=TRIMMED_CURVE('',#8002,(PARAMETER_VALUE(0.E0)),(PARAMETER_VALUE(1.E0)),
.T.,.UNSPECIFIED.);
#8004=COMPOSITE_CURVE_SEGMENT(.CONTINUOUS.,.T.,#8003);
#8005=DIRECTION('',(9.735073968657E-1,-2.286555231078E-1));
#8006=VECTOR('',#8005,1.992160531042E-2);
#8007=CARTESIAN_POINT('',(1.071318757075E1,9.782740431753E-1));
#8008=LINE('',#8007,#8006);
#8009=TRIMMED_CURVE('',#8008,(PARAMETER_VALUE(0.E0)),(PARAMETER_VALUE(1.E0)),
.T.,.UNSPECIFIED.);
#8010=COMPOSITE_CURVE_SEGMENT(.CONTINUOUS.,.T.,#8009);
#8011=DIRECTION('',(9.608835090660E-1,-2.769528515923E-1));
#8012=VECTOR('',#8011,1.958439877106E-2);
#8013=CARTESIAN_POINT('',(1.073258140087E1,9.737188580919E-1));
#8014=LINE('',#8013,#8012);
#8015=TRIMMED_CURVE('',#8014,(PARAMETER_VALUE(0.E0)),(PARAMETER_VALUE(1.E0)),
.T.,.UNSPECIFIED.);
#8016=COMPOSITE_CURVE_SEGMENT(.CONTINUOUS.,.T.,#8015);
#8017=DIRECTION('',(9.455918874966E-1,-3.253551633224E-1));
#8018=VECTOR('',#8017,1.935084263004E-2);
#8019=CARTESIAN_POINT('',(1.075139972669E1,9.682949030056E-1));
#8020=LINE('',#8019,#8018);
#8021=TRIMMED_CURVE('',#8020,(PARAMETER_VALUE(0.E0)),(PARAMETER_VALUE(1.E0)),
.T.,.UNSPECIFIED.);
#8022=COMPOSITE_CURVE_SEGMENT(.CONTINUOUS.,.T.,#8021);
#8023=DIRECTION('',(9.276435547225E-1,-3.734667794889E-1));
#8024=VECTOR('',#8023,1.921852445945E-2);
#8025=CARTESIAN_POINT('',(1.076969772649E1,9.619990064413E-1));
#8026=LINE('',#8025,#8024);
#8027=TRIMMED_CURVE('',#8026,(PARAMETER_VALUE(0.E0)),(PARAMETER_VALUE(1.E0)),
.T.,.UNSPECIFIED.);
#8028=COMPOSITE_CURVE_SEGMENT(.CONTINUOUS.,.T.,#8027);
#8029=DIRECTION('',(9.071110379087E-1,-4.208913932407E-1));
#8030=VECTOR('',#8029,1.918575867494E-2);
#8031=CARTESIAN_POINT('',(1.078752566684E1,9.548215260049E-1));
#8032=LINE('',#8031,#8030);
#8033=TRIMMED_CURVE('',#8032,(PARAMETER_VALUE(0.E0)),(PARAMETER_VALUE(1.E0)),
.T.,.UNSPECIFIED.);
#8034=COMPOSITE_CURVE_SEGMENT(.CONTINUOUS.,.T.,#8033);
#8035=DIRECTION('',(8.841274854045E-1,-4.672457485652E-1));
#8036=VECTOR('',#8035,1.925149016253E-2);
#8037=CARTESIAN_POINT('',(1.080492928030E1,9.467464053058E-1));
#8038=LINE('',#8037,#8036);
#8039=TRIMMED_CURVE('',#8038,(PARAMETER_VALUE(0.E0)),(PARAMETER_VALUE(1.E0)),
.T.,.UNSPECIFIED.);
#8040=COMPOSITE_CURVE_SEGMENT(.CONTINUOUS.,.T.,#8039);
#8041=DIRECTION('',(8.588823353578E-1,-5.121729532202E-1));
#8042=VECTOR('',#8041,1.941521987820E-2);
#8043=CARTESIAN_POINT('',(1.082195005189E1,9.377512283738E-1));
#8044=LINE('',#8043,#8042);
#8045=TRIMMED_CURVE('',#8044,(PARAMETER_VALUE(0.E0)),(PARAMETER_VALUE(1.E0)),
.T.,.UNSPECIFIED.);
#8046=COMPOSITE_CURVE_SEGMENT(.CONTINUOUS.,.T.,#8045);
#8047=DIRECTION('',(8.648384928008E-1,-5.020501781396E-1));
#8048=VECTOR('',#8047,2.127023686227E-2);
#8049=CARTESIAN_POINT('',(1.083862544128E1,9.278072778714E-1));
#8050=LINE('',#8049,#8048);
#8051=TRIMMED_CURVE('',#8050,(PARAMETER_VALUE(0.E0)),(PARAMETER_VALUE(1.E0)),
.T.,.UNSPECIFIED.);
#8052=COMPOSITE_CURVE_SEGMENT(.CONTINUOUS.,.T.,#8051);
#8053=DIRECTION('',(8.401247484117E-1,-5.423932218476E-1));
#8054=VECTOR('',#8053,2.084588351348E-2);
#8055=CARTESIAN_POINT('',(1.085702076087E1,9.171285516656E-1));
#8056=LINE('',#8055,#8054);
#8057=TRIMMED_CURVE('',#8056,(PARAMETER_VALUE(0.E0)),(PARAMETER_VALUE(1.E0)),
.T.,.UNSPECIFIED.);
#8058=COMPOSITE_CURVE_SEGMENT(.CONTINUOUS.,.T.,#8057);
#8059=DIRECTION('',(8.129841960647E-1,-5.822857519715E-1));
#8060=VECTOR('',#8059,2.051855518845E-2);
#8061=CARTESIAN_POINT('',(1.087453390351E1,9.058218857444E-1));
#8062=LINE('',#8061,#8060);
#8063=TRIMMED_CURVE('',#8062,(PARAMETER_VALUE(0.E0)),(PARAMETER_VALUE(1.E0)),
.T.,.UNSPECIFIED.);
#8064=COMPOSITE_CURVE_SEGMENT(.CONTINUOUS.,.T.,#8063);
#8065=DIRECTION('',(7.910686476355E-1,-6.117273859556E-1));
#8066=VECTOR('',#8065,1.016910237679E-2);
#8067=CARTESIAN_POINT('',(1.089121516461E1,8.938742234072E-1));
#8068=LINE('',#8067,#8066);
#8069=TRIMMED_CURVE('',#8068,(PARAMETER_VALUE(0.E0)),(PARAMETER_VALUE(1.E0)),
.T.,.UNSPECIFIED.);
#8070=COMPOSITE_CURVE_SEGMENT(.CONTINUOUS.,.T.,#8069);
#8071=DIRECTION('',(7.757539367289E-1,-6.310355217019E-1));
#8072=VECTOR('',#8071,1.012000425178E-2);
#8073=CARTESIAN_POINT('',(1.089925962267E1,8.876535049927E-1));
#8074=LINE('',#8073,#8072);
#8075=TRIMMED_CURVE('',#8074,(PARAMETER_VALUE(0.E0)),(PARAMETER_VALUE(1.E0)),
.T.,.UNSPECIFIED.);
#8076=COMPOSITE_CURVE_SEGMENT(.CONTINUOUS.,.T.,#8075);
#8077=DIRECTION('',(7.517900147099E-1,-6.594025885470E-1));
#8078=VECTOR('',#8077,2.012156059004E-2);
#8079=CARTESIAN_POINT('',(1.090711025581E1,8.812674228300E-1));
#8080=LINE('',#8079,#8078);
#8081=TRIMMED_CURVE('',#8080,(PARAMETER_VALUE(0.E0)),(PARAMETER_VALUE(1.E0)),
.T.,.UNSPECIFIED.);
#8082=COMPOSITE_CURVE_SEGMENT(.CONTINUOUS.,.T.,#8081);
#8083=DIRECTION('',(7.180977336221E-1,-6.959422712889E-1));
#8084=VECTOR('',#8083,2.004714183280E-2);
#8085=CARTESIAN_POINT('',(1.092223744414E1,8.679992136914E-1));
#8086=LINE('',#8085,#8084);
#8087=TRIMMED_CURVE('',#8086,(PARAMETER_VALUE(0.E0)),(PARAMETER_VALUE(1.E0)),
.T.,.UNSPECIFIED.);
#8088=COMPOSITE_CURVE_SEGMENT(.CONTINUOUS.,.T.,#8087);
#8089=DIRECTION('',(6.826486062566E-1,-7.307467963501E-1));
#8090=VECTOR('',#8089,2.006841737937E-2);
#8091=CARTESIAN_POINT('',(1.093663325126E1,8.540475602714E-1));
#8092=LINE('',#8091,#8090);
#8093=TRIMMED_CURVE('',#8092,(PARAMETER_VALUE(0.E0)),(PARAMETER_VALUE(1.E0)),
.T.,.UNSPECIFIED.);
#8094=COMPOSITE_CURVE_SEGMENT(.CONTINUOUS.,.T.,#8093);
#8095=DIRECTION('',(6.457137258033E-1,-7.635795861003E-1));
#8096=VECTOR('',#8095,2.018576302182E-2);
#8097=CARTESIAN_POINT('',(1.095033292841E1,8.393826285636E-1));
#8098=LINE('',#8097,#8096);
#8099=TRIMMED_CURVE('',#8098,(PARAMETER_VALUE(0.E0)),(PARAMETER_VALUE(1.E0)),
.T.,.UNSPECIFIED.);
#8100=COMPOSITE_CURVE_SEGMENT(.CONTINUOUS.,.T.,#8099);
#8101=DIRECTION('',(6.075932232150E-1,-7.942483711681E-1));
#8102=VECTOR('',#8101,2.040004228345E-2);
#8103=CARTESIAN_POINT('',(1.096336715266E1,8.239691919903E-1));
#8104=LINE('',#8103,#8102);
#8105=TRIMMED_CURVE('',#8104,(PARAMETER_VALUE(0.E0)),(PARAMETER_VALUE(1.E0)),
.T.,.UNSPECIFIED.);
#8106=COMPOSITE_CURVE_SEGMENT(.CONTINUOUS.,.T.,#8105);
#8107=DIRECTION('',(5.686059079944E-1,-8.226100664312E-1));
#8108=VECTOR('',#8107,2.071264417202E-2);
#8109=CARTESIAN_POINT('',(1.097576208011E1,8.077664916349E-1));
#8110=LINE('',#8109,#8108);
#8111=TRIMMED_CURVE('',#8110,(PARAMETER_VALUE(0.E0)),(PARAMETER_VALUE(1.E0)),
.T.,.UNSPECIFIED.);
#8112=COMPOSITE_CURVE_SEGMENT(.CONTINUOUS.,.T.,#8111);
#8113=DIRECTION('',(5.290784115758E-1,-8.485729399435E-1));
#8114=VECTOR('',#8113,2.112553208266E-2);
#8115=CARTESIAN_POINT('',(1.098753941195E1,7.907280620366E-1));
#8116=LINE('',#8115,#8114);
#8117=TRIMMED_CURVE('',#8116,(PARAMETER_VALUE(0.E0)),(PARAMETER_VALUE(1.E0)),
.T.,.UNSPECIFIED.);
#8118=COMPOSITE_CURVE_SEGMENT(.CONTINUOUS.,.T.,#8117);
#8119=DIRECTION('',(5.052187783844E-1,-8.629913012121E-1));
#8120=VECTOR('',#8119,4.343654011795E-3);
#8121=CARTESIAN_POINT('',(1.099871647491E1,7.728015071693E-1));
#8122=LINE('',#8121,#8120);
#8123=TRIMMED_CURVE('',#8122,(PARAMETER_VALUE(0.E0)),(PARAMETER_VALUE(1.E0)),
.T.,.UNSPECIFIED.);
#8124=COMPOSITE_CURVE_SEGMENT(.CONTINUOUS.,.T.,#8123);
#8125=DIRECTION('',(4.993216947955E-1,-8.664166694533E-1));
#8126=VECTOR('',#8125,1.833888443147E-3);
#8127=CARTESIAN_POINT('',(1.100091097048E1,7.690529715417E-1));
#8128=LINE('',#8127,#8126);
#8129=TRIMMED_CURVE('',#8128,(PARAMETER_VALUE(0.E0)),(PARAMETER_VALUE(1.E0)),
.T.,.UNSPECIFIED.);
#8130=COMPOSITE_CURVE_SEGMENT(.CONTINUOUS.,.T.,#8129);
#8131=DIRECTION('',(4.777293732763E-1,-8.785070551276E-1));
#8132=VECTOR('',#8131,2.155570717881E-2);
#8133=CARTESIAN_POINT('',(1.100182667077E1,7.674640600246E-1));
#8134=LINE('',#8133,#8132);
#8135=TRIMMED_CURVE('',#8134,(PARAMETER_VALUE(0.E0)),(PARAMETER_VALUE(1.E0)),
.T.,.UNSPECIFIED.);
#8136=COMPOSITE_CURVE_SEGMENT(.CONTINUOUS.,.T.,#8135);
#8137=DIRECTION('',(4.365805482434E-1,-8.996651737705E-1));
#8138=VECTOR('',#8137,2.125144150786E-2);
#8139=CARTESIAN_POINT('',(1.101212446525E1,7.485272191898E-1));
#8140=LINE('',#8139,#8138);
#8141=TRIMMED_CURVE('',#8140,(PARAMETER_VALUE(0.E0)),(PARAMETER_VALUE(1.E0)),
.T.,.UNSPECIFIED.);
#8142=COMPOSITE_CURVE_SEGMENT(.CONTINUOUS.,.T.,#8141);
#8143=DIRECTION('',(3.939066279338E-1,-9.191504601913E-1));
#8144=VECTOR('',#8143,2.101133741974E-2);
#8145=CARTESIAN_POINT('',(1.102140243124E1,7.294080373727E-1));
#8146=LINE('',#8145,#8144);
#8147=TRIMMED_CURVE('',#8146,(PARAMETER_VALUE(0.E0)),(PARAMETER_VALUE(1.E0)),
.T.,.UNSPECIFIED.);
#8148=COMPOSITE_CURVE_SEGMENT(.CONTINUOUS.,.T.,#8147);
#8149=DIRECTION('',(3.498837846078E-1,-9.367931133759E-1));
#8150=VECTOR('',#8149,2.083573705818E-2);
#8151=CARTESIAN_POINT('',(1.102967893631E1,7.100954569141E-1));
#8152=LINE('',#8151,#8150);
#8153=TRIMMED_CURVE('',#8152,(PARAMETER_VALUE(0.E0)),(PARAMETER_VALUE(1.E0)),
.T.,.UNSPECIFIED.);
#8154=COMPOSITE_CURVE_SEGMENT(.CONTINUOUS.,.T.,#8153);
#8155=DIRECTION('',(3.047149185312E-1,-9.524436038026E-1));
#8156=VECTOR('',#8155,2.072496897712E-2);
#8157=CARTESIAN_POINT('',(1.103696902284E1,6.905766819259E-1));
#8158=LINE('',#8157,#8156);
#8159=TRIMMED_CURVE('',#8158,(PARAMETER_VALUE(0.E0)),(PARAMETER_VALUE(1.E0)),
.T.,.UNSPECIFIED.);
#8160=COMPOSITE_CURVE_SEGMENT(.CONTINUOUS.,.T.,#8159);
#8161=DIRECTION('',(2.586258368663E-1,-9.659775755706E-1));
#8162=VECTOR('',#8161,2.067935659477E-2);
#8163=CARTESIAN_POINT('',(1.104328423008E1,6.708373177847E-1));
#8164=LINE('',#8163,#8162);
#8165=TRIMMED_CURVE('',#8164,(PARAMETER_VALUE(0.E0)),(PARAMETER_VALUE(1.E0)),
.T.,.UNSPECIFIED.);
#8166=COMPOSITE_CURVE_SEGMENT(.CONTINUOUS.,.T.,#8165);
#8167=DIRECTION('',(2.118603262694E-1,-9.772999550563E-1));
#8168=VECTOR('',#8167,2.069922504487E-2);
#8169=CARTESIAN_POINT('',(1.104863244598E1,6.508615230369E-1));
#8170=LINE('',#8169,#8168);
#8171=TRIMMED_CURVE('',#8170,(PARAMETER_VALUE(0.E0)),(PARAMETER_VALUE(1.E0)),
.T.,.UNSPECIFIED.);
#8172=COMPOSITE_CURVE_SEGMENT(.CONTINUOUS.,.T.,#8171);
#8173=DIRECTION('',(1.646743466192E-1,-9.863479911094E-1));
#8174=VECTOR('',#8173,2.078490655260E-2);
#8175=CARTESIAN_POINT('',(1.105301779055E1,6.306321713308E-1));
#8176=LINE('',#8175,#8174);
#8177=TRIMMED_CURVE('',#8176,(PARAMETER_VALUE(0.E0)),(PARAMETER_VALUE(1.E0)),
.T.,.UNSPECIFIED.);
#8178=COMPOSITE_CURVE_SEGMENT(.CONTINUOUS.,.T.,#8177);
#8179=DIRECTION('',(1.173296514216E-1,-9.930930232850E-1));
#8180=VECTOR('',#8179,2.093674447454E-2);
#8181=CARTESIAN_POINT('',(1.105644053146E1,6.101310205073E-1));
#8182=LINE('',#8181,#8180);
#8183=TRIMMED_CURVE('',#8182,(PARAMETER_VALUE(0.E0)),(PARAMETER_VALUE(1.E0)),
.T.,.UNSPECIFIED.);
#8184=COMPOSITE_CURVE_SEGMENT(.CONTINUOUS.,.T.,#8183);
#8185=DIRECTION('',(7.008719090233E-2,-9.975408691735E-1));
#8186=VECTOR('',#8185,2.115509615078E-2);
#8187=CARTESIAN_POINT('',(1.105889703239E1,5.893388856393E-1));
#8188=LINE('',#8187,#8186);
#8189=TRIMMED_CURVE('',#8188,(PARAMETER_VALUE(0.E0)),(PARAMETER_VALUE(1.E0)),
.T.,.UNSPECIFIED.);
#8190=COMPOSITE_CURVE_SEGMENT(.CONTINUOUS.,.T.,#8189);
#8191=DIRECTION('',(3.489657821736E-2,-9.993909289306E-1));
#8192=VECTOR('',#8191,1.068197157427E-2);
#8193=CARTESIAN_POINT('',(1.106037973365E1,5.682358126376E-1));
#8194=LINE('',#8193,#8192);
#8195=TRIMMED_CURVE('',#8194,(PARAMETER_VALUE(0.E0)),(PARAMETER_VALUE(1.E0)),
.T.,.UNSPECIFIED.);
#8196=COMPOSITE_CURVE_SEGMENT(.CONTINUOUS.,.T.,#8195);
#8197=DIRECTION('',(1.158624034717E-2,-9.999328772646E-1));
#8198=VECTOR('',#8197,1.075982032228E-2);
#8199=CARTESIAN_POINT('',(1.106075249791E1,5.575603471432E-1));
#8200=LINE('',#8199,#8198);
#8201=TRIMMED_CURVE('',#8200,(PARAMETER_VALUE(0.E0)),(PARAMETER_VALUE(1.E0)),
.T.,.UNSPECIFIED.);
#8202=COMPOSITE_CURVE_SEGMENT(.CONTINUOUS.,.T.,#8201);
#8203=DIRECTION('',(-2.224493045832E-2,-9.997525509189E-1));
#8204=VECTOR('',#8203,2.222757138838E-2);
#8205=CARTESIAN_POINT('',(1.106087716378E1,5.468012490495E-1));
#8206=LINE('',#8205,#8204);
#8207=TRIMMED_CURVE('',#8206,(PARAMETER_VALUE(0.E0)),(PARAMETER_VALUE(1.E0)),
.T.,.UNSPECIFIED.);
#8208=COMPOSITE_CURVE_SEGMENT(.CONTINUOUS.,.T.,#8207);
#8209=DIRECTION('',(-6.759267498287E-2,-9.977129999597E-1));
#8210=VECTOR('',#8209,2.175567947368E-2);
#8211=CARTESIAN_POINT('',(1.106038271300E1,5.245791778532E-1));
#8212=LINE('',#8211,#8210);
#8213=TRIMMED_CURVE('',#8212,(PARAMETER_VALUE(0.E0)),(PARAMETER_VALUE(1.E0)),
.T.,.UNSPECIFIED.);
#8214=COMPOSITE_CURVE_SEGMENT(.CONTINUOUS.,.T.,#8213);
#8215=DIRECTION('',(-1.021795072362E-1,-9.947659766503E-1));
#8216=VECTOR('',#8215,1.073288971630E-2);
#8217=CARTESIAN_POINT('',(1.105891218842E1,5.028732536194E-1));
#8218=LINE('',#8217,#8216);
#8219=TRIMMED_CURVE('',#8218,(PARAMETER_VALUE(0.E0)),(PARAMETER_VALUE(1.E0)),
.T.,.UNSPECIFIED.);
#8220=COMPOSITE_CURVE_SEGMENT(.CONTINUOUS.,.T.,#8219);
#8221=DIRECTION('',(-1.254186091328E-1,-9.921039121399E-1));
#8222=VECTOR('',#8221,1.064600653384E-2);
#8223=CARTESIAN_POINT('',(1.105781550704E1,4.921965400985E-1));
#8224=LINE('',#8223,#8222);
#8225=TRIMMED_CURVE('',#8224,(PARAMETER_VALUE(0.E0)),(PARAMETER_VALUE(1.E0)),
.T.,.UNSPECIFIED.);
#8226=COMPOSITE_CURVE_SEGMENT(.CONTINUOUS.,.T.,#8225);
#8227=DIRECTION('',(-1.604339407220E-1,-9.870465797846E-1));
#8228=VECTOR('',#8227,2.105972079367E-2);
#8229=CARTESIAN_POINT('',(1.105648029971E1,4.816345953676E-1));
#8230=LINE('',#8229,#8228);
#8231=TRIMMED_CURVE('',#8230,(PARAMETER_VALUE(0.E0)),(PARAMETER_VALUE(1.E0)),
.T.,.UNSPECIFIED.);
#8232=COMPOSITE_CURVE_SEGMENT(.CONTINUOUS.,.T.,#8231);
#8233=DIRECTION('',(-2.072766193199E-1,-9.782823738999E-1));
#8234=VECTOR('',#8233,2.083379925567E-2);
#8235=CARTESIAN_POINT('',(1.105310160571E1,4.608476699870E-1));
#8236=LINE('',#8235,#8234);
#8237=TRIMMED_CURVE('',#8236,(PARAMETER_VALUE(0.E0)),(PARAMETER_VALUE(1.E0)),
.T.,.UNSPECIFIED.);
#8238=COMPOSITE_CURVE_SEGMENT(.CONTINUOUS.,.T.,#8237);
#8239=DIRECTION('',(-2.539694900294E-1,-9.672122301409E-1));
#8240=VECTOR('',#8239,2.070022421241E-2);
#8241=CARTESIAN_POINT('',(1.104878324623E1,4.404663313938E-1));
#8242=LINE('',#8241,#8240);
#8243=TRIMMED_CURVE('',#8242,(PARAMETER_VALUE(0.E0)),(PARAMETER_VALUE(1.E0)),
.T.,.UNSPECIFIED.);
#8244=COMPOSITE_CURVE_SEGMENT(.CONTINUOUS.,.T.,#8243);
#8245=DIRECTION('',(-3.001913343542E-1,-9.538790084589E-1));
#8246=VECTOR('',#8245,2.065908549191E-2);
#8247=CARTESIAN_POINT('',(1.104352602085E1,4.204448213689E-1));
#8248=LINE('',#8247,#8246);
#8249=TRIMMED_CURVE('',#8248,(PARAMETER_VALUE(0.E0)),(PARAMETER_VALUE(1.E0)),
.T.,.UNSPECIFIED.);
#8250=COMPOSITE_CURVE_SEGMENT(.CONTINUOUS.,.T.,#8249);
#8251=DIRECTION('',(-3.456267854554E-1,-9.383720611654E-1));
#8252=VECTOR('',#8251,2.071090328922E-2);
#8253=CARTESIAN_POINT('',(1.103732434241E1,4.007385533842E-1));
#8254=LINE('',#8253,#8252);
#8255=TRIMMED_CURVE('',#8254,(PARAMETER_VALUE(0.E0)),(PARAMETER_VALUE(1.E0)),
.T.,.UNSPECIFIED.);
#8256=COMPOSITE_CURVE_SEGMENT(.CONTINUOUS.,.T.,#8255);
#8257=DIRECTION('',(-3.899760108918E-1,-9.208250164548E-1));
#8258=VECTOR('',#8257,2.085667216546E-2);
#8259=CARTESIAN_POINT('',(1.103016609948E1,3.813040203761E-1));
#8260=LINE('',#8259,#8258);
#8261=TRIMMED_CURVE('',#8260,(PARAMETER_VALUE(0.E0)),(PARAMETER_VALUE(1.E0)),
.T.,.UNSPECIFIED.);
#8262=COMPOSITE_CURVE_SEGMENT(.CONTINUOUS.,.T.,#8261);
#8263=DIRECTION('',(-4.329635707216E-1,-9.014114190690E-1));
#8264=VECTOR('',#8263,2.109791724073E-2);
#8265=CARTESIAN_POINT('',(1.102203249767E1,3.620986748861E-1));
#8266=LINE('',#8265,#8264);
#8267=TRIMMED_CURVE('',#8266,(PARAMETER_VALUE(0.E0)),(PARAMETER_VALUE(1.E0)),
.T.,.UNSPECIFIED.);
#8268=COMPOSITE_CURVE_SEGMENT(.CONTINUOUS.,.T.,#8267);
#8269=DIRECTION('',(-4.743458637644E-1,-8.803385721014E-1));
#8270=VECTOR('',#8269,2.143676588385E-2);
#8271=CARTESIAN_POINT('',(1.101289786808E1,3.430807713668E-1));
#8272=LINE('',#8271,#8270);
#8273=TRIMMED_CURVE('',#8272,(PARAMETER_VALUE(0.E0)),(PARAMETER_VALUE(1.E0)),
.T.,.UNSPECIFIED.);
#8274=COMPOSITE_CURVE_SEGMENT(.CONTINUOUS.,.T.,#8273);
#8275=DIRECTION('',(-4.976677688593E-1,-8.673677373747E-1));
#8276=VECTOR('',#8275,3.653956482160E-3);
#8277=CARTESIAN_POINT('',(1.100272942685E1,3.242091594981E-1));
#8278=LINE('',#8277,#8276);
#8279=TRIMMED_CURVE('',#8278,(PARAMETER_VALUE(0.E0)),(PARAMETER_VALUE(1.E0)),
.T.,.UNSPECIFIED.);
#8280=COMPOSITE_CURVE_SEGMENT(.CONTINUOUS.,.T.,#8279);
#8281=COMPOSITE_CURVE('',(#7398,#7404,#7410,#7416,#7422,#7428,#7434,#7440,#7446,
#7452,#7458,#7464,#7470,#7476,#7482,#7488,#7494,#7500,#7506,#7512,#7518,#7524,
#7530,#7536,#7542,#7548,#7554,#7560,#7566,#7572,#7578,#7584,#7590,#7596,#7602,
#7608,#7614,#7620,#7626,#7632,#7638,#7644,#7650,#7656,#7662,#7668,#7674,#7680,
#7686,#7692,#7698,#7704,#7710,#7716,#7722,#7728,#7734,#7740,#7746,#7752,#7758,
#7764,#7770,#7776,#7782,#7788,#7794,#7800,#7806,#7812,#7818,#7824,#7830,#7836,
#7842,#7848,#7854,#7860,#7866,#7872,#7878,#7884,#7890,#7896,#7902,#7908,#7914,
#7920,#7926,#7932,#7938,#7944,#7950,#7956,#7962,#7968,#7974,#7980,#7986,#7992,
#7998,#8004,#8010,#8016,#8022,#8028,#8034,#8040,#8046,#8052,#8058,#8064,#8070,
#8076,#8082,#8088,#8094,#8100,#8106,#8112,#8118,#8124,#8130,#8136,#8142,#8148,
#8154,#8160,#8166,#8172,#8178,#8184,#8190,#8196,#8202,#8208,#8214,#8220,#8226,
#8232,#8238,#8244,#8250,#8256,#8262,#8268,#8274,#8280),.F.);
#8282=(ANNOTATION_CURVE_OCCURRENCE()ANNOTATION_OCCURRENCE()DRAUGHTING_ANNOTATION_OCCURRENCE()GEOMETRIC_REPRESENTATION_ITEM()REPRESENTATION_ITEM('')STYLED_ITEM((
#41),#8281));
#8283=DIRECTION('',(-9.999945253484E-1,3.308968608150E-3));
#8284=VECTOR('',#8283,2.134334465237E0);
#8285=CARTESIAN_POINT('',(1.673354985794E1,9.401536388166E0));
#8286=LINE('',#8285,#8284);
#8287=TRIMMED_CURVE('',#8286,(PARAMETER_VALUE(0.E0)),(PARAMETER_VALUE(1.E0)),
.T.,.UNSPECIFIED.);
#8288=COMPOSITE_CURVE_SEGMENT(.CONTINUOUS.,.T.,#8287);
#8289=DIRECTION('',(-8.606261539840E-1,5.092372954514E-1));
#8290=VECTOR('',#8289,3.896200896703E-1);
#8291=CARTESIAN_POINT('',(1.459922707744E1,9.408598833911E0));
#8292=LINE('',#8291,#8290);
#8293=TRIMMED_CURVE('',#8292,(PARAMETER_VALUE(0.E0)),(PARAMETER_VALUE(1.E0)),
.T.,.UNSPECIFIED.);
#8294=COMPOSITE_CURVE_SEGMENT(.CONTINUOUS.,.T.,#8293);
#8295=DIRECTION('',(-8.743848400172E-1,4.852330899146E-1));
#8296=VECTOR('',#8295,3.853116283374E-1);
#8297=CARTESIAN_POINT('',(1.426390983815E1,9.607007914628E0));
#8298=LINE('',#8297,#8296);
#8299=TRIMMED_CURVE('',#8298,(PARAMETER_VALUE(0.E0)),(PARAMETER_VALUE(1.E0)),
.T.,.UNSPECIFIED.);
#8300=COMPOSITE_CURVE_SEGMENT(.CONTINUOUS.,.T.,#8299);
#8301=DIRECTION('',(-8.876144692652E-1,4.605871838762E-1));
#8302=VECTOR('',#8301,3.814609453448E-1);
#8303=CARTESIAN_POINT('',(1.392699919165E1,9.793973866626E0));
#8304=LINE('',#8303,#8302);
#8305=TRIMMED_CURVE('',#8304,(PARAMETER_VALUE(0.E0)),(PARAMETER_VALUE(1.E0)),
.T.,.UNSPECIFIED.);
#8306=COMPOSITE_CURVE_SEGMENT(.CONTINUOUS.,.T.,#8305);
#8307=DIRECTION('',(-9.002703275410E-1,4.353312960830E-1));
#8308=VECTOR('',#8307,3.780673215927E-1);
#8309=CARTESIAN_POINT('',(1.358840893711E1,9.969669889201E0));
#8310=LINE('',#8309,#8308);
#8311=TRIMMED_CURVE('',#8310,(PARAMETER_VALUE(0.E0)),(PARAMETER_VALUE(1.E0)),
.T.,.UNSPECIFIED.);
#8312=COMPOSITE_CURVE_SEGMENT(.CONTINUOUS.,.T.,#8311);
#8313=DIRECTION('',(-9.123094349166E-1,4.095015200975E-1));
#8314=VECTOR('',#8313,3.751301539185E-1);
#8315=CARTESIAN_POINT('',(1.324804614566E1,1.013425442632E1));
#8316=LINE('',#8315,#8314);
#8317=TRIMMED_CURVE('',#8316,(PARAMETER_VALUE(0.E0)),(PARAMETER_VALUE(1.E0)),
.T.,.UNSPECIFIED.);
#8318=COMPOSITE_CURVE_SEGMENT(.CONTINUOUS.,.T.,#8317);
#8319=DIRECTION('',(-9.236910417994E-1,3.831381725952E-1));
#8320=VECTOR('',#8319,3.726489595368E-1);
#8321=CARTESIAN_POINT('',(1.290581136692E1,1.028787079458E1));
#8322=LINE('',#8321,#8320);
#8323=TRIMMED_CURVE('',#8322,(PARAMETER_VALUE(0.E0)),(PARAMETER_VALUE(1.E0)),
.T.,.UNSPECIFIED.);
#8324=COMPOSITE_CURVE_SEGMENT(.CONTINUOUS.,.T.,#8323);
#8325=DIRECTION('',(-9.343771145321E-1,3.562855706293E-1));
#8326=VECTOR('',#8325,3.706233798130E-1);
#8327=CARTESIAN_POINT('',(1.256159886126E1,1.043064683596E1));
#8328=LINE('',#8327,#8326);
#8329=TRIMMED_CURVE('',#8328,(PARAMETER_VALUE(0.E0)),(PARAMETER_VALUE(1.E0)),
.T.,.UNSPECIFIED.);
#8330=COMPOSITE_CURVE_SEGMENT(.CONTINUOUS.,.T.,#8329);
#8331=DIRECTION('',(-9.443327992829E-1,3.289917387999E-1));
#8332=VECTOR('',#8331,3.690531833565E-1);
#8333=CARTESIAN_POINT('',(1.221529685705E1,1.056269459832E1));
#8334=LINE('',#8333,#8332);
#8335=TRIMMED_CURVE('',#8334,(PARAMETER_VALUE(0.E0)),(PARAMETER_VALUE(1.E0)),
.T.,.UNSPECIFIED.);
#8336=COMPOSITE_CURVE_SEGMENT(.CONTINUOUS.,.T.,#8335);
#8337=DIRECTION('',(-9.535268529884E-1,3.013080493947E-1));
#8338=VECTOR('',#8337,3.679382684256E-1);
#8339=CARTESIAN_POINT('',(1.186678783133E1,1.068411004682E1));
#8340=LINE('',#8339,#8338);
#8341=TRIMMED_CURVE('',#8340,(PARAMETER_VALUE(0.E0)),(PARAMETER_VALUE(1.E0)),
.T.,.UNSPECIFIED.);
#8342=COMPOSITE_CURVE_SEGMENT(.CONTINUOUS.,.T.,#8341);
#8343=DIRECTION('',(-9.619320305552E-1,2.732888007073E-1));
#8344=VECTOR('',#8343,3.672786646458E-1);
#8345=CARTESIAN_POINT('',(1.151594881214E1,1.079497280878E1));
#8346=LINE('',#8345,#8344);
#8347=TRIMMED_CURVE('',#8346,(PARAMETER_VALUE(0.E0)),(PARAMETER_VALUE(1.E0)),
.T.,.UNSPECIFIED.);
#8348=COMPOSITE_CURVE_SEGMENT(.CONTINUOUS.,.T.,#8347);
#8349=DIRECTION('',(-9.695254184014E-1,2.449907407914E-1));
#8350=VECTOR('',#8349,3.670745340453E-1);
#8351=CARTESIAN_POINT('',(1.116265170048E1,1.089534595457E1));
#8352=LINE('',#8351,#8350);
#8353=TRIMMED_CURVE('',#8352,(PARAMETER_VALUE(0.E0)),(PARAMETER_VALUE(1.E0)),
.T.,.UNSPECIFIED.);
#8354=COMPOSITE_CURVE_SEGMENT(.CONTINUOUS.,.T.,#8353);
#8355=DIRECTION('',(-9.762887057275E-1,2.164725457626E-1));
#8356=VECTOR('',#8355,3.673261714185E-1);
#8357=CARTESIAN_POINT('',(1.080676360928E1,1.098527581659E1));
#8358=LINE('',#8357,#8356);
#8359=TRIMMED_CURVE('',#8358,(PARAMETER_VALUE(0.E0)),(PARAMETER_VALUE(1.E0)),
.T.,.UNSPECIFIED.);
#8360=COMPOSITE_CURVE_SEGMENT(.CONTINUOUS.,.T.,#8359);
#8361=DIRECTION('',(-9.822080222956E-1,1.877961685927E-1));
#8362=VECTOR('',#8361,3.679851646141E-1);
#8363=CARTESIAN_POINT('',(1.044814721680E1,1.106479184804E1));
#8364=LINE('',#8363,#8362);
#8365=TRIMMED_CURVE('',#8364,(PARAMETER_VALUE(0.E0)),(PARAMETER_VALUE(1.E0)),
.T.,.UNSPECIFIED.);
#8366=COMPOSITE_CURVE_SEGMENT(.CONTINUOUS.,.T.,#8365);
#8367=DIRECTION('',(-9.872740304967E-1,1.590282638613E-1));
#8368=VECTOR('',#8367,3.690004655274E-1);
#8369=CARTESIAN_POINT('',(1.008670923603E1,1.113389805206E1));
#8370=LINE('',#8369,#8368);
#8371=TRIMMED_CURVE('',#8370,(PARAMETER_VALUE(0.E0)),(PARAMETER_VALUE(1.E0)),
.T.,.UNSPECIFIED.);
#8372=COMPOSITE_CURVE_SEGMENT(.CONTINUOUS.,.T.,#8371);
#8373=DIRECTION('',(-9.914833262574E-1,1.302336890115E-1));
#8374=VECTOR('',#8373,3.704725588004E-1);
#8375=CARTESIAN_POINT('',(9.722404659177E0,1.119257955545E1));
#8376=LINE('',#8375,#8374);
#8377=TRIMMED_CURVE('',#8376,(PARAMETER_VALUE(0.E0)),(PARAMETER_VALUE(1.E0)),
.T.,.UNSPECIFIED.);
#8378=COMPOSITE_CURVE_SEGMENT(.CONTINUOUS.,.T.,#8377);
#8379=DIRECTION('',(-9.948383116161E-1,1.014728226708E-1));
#8380=VECTOR('',#8379,3.724016894482E-1);
#8381=CARTESIAN_POINT('',(9.355087294290E0,1.124082756346E1));
#8382=LINE('',#8381,#8380);
#8383=TRIMMED_CURVE('',#8382,(PARAMETER_VALUE(0.E0)),(PARAMETER_VALUE(1.E0)),
.T.,.UNSPECIFIED.);
#8384=COMPOSITE_CURVE_SEGMENT(.CONTINUOUS.,.T.,#8383);
#8385=DIRECTION('',(-9.973462010406E-1,7.280491240192E-2));
#8386=VECTOR('',#8385,3.747882391701E-1);
#8387=CARTESIAN_POINT('',(8.984607826317E0,1.127861621406E1));
#8388=LINE('',#8387,#8386);
#8389=TRIMMED_CURVE('',#8388,(PARAMETER_VALUE(0.E0)),(PARAMETER_VALUE(1.E0)),
.T.,.UNSPECIFIED.);
#8390=COMPOSITE_CURVE_SEGMENT(.CONTINUOUS.,.T.,#8389);
#8391=DIRECTION('',(-9.990188253783E-1,4.428754384504E-2));
#8392=VECTOR('',#8391,3.776327257673E-1);
#8393=CARTESIAN_POINT('',(8.610814199786E0,1.130590263898E1));
#8394=LINE('',#8393,#8392);
#8395=TRIMMED_CURVE('',#8394,(PARAMETER_VALUE(0.E0)),(PARAMETER_VALUE(1.E0)),
.T.,.UNSPECIFIED.);
#8396=COMPOSITE_CURVE_SEGMENT(.CONTINUOUS.,.T.,#8395);
#8397=DIRECTION('',(-9.998723731485E-1,1.597615142536E-2));
#8398=VECTOR('',#8397,3.809358019062E-1);
#8399=CARTESIAN_POINT('',(8.233551997665E0,1.132262706488E1));
#8400=LINE('',#8399,#8398);
#8401=TRIMMED_CURVE('',#8400,(PARAMETER_VALUE(0.E0)),(PARAMETER_VALUE(1.E0)),
.T.,.UNSPECIFIED.);
#8402=COMPOSITE_CURVE_SEGMENT(.CONTINUOUS.,.T.,#8401);
#8403=DIRECTION('',(-9.999270773701E-1,-1.207642091779E-2));
#8404=VECTOR('',#8403,3.846982532387E-1);
#8405=CARTESIAN_POINT('',(7.852664813396E0,1.132871295293E1));
#8406=LINE('',#8405,#8404);
#8407=TRIMMED_CURVE('',#8406,(PARAMETER_VALUE(0.E0)),(PARAMETER_VALUE(1.E0)),
.T.,.UNSPECIFIED.);
#8408=COMPOSITE_CURVE_SEGMENT(.CONTINUOUS.,.T.,#8407);
#8409=DIRECTION('',(-9.992068572218E-1,-3.982030237012E-2));
#8410=VECTOR('',#8409,3.889209959017E-1);
#8411=CARTESIAN_POINT('',(7.467994613366E0,1.132406717490E1));
#8412=LINE('',#8411,#8410);
#8413=TRIMMED_CURVE('',#8412,(PARAMETER_VALUE(0.E0)),(PARAMETER_VALUE(1.E0)),
.T.,.UNSPECIFIED.);
#8414=COMPOSITE_CURVE_SEGMENT(.CONTINUOUS.,.T.,#8413);
#8415=DIRECTION('',(-9.977389245332E-1,-6.720891660631E-2));
#8416=VECTOR('',#8415,3.936050734187E-1);
#8417=CARTESIAN_POINT('',(7.079382087343E0,1.130858022325E1));
#8418=LINE('',#8417,#8416);
#8419=TRIMMED_CURVE('',#8418,(PARAMETER_VALUE(0.E0)),(PARAMETER_VALUE(1.E0)),
.T.,.UNSPECIFIED.);
#8420=COMPOSITE_CURVE_SEGMENT(.CONTINUOUS.,.T.,#8419);
#8421=DIRECTION('',(-9.955533653851E-1,-9.419923922378E-2));
#8422=VECTOR('',#8421,3.987516530362E-1);
#8423=CARTESIAN_POINT('',(6.686666984700E0,1.128212645269E1));
#8424=LINE('',#8423,#8422);
#8425=TRIMMED_CURVE('',#8424,(PARAMETER_VALUE(0.E0)),(PARAMETER_VALUE(1.E0)),
.T.,.UNSPECIFIED.);
#8426=COMPOSITE_CURVE_SEGMENT(.CONTINUOUS.,.T.,#8425);
#8427=DIRECTION('',(-9.926827070049E-1,-1.207519905151E-1));
#8428=VECTOR('',#8427,4.043620215270E-1);
#8429=CARTESIAN_POINT('',(6.289688434566E0,1.124456435034E1));
#8430=LINE('',#8429,#8428);
#8431=TRIMMED_CURVE('',#8430,(PARAMETER_VALUE(0.E0)),(PARAMETER_VALUE(1.E0)),
.T.,.UNSPECIFIED.);
#8432=COMPOSITE_CURVE_SEGMENT(.CONTINUOUS.,.T.,#8431);
#8433=DIRECTION('',(-9.891614796872E-1,-1.468317646255E-1));
#8434=VECTOR('',#8433,4.104375805010E-1);
#8435=CARTESIAN_POINT('',(5.888285248427E0,1.119573683135E1));
#8436=LINE('',#8435,#8434);
#8437=TRIMMED_CURVE('',#8436,(PARAMETER_VALUE(0.E0)),(PARAMETER_VALUE(1.E0)),
.T.,.UNSPECIFIED.);
#8438=COMPOSITE_CURVE_SEGMENT(.CONTINUOUS.,.T.,#8437);
#8439=DIRECTION('',(-9.850257827377E-1,-1.724070977134E-1));
#8440=VECTOR('',#8439,4.169798412638E-1);
#8441=CARTESIAN_POINT('',(5.482296203979E0,1.113547155713E1));
#8442=LINE('',#8441,#8440);
#8443=TRIMMED_CURVE('',#8442,(PARAMETER_VALUE(0.E0)),(PARAMETER_VALUE(1.E0)),
.T.,.UNSPECIFIED.);
#8444=COMPOSITE_CURVE_SEGMENT(.CONTINUOUS.,.T.,#8443);
#8445=DIRECTION('',(-9.825155167867E-1,-1.861807167066E-1));
#8446=VECTOR('',#8445,4.037070125358E-2);
#8447=CARTESIAN_POINT('',(5.071560309453E0,1.106358127290E1));
#8448=LINE('',#8447,#8446);
#8449=TRIMMED_CURVE('',#8448,(PARAMETER_VALUE(0.E0)),(PARAMETER_VALUE(1.E0)),
.T.,.UNSPECIFIED.);
#8450=COMPOSITE_CURVE_SEGMENT(.CONTINUOUS.,.T.,#8449);
#8451=COMPOSITE_CURVE('',(#8288,#8294,#8300,#8306,#8312,#8318,#8324,#8330,#8336,
#8342,#8348,#8354,#8360,#8366,#8372,#8378,#8384,#8390,#8396,#8402,#8408,#8414,
#8420,#8426,#8432,#8438,#8444,#8450),.F.);
#8452=(ANNOTATION_CURVE_OCCURRENCE()ANNOTATION_OCCURRENCE()DRAUGHTING_ANNOTATION_OCCURRENCE()GEOMETRIC_REPRESENTATION_ITEM()REPRESENTATION_ITEM('')STYLED_ITEM((
#41),#8451));
#8453=DIRECTION('',(1.E0,0.E0));
#8454=VECTOR('',#8453,1.910773741160E1);
#8455=CARTESIAN_POINT('',(0.E0,1.191424581785E1));
#8456=LINE('',#8455,#8454);
#8457=TRIMMED_CURVE('',#8456,(PARAMETER_VALUE(0.E0)),(PARAMETER_VALUE(1.E0)),
.T.,.UNSPECIFIED.);
#8458=(ANNOTATION_CURVE_OCCURRENCE()ANNOTATION_OCCURRENCE()DRAUGHTING_ANNOTATION_OCCURRENCE()GEOMETRIC_REPRESENTATION_ITEM()REPRESENTATION_ITEM('')STYLED_ITEM((
#33),#8457));
#8459=DIRECTION('',(-4.921819633798E-1,-8.704923405313E-1));
#8460=VECTOR('',#8459,1.091142364642E-2);
#8461=CARTESIAN_POINT('',(1.390779641355E1,3.210398355317E-1));
#8462=LINE('',#8461,#8460);
#8463=TRIMMED_CURVE('',#8462,(PARAMETER_VALUE(0.E0)),(PARAMETER_VALUE(1.E0)),
.T.,.UNSPECIFIED.);
#8464=COMPOSITE_CURVE_SEGMENT(.CONTINUOUS.,.T.,#8463);
#8465=DIRECTION('',(-5.227264280205E-1,-8.525004876532E-1));
#8466=VECTOR('',#8465,2.083636688312E-2);
#8467=CARTESIAN_POINT('',(1.390242600764E1,3.115415248232E-1));
#8468=LINE('',#8467,#8466);
#8469=TRIMMED_CURVE('',#8468,(PARAMETER_VALUE(0.E0)),(PARAMETER_VALUE(1.E0)),
.T.,.UNSPECIFIED.);
#8470=COMPOSITE_CURVE_SEGMENT(.CONTINUOUS.,.T.,#8469);
#8471=DIRECTION('',(-5.630622184915E-1,-8.264145074401E-1));
#8472=VECTOR('',#8471,2.036803226573E-2);
#8473=CARTESIAN_POINT('',(1.389153428800E1,2.937785118944E-1));
#8474=LINE('',#8473,#8472);
#8475=TRIMMED_CURVE('',#8474,(PARAMETER_VALUE(0.E0)),(PARAMETER_VALUE(1.E0)),
.T.,.UNSPECIFIED.);
#8476=COMPOSITE_CURVE_SEGMENT(.CONTINUOUS.,.T.,#8475);
#8477=DIRECTION('',(-6.029594142581E-1,-7.977718626008E-1));
#8478=VECTOR('',#8477,2.001800855450E-2);
#8479=CARTESIAN_POINT('',(1.388006581857E1,2.769460745420E-1));
#8480=LINE('',#8479,#8478);
#8481=TRIMMED_CURVE('',#8480,(PARAMETER_VALUE(0.E0)),(PARAMETER_VALUE(1.E0)),
.T.,.UNSPECIFIED.);
#8482=COMPOSITE_CURVE_SEGMENT(.CONTINUOUS.,.T.,#8481);
#8483=DIRECTION('',(-6.420386689334E-1,-7.666722556570E-1));
#8484=VECTOR('',#8483,1.978391806012E-2);
#8485=CARTESIAN_POINT('',(1.386799577186E1,2.609762705720E-1));
#8486=LINE('',#8485,#8484);
#8487=TRIMMED_CURVE('',#8486,(PARAMETER_VALUE(0.E0)),(PARAMETER_VALUE(1.E0)),
.T.,.UNSPECIFIED.);
#8488=COMPOSITE_CURVE_SEGMENT(.CONTINUOUS.,.T.,#8487);
#8489=DIRECTION('',(-6.799272015210E-1,-7.332796196757E-1));
#8490=VECTOR('',#8489,1.966434399409E-2);
#8491=CARTESIAN_POINT('',(1.385529373144E1,2.458084894871E-1));
#8492=LINE('',#8491,#8490);
#8493=TRIMMED_CURVE('',#8492,(PARAMETER_VALUE(0.E0)),(PARAMETER_VALUE(1.E0)),
.T.,.UNSPECIFIED.);
#8494=COMPOSITE_CURVE_SEGMENT(.CONTINUOUS.,.T.,#8493);
#8495=DIRECTION('',(-7.162630447738E-1,-6.978303881971E-1));
#8496=VECTOR('',#8495,1.964740082839E-2);
#8497=CARTESIAN_POINT('',(1.384192340906E1,2.313890268019E-1));
#8498=LINE('',#8497,#8496);
#8499=TRIMMED_CURVE('',#8498,(PARAMETER_VALUE(0.E0)),(PARAMETER_VALUE(1.E0)),
.T.,.UNSPECIFIED.);
#8500=COMPOSITE_CURVE_SEGMENT(.CONTINUOUS.,.T.,#8499);
#8501=DIRECTION('',(-7.506935563084E-1,-6.606505767175E-1));
#8502=VECTOR('',#8501,1.971137260951E-2);
#8503=CARTESIAN_POINT('',(1.382785070192E1,2.176784734548E-1));
#8504=LINE('',#8503,#8502);
#8505=TRIMMED_CURVE('',#8504,(PARAMETER_VALUE(0.E0)),(PARAMETER_VALUE(1.E0)),
.T.,.UNSPECIFIED.);
#8506=COMPOSITE_CURVE_SEGMENT(.CONTINUOUS.,.T.,#8505);
#8507=DIRECTION('',(-7.829332299934E-1,-6.221057445259E-1));
#8508=VECTOR('',#8507,1.988930221807E-2);
#8509=CARTESIAN_POINT('',(1.381305350152E1,2.046561437724E-1));
#8510=LINE('',#8509,#8508);
#8511=TRIMMED_CURVE('',#8510,(PARAMETER_VALUE(0.E0)),(PARAMETER_VALUE(1.E0)),
.T.,.UNSPECIFIED.);
#8512=COMPOSITE_CURVE_SEGMENT(.CONTINUOUS.,.T.,#8511);
#8513=DIRECTION('',(-8.127872439421E-1,-5.825606372602E-1));
#8514=VECTOR('',#8513,2.018214432014E-2);
#8515=CARTESIAN_POINT('',(1.379748150589E1,1.922828946079E-1));
#8516=LINE('',#8515,#8514);
#8517=TRIMMED_CURVE('',#8516,(PARAMETER_VALUE(0.E0)),(PARAMETER_VALUE(1.E0)),
.T.,.UNSPECIFIED.);
#8518=COMPOSITE_CURVE_SEGMENT(.CONTINUOUS.,.T.,#8517);
#8519=DIRECTION('',(-8.401245081837E-1,-5.423935939418E-1));
#8520=VECTOR('',#8519,2.059178521773E-2);
#8521=CARTESIAN_POINT('',(1.378107771643E1,1.805255717515E-1));
#8522=LINE('',#8521,#8520);
#8523=TRIMMED_CURVE('',#8522,(PARAMETER_VALUE(0.E0)),(PARAMETER_VALUE(1.E0)),
.T.,.UNSPECIFIED.);
#8524=COMPOSITE_CURVE_SEGMENT(.CONTINUOUS.,.T.,#8523);
#8525=DIRECTION('',(-8.648779572270E-1,-5.019821900255E-1));
#8526=VECTOR('',#8525,2.112109402004E-2);
#8527=CARTESIAN_POINT('',(1.376377805300E1,1.693567193616E-1));
#8528=LINE('',#8527,#8526);
#8529=TRIMMED_CURVE('',#8528,(PARAMETER_VALUE(0.E0)),(PARAMETER_VALUE(1.E0)),
.T.,.UNSPECIFIED.);
#8530=COMPOSITE_CURVE_SEGMENT(.CONTINUOUS.,.T.,#8529);
#8531=DIRECTION('',(-8.775331389389E-1,-4.795159956290E-1));
#8532=VECTOR('',#8531,2.017654322817E-2);
#8533=CARTESIAN_POINT('',(1.374551088435E1,1.587543063297E-1));
#8534=LINE('',#8533,#8532);
#8535=TRIMMED_CURVE('',#8534,(PARAMETER_VALUE(0.E0)),(PARAMETER_VALUE(1.E0)),
.T.,.UNSPECIFIED.);
#8536=COMPOSITE_CURVE_SEGMENT(.CONTINUOUS.,.T.,#8535);
#8537=DIRECTION('',(-9.001902659604E-1,-4.354968255569E-1));
#8538=VECTOR('',#8537,2.006151423739E-2);
#8539=CARTESIAN_POINT('',(1.372780529904E1,1.490793311153E-1));
#8540=LINE('',#8539,#8538);
#8541=TRIMMED_CURVE('',#8540,(PARAMETER_VALUE(0.E0)),(PARAMETER_VALUE(1.E0)),
.T.,.UNSPECIFIED.);
#8542=COMPOSITE_CURVE_SEGMENT(.CONTINUOUS.,.T.,#8541);
#8543=DIRECTION('',(-9.206799188340E-1,-3.903184431407E-1));
#8544=VECTOR('',#8543,2.003272177691E-2);
#8545=CARTESIAN_POINT('',(1.370974611920E1,1.403426053490E-1));
#8546=LINE('',#8545,#8544);
#8547=TRIMMED_CURVE('',#8546,(PARAMETER_VALUE(0.E0)),(PARAMETER_VALUE(1.E0)),
.T.,.UNSPECIFIED.);
#8548=COMPOSITE_CURVE_SEGMENT(.CONTINUOUS.,.T.,#8547);
#8549=DIRECTION('',(-9.388645228255E-1,-3.442868103481E-1));
#8550=VECTOR('',#8549,2.009025003863E-2);
#8551=CARTESIAN_POINT('',(1.369130239454E1,1.325234645732E-1));
#8552=LINE('',#8551,#8550);
#8553=TRIMMED_CURVE('',#8552,(PARAMETER_VALUE(0.E0)),(PARAMETER_VALUE(1.E0)),
.T.,.UNSPECIFIED.);
#8554=COMPOSITE_CURVE_SEGMENT(.CONTINUOUS.,.T.,#8553);
#8555=DIRECTION('',(-9.546522025142E-1,-2.977233148996E-1));
#8556=VECTOR('',#8555,2.023447356565E-2);
#8557=CARTESIAN_POINT('',(1.367244037153E1,1.256066564683E-1));
#8558=LINE('',#8557,#8556);
#8559=TRIMMED_CURVE('',#8558,(PARAMETER_VALUE(0.E0)),(PARAMETER_VALUE(1.E0)),
.T.,.UNSPECIFIED.);
#8560=COMPOSITE_CURVE_SEGMENT(.CONTINUOUS.,.T.,#8559);
#8561=DIRECTION('',(-9.679988077542E-1,-2.509547931132E-1));
#8562=VECTOR('',#8561,2.046607745778E-2);
#8563=CARTESIAN_POINT('',(1.365312348677E1,1.195823819231E-1));
#8564=LINE('',#8563,#8562);
#8565=TRIMMED_CURVE('',#8564,(PARAMETER_VALUE(0.E0)),(PARAMETER_VALUE(1.E0)),
.T.,.UNSPECIFIED.);
#8566=COMPOSITE_CURVE_SEGMENT(.CONTINUOUS.,.T.,#8565);
#8567=DIRECTION('',(-9.789075758151E-1,-2.043035927532E-1));
#8568=VECTOR('',#8567,2.078608199293E-2);
#8569=CARTESIAN_POINT('',(1.363331234819E1,1.144463216888E-1));
#8570=LINE('',#8569,#8568);
#8571=TRIMMED_CURVE('',#8570,(PARAMETER_VALUE(0.E0)),(PARAMETER_VALUE(1.E0)),
.T.,.UNSPECIFIED.);
#8572=COMPOSITE_CURVE_SEGMENT(.CONTINUOUS.,.T.,#8571);
#8573=DIRECTION('',(-9.874265740287E-1,-1.580783378643E-1));
#8574=VECTOR('',#8573,2.119587261994E-2);
#8575=CARTESIAN_POINT('',(1.361296469506E1,1.101996504584E-1));
#8576=LINE('',#8575,#8574);
#8577=TRIMMED_CURVE('',#8576,(PARAMETER_VALUE(0.E0)),(PARAMETER_VALUE(1.E0)),
.T.,.UNSPECIFIED.);
#8578=COMPOSITE_CURVE_SEGMENT(.CONTINUOUS.,.T.,#8577);
#8579=DIRECTION('',(-9.936442556036E-1,-1.125659509174E-1));
#8580=VECTOR('',#8579,2.169723658773E-2);
#8581=CARTESIAN_POINT('',(1.359203532717E1,1.068490421450E-1));
#8582=LINE('',#8581,#8580);
#8583=TRIMMED_CURVE('',#8582,(PARAMETER_VALUE(0.E0)),(PARAMETER_VALUE(1.E0)),
.T.,.UNSPECIFIED.);
#8584=COMPOSITE_CURVE_SEGMENT(.CONTINUOUS.,.T.,#8583);
#8585=DIRECTION('',(-9.976835944996E-1,-6.802532812347E-2));
#8586=VECTOR('',#8585,2.229240787322E-2);
#8587=CARTESIAN_POINT('',(1.357047599267E1,1.044066720763E-1));
#8588=LINE('',#8587,#8586);
#8589=TRIMMED_CURVE('',#8588,(PARAMETER_VALUE(0.E0)),(PARAMETER_VALUE(1.E0)),
.T.,.UNSPECIFIED.);
#8590=COMPOSITE_CURVE_SEGMENT(.CONTINUOUS.,.T.,#8589);
#8591=DIRECTION('',(-9.996953313143E-1,-2.468287966222E-2));
#8592=VECTOR('',#8591,2.298412258466E-2);
#8593=CARTESIAN_POINT('',(1.354823522306E1,1.028902237160E-1));
#8594=LINE('',#8593,#8592);
#8595=TRIMMED_CURVE('',#8594,(PARAMETER_VALUE(0.E0)),(PARAMETER_VALUE(1.E0)),
.T.,.UNSPECIFIED.);
#8596=COMPOSITE_CURVE_SEGMENT(.CONTINUOUS.,.T.,#8595);
#8597=DIRECTION('',(-9.999984020994E-1,-1.787679686893E-3));
#8598=VECTOR('',#8597,1.998944350977E-3);
#8599=CARTESIAN_POINT('',(1.352525810301E1,1.023229093841E-1));
#8600=LINE('',#8599,#8598);
#8601=TRIMMED_CURVE('',#8600,(PARAMETER_VALUE(0.E0)),(PARAMETER_VALUE(1.E0)),
.T.,.UNSPECIFIED.);
#8602=COMPOSITE_CURVE_SEGMENT(.CONTINUOUS.,.T.,#8601);
#8603=DIRECTION('',(-9.997551521289E-1,2.212771546369E-2));
#8604=VECTOR('',#8603,2.215893924381E-2);
#8605=CARTESIAN_POINT('',(1.352325916186E1,1.023193359119E-1));
#8606=LINE('',#8605,#8604);
#8607=TRIMMED_CURVE('',#8606,(PARAMETER_VALUE(0.E0)),(PARAMETER_VALUE(1.E0)),
.T.,.UNSPECIFIED.);
#8608=COMPOSITE_CURVE_SEGMENT(.CONTINUOUS.,.T.,#8607);
#8609=DIRECTION('',(-9.977323919129E-1,6.730582536309E-2));
#8610=VECTOR('',#8609,2.164058291388E-2);
#8611=CARTESIAN_POINT('',(1.350110564818E1,1.028096626145E-1));
#8612=LINE('',#8611,#8610);
#8613=TRIMMED_CURVE('',#8612,(PARAMETER_VALUE(0.E0)),(PARAMETER_VALUE(1.E0)),
.T.,.UNSPECIFIED.);
#8614=COMPOSITE_CURVE_SEGMENT(.CONTINUOUS.,.T.,#8613);
#8615=DIRECTION('',(-9.935491353241E-1,1.134024501353E-1));
#8616=VECTOR('',#8615,2.120693762600E-2);
#8617=CARTESIAN_POINT('',(1.347951413763E1,1.042661999088E-1));
#8618=LINE('',#8617,#8616);
#8619=TRIMMED_CURVE('',#8618,(PARAMETER_VALUE(0.E0)),(PARAMETER_VALUE(1.E0)),
.T.,.UNSPECIFIED.);
#8620=COMPOSITE_CURVE_SEGMENT(.CONTINUOUS.,.T.,#8619);
#8621=DIRECTION('',(-9.870897317421E-1,1.601682287139E-1));
#8622=VECTOR('',#8621,2.085709525473E-2);
#8623=CARTESIAN_POINT('',(1.345844400309E1,1.066711185955E-1));
#8624=LINE('',#8623,#8622);
#8625=TRIMMED_CURVE('',#8624,(PARAMETER_VALUE(0.E0)),(PARAMETER_VALUE(1.E0)),
.T.,.UNSPECIFIED.);
#8626=COMPOSITE_CURVE_SEGMENT(.CONTINUOUS.,.T.,#8625);
#8627=DIRECTION('',(-9.782715508747E-1,2.073276941202E-1));
#8628=VECTOR('',#8627,2.059036917220E-2);
#8629=CARTESIAN_POINT('',(1.343785617853E1,1.100117625986E-1));
#8630=LINE('',#8629,#8628);
#8631=TRIMMED_CURVE('',#8630,(PARAMETER_VALUE(0.E0)),(PARAMETER_VALUE(1.E0)),
.T.,.UNSPECIFIED.);
#8632=COMPOSITE_CURVE_SEGMENT(.CONTINUOUS.,.T.,#8631);
#8633=DIRECTION('',(-9.670502930343E-1,2.545854095237E-1));
#8634=VECTOR('',#8633,2.040629078451E-2);
#8635=CARTESIAN_POINT('',(1.341771320615E1,1.142807163601E-1));
#8636=LINE('',#8635,#8634);
#8637=TRIMMED_CURVE('',#8636,(PARAMETER_VALUE(0.E0)),(PARAMETER_VALUE(1.E0)),
.T.,.UNSPECIFIED.);
#8638=COMPOSITE_CURVE_SEGMENT(.CONTINUOUS.,.T.,#8637);
#8639=DIRECTION('',(-9.534239338313E-1,3.016335564849E-1));
#8640=VECTOR('',#8639,2.030460695609E-2);
#8641=CARTESIAN_POINT('',(1.339797929666E1,1.194758602564E-1));
#8642=LINE('',#8641,#8640);
#8643=TRIMMED_CURVE('',#8642,(PARAMETER_VALUE(0.E0)),(PARAMETER_VALUE(1.E0)),
.T.,.UNSPECIFIED.);
#8644=COMPOSITE_CURVE_SEGMENT(.CONTINUOUS.,.T.,#8643);
#8645=DIRECTION('',(-9.374405916616E-1,3.481452816068E-1));
#8646=VECTOR('',#8645,2.027181773279E-2);
#8647=CARTESIAN_POINT('',(1.337862039842E1,1.256004110655E-1));
#8648=LINE('',#8647,#8646);
#8649=TRIMMED_CURVE('',#8648,(PARAMETER_VALUE(0.E0)),(PARAMETER_VALUE(1.E0)),
.T.,.UNSPECIFIED.);
#8650=COMPOSITE_CURVE_SEGMENT(.CONTINUOUS.,.T.,#8649);
#8651=DIRECTION('',(-9.192032505721E-1,3.937834228834E-1));
#8652=VECTOR('',#8651,2.030593555079E-2);
#8653=CARTESIAN_POINT('',(1.335961677361E1,1.326579487588E-1));
#8654=LINE('',#8653,#8652);
#8655=TRIMMED_CURVE('',#8654,(PARAMETER_VALUE(0.E0)),(PARAMETER_VALUE(1.E0)),
.T.,.UNSPECIFIED.);
#8656=COMPOSITE_CURVE_SEGMENT(.CONTINUOUS.,.T.,#8655);
#8657=DIRECTION('',(-8.988557509588E-1,4.382446108834E-1));
#8658=VECTOR('',#8657,2.042239002492E-2);
#8659=CARTESIAN_POINT('',(1.334095149165E1,1.406540895648E-1));
#8660=LINE('',#8659,#8658);
#8661=TRIMMED_CURVE('',#8660,(PARAMETER_VALUE(0.E0)),(PARAMETER_VALUE(1.E0)),
.T.,.UNSPECIFIED.);
#8662=COMPOSITE_CURVE_SEGMENT(.CONTINUOUS.,.T.,#8661);
#8663=DIRECTION('',(-8.765729055508E-1,4.812690944307E-1));
#8664=VECTOR('',#8663,2.062133008661E-2);
#8665=CARTESIAN_POINT('',(1.332259470893E1,1.496040919346E-1));
#8666=LINE('',#8665,#8664);
#8667=TRIMMED_CURVE('',#8666,(PARAMETER_VALUE(0.E0)),(PARAMETER_VALUE(1.E0)),
.T.,.UNSPECIFIED.);
#8668=COMPOSITE_CURVE_SEGMENT(.CONTINUOUS.,.T.,#8667);
#8669=DIRECTION('',(-8.525598819045E-1,5.226295511803E-1));
#8670=VECTOR('',#8669,2.090312207328E-2);
#8671=CARTESIAN_POINT('',(1.330451860970E1,1.595285007914E-1));
#8672=LINE('',#8671,#8670);
#8673=TRIMMED_CURVE('',#8672,(PARAMETER_VALUE(0.E0)),(PARAMETER_VALUE(1.E0)),
.T.,.UNSPECIFIED.);
#8674=COMPOSITE_CURVE_SEGMENT(.CONTINUOUS.,.T.,#8673);
#8675=DIRECTION('',(-8.270448309483E-1,5.621359689628E-1));
#8676=VECTOR('',#8675,2.126835439989E-2);
#8677=CARTESIAN_POINT('',(1.328669744641E1,1.704530900988E-1));
#8678=LINE('',#8677,#8676);
#8679=TRIMMED_CURVE('',#8678,(PARAMETER_VALUE(0.E0)),(PARAMETER_VALUE(1.E0)),
.T.,.UNSPECIFIED.);
#8680=COMPOSITE_CURVE_SEGMENT(.CONTINUOUS.,.T.,#8679);
#8681=DIRECTION('',(-8.002709497318E-1,5.996385636493E-1));
#8682=VECTOR('',#8681,2.171784331201E-2);
#8683=CARTESIAN_POINT('',(1.326910756384E1,1.824087971076E-1));
#8684=LINE('',#8683,#8682);
#8685=TRIMMED_CURVE('',#8684,(PARAMETER_VALUE(0.E0)),(PARAMETER_VALUE(1.E0)),
.T.,.UNSPECIFIED.);
#8686=COMPOSITE_CURVE_SEGMENT(.CONTINUOUS.,.T.,#8685);
#8687=DIRECTION('',(-7.724885215284E-1,6.350287269934E-1));
#8688=VECTOR('',#8687,2.225263983257E-2);
#8689=CARTESIAN_POINT('',(1.325172740475E1,1.954316534768E-1));
#8690=LINE('',#8689,#8688);
#8691=TRIMMED_CURVE('',#8690,(PARAMETER_VALUE(0.E0)),(PARAMETER_VALUE(1.E0)),
.T.,.UNSPECIFIED.);
#8692=COMPOSITE_CURVE_SEGMENT(.CONTINUOUS.,.T.,#8691);
#8693=DIRECTION('',(-7.439474194465E-1,6.682381589664E-1));
#8694=VECTOR('',#8693,2.287403807735E-2);
#8695=CARTESIAN_POINT('',(1.323453749590E1,2.095627190219E-1));
#8696=LINE('',#8695,#8694);
#8697=TRIMMED_CURVE('',#8696,(PARAMETER_VALUE(0.E0)),(PARAMETER_VALUE(1.E0)),
.T.,.UNSPECIFIED.);
#8698=COMPOSITE_CURVE_SEGMENT(.CONTINUOUS.,.T.,#8697);
#8699=DIRECTION('',(-7.254536273761E-1,6.882710472822E-1));
#8700=VECTOR('',#8699,6.488932143407E-3);
#8701=CARTESIAN_POINT('',(1.321752041430E1,2.248480241149E-1));
#8702=LINE('',#8701,#8700);
#8703=TRIMMED_CURVE('',#8702,(PARAMETER_VALUE(0.E0)),(PARAMETER_VALUE(1.E0)),
.T.,.UNSPECIFIED.);
#8704=COMPOSITE_CURVE_SEGMENT(.CONTINUOUS.,.T.,#8703);
#8705=DIRECTION('',(-6.912571378699E-1,7.226088633168E-1));
#8706=VECTOR('',#8705,2.206554227400E-2);
#8707=CARTESIAN_POINT('',(1.321281299494E1,2.293141682369E-1));
#8708=LINE('',#8707,#8706);
#8709=TRIMMED_CURVE('',#8708,(PARAMETER_VALUE(0.E0)),(PARAMETER_VALUE(1.E0)),
.T.,.UNSPECIFIED.);
#8710=COMPOSITE_CURVE_SEGMENT(.CONTINUOUS.,.T.,#8709);
#8711=DIRECTION('',(-6.577701354014E-1,7.532187258520E-1));
#8712=VECTOR('',#8711,2.151501110449E-2);
#8713=CARTESIAN_POINT('',(1.319756003134E1,2.452589246580E-1));
#8714=LINE('',#8713,#8712);
#8715=TRIMMED_CURVE('',#8714,(PARAMETER_VALUE(0.E0)),(PARAMETER_VALUE(1.E0)),
.T.,.UNSPECIFIED.);
#8716=COMPOSITE_CURVE_SEGMENT(.CONTINUOUS.,.T.,#8715);
#8717=DIRECTION('',(-6.220357457772E-1,7.829888447324E-1));
#8718=VECTOR('',#8717,2.105048141790E-2);
#8719=CARTESIAN_POINT('',(1.318340809958E1,2.614644339088E-1));
#8720=LINE('',#8719,#8718);
#8721=TRIMMED_CURVE('',#8720,(PARAMETER_VALUE(0.E0)),(PARAMETER_VALUE(1.E0)),
.T.,.UNSPECIFIED.);
#8722=COMPOSITE_CURVE_SEGMENT(.CONTINUOUS.,.T.,#8721);
#8723=DIRECTION('',(-5.841406649159E-1,8.116524401440E-1));
#8724=VECTOR('',#8723,2.067086883468E-2);
#8725=CARTESIAN_POINT('',(1.317031394767E1,2.779467260353E-1));
#8726=LINE('',#8725,#8724);
#8727=TRIMMED_CURVE('',#8726,(PARAMETER_VALUE(0.E0)),(PARAMETER_VALUE(1.E0)),
.T.,.UNSPECIFIED.);
#8728=COMPOSITE_CURVE_SEGMENT(.CONTINUOUS.,.T.,#8727);
#8729=DIRECTION('',(-5.442151664476E-1,8.389456791762E-1));
#8730=VECTOR('',#8729,2.037532503251E-2);
#8731=CARTESIAN_POINT('',(1.315823925260E1,2.947242871649E-1));
#8732=LINE('',#8731,#8730);
#8733=TRIMMED_CURVE('',#8732,(PARAMETER_VALUE(0.E0)),(PARAMETER_VALUE(1.E0)),
.T.,.UNSPECIFIED.);
#8734=COMPOSITE_CURVE_SEGMENT(.CONTINUOUS.,.T.,#8733);
#8735=DIRECTION('',(-5.024330483006E-1,8.646161182718E-1));
#8736=VECTOR('',#8735,2.016323074234E-2);
#8737=CARTESIAN_POINT('',(1.314715069170E1,3.118180780627E-1));
#8738=LINE('',#8737,#8736);
#8739=TRIMMED_CURVE('',#8738,(PARAMETER_VALUE(0.E0)),(PARAMETER_VALUE(1.E0)),
.T.,.UNSPECIFIED.);
#8740=COMPOSITE_CURVE_SEGMENT(.CONTINUOUS.,.T.,#8739);
#8741=DIRECTION('',(-4.590094820291E-1,8.884313678655E-1));
#8742=VECTOR('',#8741,2.003418987337E-2);
#8743=CARTESIAN_POINT('',(1.313702001821E1,3.292515323590E-1));
#8744=LINE('',#8743,#8742);
#8745=TRIMMED_CURVE('',#8744,(PARAMETER_VALUE(0.E0)),(PARAMETER_VALUE(1.E0)),
.T.,.UNSPECIFIED.);
#8746=COMPOSITE_CURVE_SEGMENT(.CONTINUOUS.,.T.,#8745);
#8747=DIRECTION('',(-4.141966980562E-1,9.101873957155E-1));
#8748=VECTOR('',#8747,1.998802464185E-2);
#8749=CARTESIAN_POINT('',(1.312782413510E1,3.470505350722E-1));
#8750=LINE('',#8749,#8748);
#8751=TRIMMED_CURVE('',#8750,(PARAMETER_VALUE(0.E0)),(PARAMETER_VALUE(1.E0)),
.T.,.UNSPECIFIED.);
#8752=COMPOSITE_CURVE_SEGMENT(.CONTINUOUS.,.T.,#8751);
#8753=DIRECTION('',(-3.682892340697E-1,9.297112670439E-1));
#8754=VECTOR('',#8753,2.001474360174E-2);
#8755=CARTESIAN_POINT('',(1.311954516129E1,3.652433831665E-1));
#8756=LINE('',#8755,#8754);
#8757=TRIMMED_CURVE('',#8756,(PARAMETER_VALUE(0.E0)),(PARAMETER_VALUE(1.E0)),
.T.,.UNSPECIFIED.);
#8758=COMPOSITE_CURVE_SEGMENT(.CONTINUOUS.,.T.,#8757);
#8759=DIRECTION('',(-3.216269359973E-1,9.468664710723E-1));
#8760=VECTOR('',#8759,2.010546869934E-2);
#8761=CARTESIAN_POINT('',(1.311217394670E1,3.838513158E-1));
#8762=LINE('',#8761,#8760);
#8763=TRIMMED_CURVE('',#8762,(PARAMETER_VALUE(0.E0)),(PARAMETER_VALUE(1.E0)),
.T.,.UNSPECIFIED.);
#8764=COMPOSITE_CURVE_SEGMENT(.CONTINUOUS.,.T.,#8763);
#8765=DIRECTION('',(-2.745508686147E-1,9.615725768463E-1));
#8766=VECTOR('',#8765,2.027928202924E-2);
#8767=CARTESIAN_POINT('',(1.310570748641E1,4.028885099966E-1));
#8768=LINE('',#8767,#8766);
#8769=TRIMMED_CURVE('',#8768,(PARAMETER_VALUE(0.E0)),(PARAMETER_VALUE(1.E0)),
.T.,.UNSPECIFIED.);
#8770=COMPOSITE_CURVE_SEGMENT(.CONTINUOUS.,.T.,#8769);
#8771=DIRECTION('',(-2.273806850165E-1,9.738059478569E-1));
#8772=VECTOR('',#8771,2.053639975626E-2);
#8773=CARTESIAN_POINT('',(1.310013979191E1,4.223885114741E-1));
#8774=LINE('',#8773,#8772);
#8775=TRIMMED_CURVE('',#8774,(PARAMETER_VALUE(0.E0)),(PARAMETER_VALUE(1.E0)),
.T.,.UNSPECIFIED.);
#8776=COMPOSITE_CURVE_SEGMENT(.CONTINUOUS.,.T.,#8775);
#8777=DIRECTION('',(-1.804268833715E-1,9.835883995640E-1));
#8778=VECTOR('',#8777,2.087725397803E-2);
#8779=CARTESIAN_POINT('',(1.309547021126E1,4.423869797043E-1));
#8780=LINE('',#8779,#8778);
#8781=TRIMMED_CURVE('',#8780,(PARAMETER_VALUE(0.E0)),(PARAMETER_VALUE(1.E0)),
.T.,.UNSPECIFIED.);
#8782=COMPOSITE_CURVE_SEGMENT(.CONTINUOUS.,.T.,#8781);
#8783=DIRECTION('',(-1.339823662296E-1,9.909837160819E-1));
#8784=VECTOR('',#8783,2.130249490845E-2);
#8785=CARTESIAN_POINT('',(1.309170339340E1,4.629216045318E-1));
#8786=LINE('',#8785,#8784);
#8787=TRIMMED_CURVE('',#8786,(PARAMETER_VALUE(0.E0)),(PARAMETER_VALUE(1.E0)),
.T.,.UNSPECIFIED.);
#8788=COMPOSITE_CURVE_SEGMENT(.CONTINUOUS.,.T.,#8787);
#8789=DIRECTION('',(-8.831542584624E-2,9.960925587302E-1));
#8790=VECTOR('',#8789,2.181299385595E-2);
#8791=CARTESIAN_POINT('',(1.308884923472E1,4.840320300980E-1));
#8792=LINE('',#8791,#8790);
#8793=TRIMMED_CURVE('',#8792,(PARAMETER_VALUE(0.E0)),(PARAMETER_VALUE(1.E0)),
.T.,.UNSPECIFIED.);
#8794=COMPOSITE_CURVE_SEGMENT(.CONTINUOUS.,.T.,#8793);
#8795=DIRECTION('',(-4.366444515811E-2,9.990462532981E-1));
#8796=VECTOR('',#8795,2.240984705016E-2);
#8797=CARTESIAN_POINT('',(1.308692281088E1,5.057597909616E-1));
#8798=LINE('',#8797,#8796);
#8799=TRIMMED_CURVE('',#8798,(PARAMETER_VALUE(0.E0)),(PARAMETER_VALUE(1.E0)),
.T.,.UNSPECIFIED.);
#8800=COMPOSITE_CURVE_SEGMENT(.CONTINUOUS.,.T.,#8799);
#8801=DIRECTION('',(-1.086173949835E-2,9.999410095676E-1));
#8802=VECTOR('',#8801,1.161275549896E-2);
#8803=CARTESIAN_POINT('',(1.308594429734E1,5.281482646940E-1));
#8804=LINE('',#8803,#8802);
#8805=TRIMMED_CURVE('',#8804,(PARAMETER_VALUE(0.E0)),(PARAMETER_VALUE(1.E0)),
.T.,.UNSPECIFIED.);
#8806=COMPOSITE_CURVE_SEGMENT(.CONTINUOUS.,.T.,#8805);
#8807=DIRECTION('',(3.274438890745E-3,9.999946390106E-1));
#8808=VECTOR('',#8807,3.973119501687E-3);
#8809=CARTESIAN_POINT('',(1.308581816262E1,5.397603351515E-1));
#8810=LINE('',#8809,#8808);
#8811=TRIMMED_CURVE('',#8810,(PARAMETER_VALUE(0.E0)),(PARAMETER_VALUE(1.E0)),
.T.,.UNSPECIFIED.);
#8812=COMPOSITE_CURVE_SEGMENT(.CONTINUOUS.,.T.,#8811);
#8813=DIRECTION('',(2.688847995849E-2,9.996384394597E-1));
#8814=VECTOR('',#8813,2.371932580886E-2);
#8815=CARTESIAN_POINT('',(1.308583117235E1,5.437334333534E-1));
#8816=LINE('',#8815,#8814);
#8817=TRIMMED_CURVE('',#8816,(PARAMETER_VALUE(0.E0)),(PARAMETER_VALUE(1.E0)),
.T.,.UNSPECIFIED.);
#8818=COMPOSITE_CURVE_SEGMENT(.CONTINUOUS.,.T.,#8817);
#8819=DIRECTION('',(6.897028333731E-2,9.976187147485E-1));
#8820=VECTOR('',#8819,2.280415986167E-2);
#8821=CARTESIAN_POINT('',(1.308646894897E1,5.674441831900E-1));
#8822=LINE('',#8821,#8820);
#8823=TRIMMED_CURVE('',#8822,(PARAMETER_VALUE(0.E0)),(PARAMETER_VALUE(1.E0)),
.T.,.UNSPECIFIED.);
#8824=COMPOSITE_CURVE_SEGMENT(.CONTINUOUS.,.T.,#8823);
#8825=DIRECTION('',(1.126006170918E-1,9.936403278E-1));
#8826=VECTOR('',#8825,2.202798371406E-2);
#8827=CARTESIAN_POINT('',(1.308804175834E1,5.901940398421E-1));
#8828=LINE('',#8827,#8826);
#8829=TRIMMED_CURVE('',#8828,(PARAMETER_VALUE(0.E0)),(PARAMETER_VALUE(1.E0)),
.T.,.UNSPECIFIED.);
#8830=COMPOSITE_CURVE_SEGMENT(.CONTINUOUS.,.T.,#8829);
#8831=DIRECTION('',(1.575262283855E-1,9.875148036210E-1));
#8832=VECTOR('',#8831,2.138289829056E-2);
#8833=CARTESIAN_POINT('',(1.309052212290E1,6.120819328005E-1));
#8834=LINE('',#8833,#8832);
#8835=TRIMMED_CURVE('',#8834,(PARAMETER_VALUE(0.E0)),(PARAMETER_VALUE(1.E0)),
.T.,.UNSPECIFIED.);
#8836=COMPOSITE_CURVE_SEGMENT(.CONTINUOUS.,.T.,#8835);
#8837=DIRECTION('',(2.034504393752E-1,9.790852458893E-1));
#8838=VECTOR('',#8837,2.086264843984E-2);
#8839=CARTESIAN_POINT('',(1.309389049022E1,6.331978614067E-1));
#8840=LINE('',#8839,#8838);
#8841=TRIMMED_CURVE('',#8840,(PARAMETER_VALUE(0.E0)),(PARAMETER_VALUE(1.E0)),
.T.,.UNSPECIFIED.);
#8842=COMPOSITE_CURVE_SEGMENT(.CONTINUOUS.,.T.,#8841);
#8843=DIRECTION('',(2.500382720956E-1,9.682359539324E-1));
#8844=VECTOR('',#8843,2.046237703278E-2);
#8845=CARTESIAN_POINT('',(1.309813500521E1,6.536241726844E-1));
#8846=LINE('',#8845,#8844);
#8847=TRIMMED_CURVE('',#8846,(PARAMETER_VALUE(0.E0)),(PARAMETER_VALUE(1.E0)),
.T.,.UNSPECIFIED.);
#8848=COMPOSITE_CURVE_SEGMENT(.CONTINUOUS.,.T.,#8847);
#8849=DIRECTION('',(2.969244410895E-1,9.549009772137E-1));
#8850=VECTOR('',#8849,2.017843936803E-2);
#8851=CARTESIAN_POINT('',(1.310325138261E1,6.734365818304E-1));
#8852=LINE('',#8851,#8850);
#8853=TRIMMED_CURVE('',#8852,(PARAMETER_VALUE(0.E0)),(PARAMETER_VALUE(1.E0)),
.T.,.UNSPECIFIED.);
#8854=COMPOSITE_CURVE_SEGMENT(.CONTINUOUS.,.T.,#8853);
#8855=DIRECTION('',(3.437239564632E-1,9.390707330938E-1));
#8856=VECTOR('',#8855,2.000826406744E-2);
#8857=CARTESIAN_POINT('',(1.310924285444E1,6.927049933016E-1));
#8858=LINE('',#8857,#8856);
#8859=TRIMMED_CURVE('',#8858,(PARAMETER_VALUE(0.E0)),(PARAMETER_VALUE(1.E0)),
.T.,.UNSPECIFIED.);
#8860=COMPOSITE_CURVE_SEGMENT(.CONTINUOUS.,.T.,#8859);
#8861=DIRECTION('',(3.900447532171E-1,9.207959005598E-1));
#8862=VECTOR('',#8861,1.995025074586E-2);
#8863=CARTESIAN_POINT('',(1.311612017412E1,7.114941685073E-1));
#8864=LINE('',#8863,#8862);
#8865=TRIMMED_CURVE('',#8864,(PARAMETER_VALUE(0.E0)),(PARAMETER_VALUE(1.E0)),
.T.,.UNSPECIFIED.);
#8866=COMPOSITE_CURVE_SEGMENT(.CONTINUOUS.,.T.,#8865);
#8867=DIRECTION('',(4.355014712547E-1,9.001880184356E-1));
#8868=VECTOR('',#8867,2.000369767591E-2);
#8869=CARTESIAN_POINT('',(1.312390166475E1,7.298642776093E-1));
#8870=LINE('',#8869,#8868);
#8871=TRIMMED_CURVE('',#8870,(PARAMETER_VALUE(0.E0)),(PARAMETER_VALUE(1.E0)),
.T.,.UNSPECIFIED.);
#8872=COMPOSITE_CURVE_SEGMENT(.CONTINUOUS.,.T.,#8871);
#8873=DIRECTION('',(4.796989156501E-1,8.774331600322E-1));
#8874=VECTOR('',#8873,2.014046737634E-2);
#8875=CARTESIAN_POINT('',(1.313261330452E1,7.478713665815E-1));
#8876=LINE('',#8875,#8874);
#8877=TRIMMED_CURVE('',#8876,(PARAMETER_VALUE(0.E0)),(PARAMETER_VALUE(1.E0)),
.T.,.UNSPECIFIED.);
#8878=COMPOSITE_CURVE_SEGMENT(.CONTINUOUS.,.T.,#8877);
#8879=DIRECTION('',(5.034799610536E-1,8.640069032232E-1));
#8880=VECTOR('',#8879,1.999080245571E-2);
#8881=CARTESIAN_POINT('',(1.314227466488E1,7.655432805161E-1));
#8882=LINE('',#8881,#8880);
#8883=TRIMMED_CURVE('',#8882,(PARAMETER_VALUE(0.E0)),(PARAMETER_VALUE(1.E0)),
.T.,.UNSPECIFIED.);
#8884=COMPOSITE_CURVE_SEGMENT(.CONTINUOUS.,.T.,#8883);
#8885=DIRECTION('',(5.457711890749E-1,8.379342511055E-1));
#8886=VECTOR('',#8885,1.988906479255E-2);
#8887=CARTESIAN_POINT('',(1.315233963332E1,7.828154718388E-1));
#8888=LINE('',#8887,#8886);
#8889=TRIMMED_CURVE('',#8888,(PARAMETER_VALUE(0.E0)),(PARAMETER_VALUE(1.E0)),
.T.,.UNSPECIFIED.);
#8890=COMPOSITE_CURVE_SEGMENT(.CONTINUOUS.,.T.,#8889);
#8891=DIRECTION('',(5.867995466759E-1,8.097322347671E-1));
#8892=VECTOR('',#8891,1.985525557679E-2);
#8893=CARTESIAN_POINT('',(1.316319451187E1,7.994812004509E-1));
#8894=LINE('',#8893,#8892);
#8895=TRIMMED_CURVE('',#8894,(PARAMETER_VALUE(0.E0)),(PARAMETER_VALUE(1.E0)),
.T.,.UNSPECIFIED.);
#8896=COMPOSITE_CURVE_SEGMENT(.CONTINUOUS.,.T.,#8895);
#8897=DIRECTION('',(6.263221452598E-1,7.795643465149E-1));
#8898=VECTOR('',#8897,1.988883418090E-2);
#8899=CARTESIAN_POINT('',(1.317484556684E1,8.155586409210E-1));
#8900=LINE('',#8899,#8898);
#8901=TRIMMED_CURVE('',#8900,(PARAMETER_VALUE(0.E0)),(PARAMETER_VALUE(1.E0)),
.T.,.UNSPECIFIED.);
#8902=COMPOSITE_CURVE_SEGMENT(.CONTINUOUS.,.T.,#8901);
#8903=DIRECTION('',(6.641221676153E-1,7.476240676182E-1));
#8904=VECTOR('',#8903,1.998924366807E-2);
#8905=CARTESIAN_POINT('',(1.318730238413E1,8.310632669422E-1));
#8906=LINE('',#8905,#8904);
#8907=TRIMMED_CURVE('',#8906,(PARAMETER_VALUE(0.E0)),(PARAMETER_VALUE(1.E0)),
.T.,.UNSPECIFIED.);
#8908=COMPOSITE_CURVE_SEGMENT(.CONTINUOUS.,.T.,#8907);
#8909=DIRECTION('',(7.000141213504E-1,7.141290008886E-1));
#8910=VECTOR('',#8909,2.015589669748E-2);
#8911=CARTESIAN_POINT('',(1.320057768396E1,8.460077066019E-1));
#8912=LINE('',#8911,#8910);
#8913=TRIMMED_CURVE('',#8912,(PARAMETER_VALUE(0.E0)),(PARAMETER_VALUE(1.E0)),
.T.,.UNSPECIFIED.);
#8914=COMPOSITE_CURVE_SEGMENT(.CONTINUOUS.,.T.,#8913);
#8915=DIRECTION('',(7.338476015653E-1,6.793141376984E-1));
#8916=VECTOR('',#8915,2.038815779296E-2);
#8917=CARTESIAN_POINT('',(1.321468709628E1,8.604016169725E-1));
#8918=LINE('',#8917,#8916);
#8919=TRIMMED_CURVE('',#8918,(PARAMETER_VALUE(0.E0)),(PARAMETER_VALUE(1.E0)),
.T.,.UNSPECIFIED.);
#8920=COMPOSITE_CURVE_SEGMENT(.CONTINUOUS.,.T.,#8919);
#8921=DIRECTION('',(7.655094137455E-1,6.434246944803E-1));
#8922=VECTOR('',#8921,2.068532133027E-2);
#8923=CARTESIAN_POINT('',(1.322964889698E1,8.742515808029E-1));
#8924=LINE('',#8923,#8922);
#8925=TRIMMED_CURVE('',#8924,(PARAMETER_VALUE(0.E0)),(PARAMETER_VALUE(1.E0)),
.T.,.UNSPECIFIED.);
#8926=COMPOSITE_CURVE_SEGMENT(.CONTINUOUS.,.T.,#8925);
#8927=DIRECTION('',(7.949240460370E-1,6.067089590835E-1));
#8928=VECTOR('',#8927,2.104658449358E-2);
#8929=CARTESIAN_POINT('',(1.324548370518E1,8.875610273600E-1));
#8930=LINE('',#8929,#8928);
#8931=TRIMMED_CURVE('',#8930,(PARAMETER_VALUE(0.E0)),(PARAMETER_VALUE(1.E0)),
.T.,.UNSPECIFIED.);
#8932=COMPOSITE_CURVE_SEGMENT(.CONTINUOUS.,.T.,#8931);
#8933=DIRECTION('',(8.220526071692E-1,5.694115480444E-1));
#8934=VECTOR('',#8933,2.147101431810E-2);
#8935=CARTESIAN_POINT('',(1.326221414128E1,9.003301787304E-1));
#8936=LINE('',#8935,#8934);
#8937=TRIMMED_CURVE('',#8936,(PARAMETER_VALUE(0.E0)),(PARAMETER_VALUE(1.E0)),
.T.,.UNSPECIFIED.);
#8938=COMPOSITE_CURVE_SEGMENT(.CONTINUOUS.,.T.,#8937);
#8939=DIRECTION('',(8.468904479282E-1,5.317674014152E-1));
#8940=VECTOR('',#8939,2.195750776406E-2);
#8941=CARTESIAN_POINT('',(1.327986444458E1,9.125560222313E-1));
#8942=LINE('',#8941,#8940);
#8943=TRIMMED_CURVE('',#8942,(PARAMETER_VALUE(0.E0)),(PARAMETER_VALUE(1.E0)),
.T.,.UNSPECIFIED.);
#8944=COMPOSITE_CURVE_SEGMENT(.CONTINUOUS.,.T.,#8943);
#8945=DIRECTION('',(8.619767579858E-1,5.069477968118E-1));
#8946=VECTOR('',#8945,7.051946605237E-3);
#8947=CARTESIAN_POINT('',(1.329846004817E1,9.242323090766E-1));
#8948=LINE('',#8947,#8946);
#8949=TRIMMED_CURVE('',#8948,(PARAMETER_VALUE(0.E0)),(PARAMETER_VALUE(1.E0)),
.T.,.UNSPECIFIED.);
#8950=COMPOSITE_CURVE_SEGMENT(.CONTINUOUS.,.T.,#8949);
#8951=DIRECTION('',(8.690533519668E-1,4.947183758820E-1));
#8952=VECTOR('',#8951,2.143179178808E-2);
#8953=CARTESIAN_POINT('',(1.330453866224E1,9.278072778714E-1));
#8954=LINE('',#8953,#8952);
#8955=TRIMMED_CURVE('',#8954,(PARAMETER_VALUE(0.E0)),(PARAMETER_VALUE(1.E0)),
.T.,.UNSPECIFIED.);
#8956=COMPOSITE_CURVE_SEGMENT(.CONTINUOUS.,.T.,#8955);
#8957=DIRECTION('',(8.913393240388E-1,4.533367505752E-1));
#8958=VECTOR('',#8957,2.083081764537E-2);
#8959=CARTESIAN_POINT('',(1.332316403273E1,9.384099790970E-1));
#8960=LINE('',#8959,#8958);
#8961=TRIMMED_CURVE('',#8960,(PARAMETER_VALUE(0.E0)),(PARAMETER_VALUE(1.E0)),
.T.,.UNSPECIFIED.);
#8962=COMPOSITE_CURVE_SEGMENT(.CONTINUOUS.,.T.,#8961);
#8963=DIRECTION('',(9.122042613971E-1,4.097357508065E-1));
#8964=VECTOR('',#8963,2.037759132858E-2);
#8965=CARTESIAN_POINT('',(1.334173135965E1,9.478533542802E-1));
#8966=LINE('',#8965,#8964);
#8967=TRIMMED_CURVE('',#8966,(PARAMETER_VALUE(0.E0)),(PARAMETER_VALUE(1.E0)),
.T.,.UNSPECIFIED.);
#8968=COMPOSITE_CURVE_SEGMENT(.CONTINUOUS.,.T.,#8967);
#8969=DIRECTION('',(9.313124494098E-1,3.642212536004E-1));
#8970=VECTOR('',#8969,2.005059261554E-2);
#8971=CARTESIAN_POINT('',(1.336031988530E1,9.562027819628E-1));
#8972=LINE('',#8971,#8970);
#8973=TRIMMED_CURVE('',#8972,(PARAMETER_VALUE(0.E0)),(PARAMETER_VALUE(1.E0)),
.T.,.UNSPECIFIED.);
#8974=COMPOSITE_CURVE_SEGMENT(.CONTINUOUS.,.T.,#8973);
#8975=DIRECTION('',(9.483509857290E-1,3.172229623889E-1));
#8976=VECTOR('',#8975,1.982902469418E-2);
#8977=CARTESIAN_POINT('',(1.337899325182E1,9.635056339407E-1));
#8978=LINE('',#8977,#8976);
#8979=TRIMMED_CURVE('',#8978,(PARAMETER_VALUE(0.E0)),(PARAMETER_VALUE(1.E0)),
.T.,.UNSPECIFIED.);
#8980=COMPOSITE_CURVE_SEGMENT(.CONTINUOUS.,.T.,#8979);
#8981=DIRECTION('',(9.630794658724E-1,2.692172773337E-1));
#8982=VECTOR('',#8981,1.975222346423E-2);
#8983=CARTESIAN_POINT('',(1.339779812693E1,9.697958558954E-1));
#8984=LINE('',#8983,#8982);
#8985=TRIMMED_CURVE('',#8984,(PARAMETER_VALUE(0.E0)),(PARAMETER_VALUE(1.E0)),
.T.,.UNSPECIFIED.);
#8986=COMPOSITE_CURVE_SEGMENT(.CONTINUOUS.,.T.,#8985);
#8987=DIRECTION('',(9.753465163900E-1,2.206788910746E-1));
#8988=VECTOR('',#8987,1.982173628792E-2);
#8989=CARTESIAN_POINT('',(1.341682108776E1,9.751134957178E-1));
#8990=LINE('',#8989,#8988);
#8991=TRIMMED_CURVE('',#8990,(PARAMETER_VALUE(0.E0)),(PARAMETER_VALUE(1.E0)),
.T.,.UNSPECIFIED.);
#8992=COMPOSITE_CURVE_SEGMENT(.CONTINUOUS.,.T.,#8991);
#8993=DIRECTION('',(9.850785196136E-1,1.721055205272E-1));
#8994=VECTOR('',#8993,2.004137590474E-2);
#8995=CARTESIAN_POINT('',(1.343615414919E1,9.794877345010E-1));
#8996=LINE('',#8995,#8994);
#8997=TRIMMED_CURVE('',#8996,(PARAMETER_VALUE(0.E0)),(PARAMETER_VALUE(1.E0)),
.T.,.UNSPECIFIED.);
#8998=COMPOSITE_CURVE_SEGMENT(.CONTINUOUS.,.T.,#8997);
#8999=DIRECTION('',(9.922824719852E-1,1.239979668820E-1));
#9000=VECTOR('',#8999,2.041759546678E-2);
#9001=CARTESIAN_POINT('',(1.345589647810E1,9.829369659331E-1));
#9002=LINE('',#9001,#9000);
#9003=TRIMMED_CURVE('',#9002,(PARAMETER_VALUE(0.E0)),(PARAMETER_VALUE(1.E0)),
.T.,.UNSPECIFIED.);
#9004=COMPOSITE_CURVE_SEGMENT(.CONTINUOUS.,.T.,#9003);
#9005=DIRECTION('',(9.970433789645E-1,7.684074741385E-2));
#9006=VECTOR('',#9005,2.096005092507E-2);
#9007=CARTESIAN_POINT('',(1.347615650020E1,9.854687062596E-1));
#9008=LINE('',#9007,#9006);
#9009=TRIMMED_CURVE('',#9008,(PARAMETER_VALUE(0.E0)),(PARAMETER_VALUE(1.E0)),
.T.,.UNSPECIFIED.);
#9010=COMPOSITE_CURVE_SEGMENT(.CONTINUOUS.,.T.,#9009);
#9011=DIRECTION('',(9.995167404420E-1,3.108513432828E-2));
#9012=VECTOR('',#9011,2.168243210175E-2);
#9013=CARTESIAN_POINT('',(1.349705458020E1,9.870792922385E-1));
#9014=LINE('',#9013,#9012);
#9015=TRIMMED_CURVE('',#9014,(PARAMETER_VALUE(0.E0)),(PARAMETER_VALUE(1.E0)),
.T.,.UNSPECIFIED.);
#9016=COMPOSITE_CURVE_SEGMENT(.CONTINUOUS.,.T.,#9015);
#9017=DIRECTION('',(9.999900916163E-1,4.451591761004E-3));
#9018=VECTOR('',#9017,4.532672710597E-3);
#9019=CARTESIAN_POINT('',(1.351872653406E1,9.877532935530E-1));
#9020=LINE('',#9019,#9018);
#9021=TRIMMED_CURVE('',#9020,(PARAMETER_VALUE(0.E0)),(PARAMETER_VALUE(1.E0)),
.T.,.UNSPECIFIED.);
#9022=COMPOSITE_CURVE_SEGMENT(.CONTINUOUS.,.T.,#9021);
#9023=DIRECTION('',(9.999791801086E-1,-6.452855909476E-3));
#9024=VECTOR('',#9023,6.572638210331E-3);
#9025=CARTESIAN_POINT('',(1.352325916186E1,9.877734711615E-1));
#9026=LINE('',#9025,#9024);
#9027=TRIMMED_CURVE('',#9026,(PARAMETER_VALUE(0.E0)),(PARAMETER_VALUE(1.E0)),
.T.,.UNSPECIFIED.);
#9028=COMPOSITE_CURVE_SEGMENT(.CONTINUOUS.,.T.,#9027);
#9029=DIRECTION('',(9.993843019144E-1,-3.508585309008E-2));
#9030=VECTOR('',#9029,2.183689496699E-2);
#9031=CARTESIAN_POINT('',(1.352983166323E1,9.877310588742E-1));
#9032=LINE('',#9031,#9030);
#9033=TRIMMED_CURVE('',#9032,(PARAMETER_VALUE(0.E0)),(PARAMETER_VALUE(1.E0)),
.T.,.UNSPECIFIED.);
#9034=COMPOSITE_CURVE_SEGMENT(.CONTINUOUS.,.T.,#9033);
#9035=DIRECTION('',(9.967636434888E-1,-8.038805271301E-2));
#9036=VECTOR('',#9035,2.128626173432E-2);
#9037=CARTESIAN_POINT('',(1.355165511326E1,9.869648927854E-1));
#9038=LINE('',#9037,#9036);
#9039=TRIMMED_CURVE('',#9038,(PARAMETER_VALUE(0.E0)),(PARAMETER_VALUE(1.E0)),
.T.,.UNSPECIFIED.);
#9040=COMPOSITE_CURVE_SEGMENT(.CONTINUOUS.,.T.,#9039);
#9041=DIRECTION('',(9.919426951650E-1,-1.266873691762E-1));
#9042=VECTOR('',#9041,2.084299703342E-2);
#9043=CARTESIAN_POINT('',(1.357287248506E1,9.852537316550E-1));
#9044=LINE('',#9043,#9042);
#9045=TRIMMED_CURVE('',#9044,(PARAMETER_VALUE(0.E0)),(PARAMETER_VALUE(1.E0)),
.T.,.UNSPECIFIED.);
#9046=COMPOSITE_CURVE_SEGMENT(.CONTINUOUS.,.T.,#9045);
#9047=DIRECTION('',(9.848020250172E-1,-1.736806596082E-1));
#9048=VECTOR('',#9047,2.050253333531E-2);
#9049=CARTESIAN_POINT('',(1.359354754371E1,9.826131871951E-1));
#9050=LINE('',#9049,#9048);
#9051=TRIMMED_CURVE('',#9050,(PARAMETER_VALUE(0.E0)),(PARAMETER_VALUE(1.E0)),
.T.,.UNSPECIFIED.);
#9052=COMPOSITE_CURVE_SEGMENT(.CONTINUOUS.,.T.,#9051);
#9053=DIRECTION('',(9.752645549433E-1,-2.210408285166E-1));
#9054=VECTOR('',#9053,2.026135552001E-2);
#9055=CARTESIAN_POINT('',(1.361373848006E1,9.790522936818E-1));
#9056=LINE('',#9055,#9054);
#9057=TRIMMED_CURVE('',#9056,(PARAMETER_VALUE(0.E0)),(PARAMETER_VALUE(1.E0)),
.T.,.UNSPECIFIED.);
#9058=COMPOSITE_CURVE_SEGMENT(.CONTINUOUS.,.T.,#9057);
#9059=DIRECTION('',(9.633005465149E-1,-2.684251424217E-1));
#9060=VECTOR('',#9059,2.011681017869E-2);
#9061=CARTESIAN_POINT('',(1.363349866193E1,9.745737068708E-1));
#9062=LINE('',#9061,#9060);
#9063=TRIMMED_CURVE('',#9062,(PARAMETER_VALUE(0.E0)),(PARAMETER_VALUE(1.E0)),
.T.,.UNSPECIFIED.);
#9064=COMPOSITE_CURVE_SEGMENT(.CONTINUOUS.,.T.,#9063);
#9065=DIRECTION('',(9.489305629242E-1,-3.154850024142E-1));
#9066=VECTOR('',#9065,2.006696186317E-2);
#9067=CARTESIAN_POINT('',(1.365287719617E1,9.691738492335E-1));
#9068=LINE('',#9067,#9066);
#9069=TRIMMED_CURVE('',#9068,(PARAMETER_VALUE(0.E0)),(PARAMETER_VALUE(1.E0)),
.T.,.UNSPECIFIED.);
#9070=COMPOSITE_CURVE_SEGMENT(.CONTINUOUS.,.T.,#9069);
#9071=DIRECTION('',(9.322260290244E-1,-3.618765408388E-1));
#9072=VECTOR('',#9071,2.011048342614E-2);
#9073=CARTESIAN_POINT('',(1.367191934959E1,9.628430237217E-1));
#9074=LINE('',#9073,#9072);
#9075=TRIMMED_CURVE('',#9074,(PARAMETER_VALUE(0.E0)),(PARAMETER_VALUE(1.E0)),
.T.,.UNSPECIFIED.);
#9076=COMPOSITE_CURVE_SEGMENT(.CONTINUOUS.,.T.,#9075);
#9077=DIRECTION('',(9.133072285900E-1,-4.072712931270E-1));
#9078=VECTOR('',#9077,2.024657150905E-2);
#9079=CARTESIAN_POINT('',(1.369066686570E1,9.555655115448E-1));
#9080=LINE('',#9079,#9078);
#9081=TRIMMED_CURVE('',#9080,(PARAMETER_VALUE(0.E0)),(PARAMETER_VALUE(1.E0)),
.T.,.UNSPECIFIED.);
#9082=COMPOSITE_CURVE_SEGMENT(.CONTINUOUS.,.T.,#9081);
#9083=DIRECTION('',(8.923388273705E-1,-4.513661675038E-1));
#9084=VECTOR('',#9083,2.047488086496E-2);
#9085=CARTESIAN_POINT('',(1.370915820581E1,9.473196641849E-1));
#9086=LINE('',#9085,#9084);
#9087=TRIMMED_CURVE('',#9086,(PARAMETER_VALUE(0.E0)),(PARAMETER_VALUE(1.E0)),
.T.,.UNSPECIFIED.);
#9088=COMPOSITE_CURVE_SEGMENT(.CONTINUOUS.,.T.,#9087);
#9089=DIRECTION('',(8.695232542516E-1,-4.938920026845E-1));
#9090=VECTOR('',#9089,2.079547300149E-2);
#9091=CARTESIAN_POINT('',(1.372742873699E1,9.380779956788E-1));
#9092=LINE('',#9091,#9090);
#9093=TRIMMED_CURVE('',#9092,(PARAMETER_VALUE(0.E0)),(PARAMETER_VALUE(1.E0)),
.T.,.UNSPECIFIED.);
#9094=COMPOSITE_CURVE_SEGMENT(.CONTINUOUS.,.T.,#9093);
#9095=DIRECTION('',(8.648533115559E-1,-5.020246502820E-1));
#9096=VECTOR('',#9095,2.125389325739E-2);
#9097=CARTESIAN_POINT('',(1.374551088435E1,9.278072778714E-1));
#9098=LINE('',#9097,#9096);
#9099=TRIMMED_CURVE('',#9098,(PARAMETER_VALUE(0.E0)),(PARAMETER_VALUE(1.E0)),
.T.,.UNSPECIFIED.);
#9100=COMPOSITE_CURVE_SEGMENT(.CONTINUOUS.,.T.,#9099);
#9101=DIRECTION('',(8.401734948504E-1,-5.423177099735E-1));
#9102=VECTOR('',#9101,2.082949886135E-2);
#9103=CARTESIAN_POINT('',(1.376389238432E1,9.171372995417E-1));
#9104=LINE('',#9103,#9102);
#9105=TRIMMED_CURVE('',#9104,(PARAMETER_VALUE(0.E0)),(PARAMETER_VALUE(1.E0)),
.T.,.UNSPECIFIED.);
#9106=COMPOSITE_CURVE_SEGMENT(.CONTINUOUS.,.T.,#9105);
#9107=DIRECTION('',(8.130718425919E-1,-5.821633609085E-1));
#9108=VECTOR('',#9107,2.050145718451E-2);
#9109=CARTESIAN_POINT('',(1.378139277717E1,9.058410934193E-1));
#9110=LINE('',#9109,#9108);
#9111=TRIMMED_CURVE('',#9110,(PARAMETER_VALUE(0.E0)),(PARAMETER_VALUE(1.E0)),
.T.,.UNSPECIFIED.);
#9112=COMPOSITE_CURVE_SEGMENT(.CONTINUOUS.,.T.,#9111);
#9113=DIRECTION('',(7.911881285320E-1,-6.115728454322E-1));
#9114=VECTOR('',#9113,1.015982996443E-2);
#9115=CARTESIAN_POINT('',(1.379806193474E1,8.939058962012E-1));
#9116=LINE('',#9115,#9114);
#9117=TRIMMED_CURVE('',#9116,(PARAMETER_VALUE(0.E0)),(PARAMETER_VALUE(1.E0)),
.T.,.UNSPECIFIED.);
#9118=COMPOSITE_CURVE_SEGMENT(.CONTINUOUS.,.T.,#9117);
#9119=DIRECTION('',(7.758954272449E-1,-6.308615426387E-1));
#9120=VECTOR('',#9119,1.011078408194E-2);
#9121=CARTESIAN_POINT('',(1.380610027160E1,8.876924200808E-1));
#9122=LINE('',#9121,#9120);
#9123=TRIMMED_CURVE('',#9122,(PARAMETER_VALUE(0.E0)),(PARAMETER_VALUE(1.E0)),
.T.,.UNSPECIFIED.);
#9124=COMPOSITE_CURVE_SEGMENT(.CONTINUOUS.,.T.,#9123);
#9125=DIRECTION('',(7.519634867878E-1,-6.592047591894E-1));
#9126=VECTOR('',#9125,2.010308475671E-2);
#9127=CARTESIAN_POINT('',(1.381394518273E1,8.813139152376E-1));
#9128=LINE('',#9127,#9126);
#9129=TRIMMED_CURVE('',#9128,(PARAMETER_VALUE(0.E0)),(PARAMETER_VALUE(1.E0)),
.T.,.UNSPECIFIED.);
#9130=COMPOSITE_CURVE_SEGMENT(.CONTINUOUS.,.T.,#9129);
#9131=DIRECTION('',(7.183122602860E-1,-6.957208468364E-1));
#9132=VECTOR('',#9131,2.002622014333E-2);
#9133=CARTESIAN_POINT('',(1.382906196844E1,8.680618660916E-1));
#9134=LINE('',#9133,#9132);
#9135=TRIMMED_CURVE('',#9134,(PARAMETER_VALUE(0.E0)),(PARAMETER_VALUE(1.E0)),
.T.,.UNSPECIFIED.);
#9136=COMPOSITE_CURVE_SEGMENT(.CONTINUOUS.,.T.,#9135);
#9137=DIRECTION('',(6.829012103E-1,-7.305107370674E-1));
#9138=VECTOR('',#9137,2.004435836271E-2);
#9139=CARTESIAN_POINT('',(1.384344704790E1,8.541292072545E-1));
#9140=LINE('',#9139,#9138);
#9141=TRIMMED_CURVE('',#9140,(PARAMETER_VALUE(0.E0)),(PARAMETER_VALUE(1.E0)),
.T.,.UNSPECIFIED.);
#9142=COMPOSITE_CURVE_SEGMENT(.CONTINUOUS.,.T.,#9141);
#9143=DIRECTION('',(6.459991037455E-1,-7.633381674985E-1));
#9144=VECTOR('',#9143,2.015784034759E-2);
#9145=CARTESIAN_POINT('',(1.385713536448E1,8.394865882529E-1));
#9146=LINE('',#9145,#9144);
#9147=TRIMMED_CURVE('',#9146,(PARAMETER_VALUE(0.E0)),(PARAMETER_VALUE(1.E0)),
.T.,.UNSPECIFIED.);
#9148=COMPOSITE_CURVE_SEGMENT(.CONTINUOUS.,.T.,#9147);
#9149=DIRECTION('',(6.079037741533E-1,-7.940107060803E-1));
#9150=VECTOR('',#9149,2.036748083846E-2);
#9151=CARTESIAN_POINT('',(1.387015731128E1,8.240993393413E-1));
#9152=LINE('',#9151,#9150);
#9153=TRIMMED_CURVE('',#9152,(PARAMETER_VALUE(0.E0)),(PARAMETER_VALUE(1.E0)),
.T.,.UNSPECIFIED.);
#9154=COMPOSITE_CURVE_SEGMENT(.CONTINUOUS.,.T.,#9153);
#9155=DIRECTION('',(5.689318827587E-1,-8.223846501368E-1));
#9156=VECTOR('',#9155,2.067460398600E-2);
#9157=CARTESIAN_POINT('',(1.388253877975E1,8.079273414996E-1));
#9158=LINE('',#9157,#9156);
#9159=TRIMMED_CURVE('',#9158,(PARAMETER_VALUE(0.E0)),(PARAMETER_VALUE(1.E0)),
.T.,.UNSPECIFIED.);
#9160=COMPOSITE_CURVE_SEGMENT(.CONTINUOUS.,.T.,#9159);
#9161=DIRECTION('',(5.294081646264E-1,-8.483672525663E-1));
#9162=VECTOR('',#9161,2.108108942940E-2);
#9163=CARTESIAN_POINT('',(1.389430122112E1,7.909248645339E-1));
#9164=LINE('',#9163,#9162);
#9165=TRIMMED_CURVE('',#9164,(PARAMETER_VALUE(0.E0)),(PARAMETER_VALUE(1.E0)),
.T.,.UNSPECIFIED.);
#9166=COMPOSITE_CURVE_SEGMENT(.CONTINUOUS.,.T.,#9165);
#9167=DIRECTION('',(5.052777381631E-1,-8.629567818360E-1));
#9168=VECTOR('',#9167,4.620610389568E-3);
#9169=CARTESIAN_POINT('',(1.390546172199E1,7.730403586136E-1));
#9170=LINE('',#9169,#9168);
#9171=TRIMMED_CURVE('',#9170,(PARAMETER_VALUE(0.E0)),(PARAMETER_VALUE(1.E0)),
.T.,.UNSPECIFIED.);
#9172=COMPOSITE_CURVE_SEGMENT(.CONTINUOUS.,.T.,#9171);
#9173=DIRECTION('',(4.795159956289E-1,-8.775331389389E-1));
#9174=VECTOR('',#9173,2.017654322818E-2);
#9175=CARTESIAN_POINT('',(1.390779641355E1,7.690529715417E-1));
#9176=LINE('',#9175,#9174);
#9177=TRIMMED_CURVE('',#9176,(PARAMETER_VALUE(0.E0)),(PARAMETER_VALUE(1.E0)),
.T.,.UNSPECIFIED.);
#9178=COMPOSITE_CURVE_SEGMENT(.CONTINUOUS.,.T.,#9177);
#9179=DIRECTION('',(4.354968255568E-1,-9.001902659604E-1));
#9180=VECTOR('',#9179,2.006151423739E-2);
#9181=CARTESIAN_POINT('',(1.391747138877E1,7.513473862297E-1));
#9182=LINE('',#9181,#9180);
#9183=TRIMMED_CURVE('',#9182,(PARAMETER_VALUE(0.E0)),(PARAMETER_VALUE(1.E0)),
.T.,.UNSPECIFIED.);
#9184=COMPOSITE_CURVE_SEGMENT(.CONTINUOUS.,.T.,#9183);
#9185=DIRECTION('',(3.903184431406E-1,-9.206799188341E-1));
#9186=VECTOR('',#9185,2.003272177692E-2);
#9187=CARTESIAN_POINT('',(1.392620811453E1,7.332882063928E-1));
#9188=LINE('',#9187,#9186);
#9189=TRIMMED_CURVE('',#9188,(PARAMETER_VALUE(0.E0)),(PARAMETER_VALUE(1.E0)),
.T.,.UNSPECIFIED.);
#9190=COMPOSITE_CURVE_SEGMENT(.CONTINUOUS.,.T.,#9189);
#9191=DIRECTION('',(3.442868103481E-1,-9.388645228255E-1));
#9192=VECTOR('',#9191,2.009025003863E-2);
#9193=CARTESIAN_POINT('',(1.393402725531E1,7.148444817332E-1));
#9194=LINE('',#9193,#9192);
#9195=TRIMMED_CURVE('',#9194,(PARAMETER_VALUE(0.E0)),(PARAMETER_VALUE(1.E0)),
.T.,.UNSPECIFIED.);
#9196=COMPOSITE_CURVE_SEGMENT(.CONTINUOUS.,.T.,#9195);
#9197=DIRECTION('',(2.977233148995E-1,-9.546522025142E-1));
#9198=VECTOR('',#9197,2.023447356565E-2);
#9199=CARTESIAN_POINT('',(1.394094406341E1,6.959824587172E-1));
#9200=LINE('',#9199,#9198);
#9201=TRIMMED_CURVE('',#9200,(PARAMETER_VALUE(0.E0)),(PARAMETER_VALUE(1.E0)),
.T.,.UNSPECIFIED.);
#9202=COMPOSITE_CURVE_SEGMENT(.CONTINUOUS.,.T.,#9201);
#9203=DIRECTION('',(2.509547931132E-1,-9.679988077542E-1));
#9204=VECTOR('',#9203,2.046607745779E-2);
#9205=CARTESIAN_POINT('',(1.394696833796E1,6.766655739611E-1));
#9206=LINE('',#9205,#9204);
#9207=TRIMMED_CURVE('',#9206,(PARAMETER_VALUE(0.E0)),(PARAMETER_VALUE(1.E0)),
.T.,.UNSPECIFIED.);
#9208=COMPOSITE_CURVE_SEGMENT(.CONTINUOUS.,.T.,#9207);
#9209=DIRECTION('',(2.043035927532E-1,-9.789075758151E-1));
#9210=VECTOR('',#9209,2.078608199294E-2);
#9211=CARTESIAN_POINT('',(1.395210439819E1,6.568544353825E-1));
#9212=LINE('',#9211,#9210);
#9213=TRIMMED_CURVE('',#9212,(PARAMETER_VALUE(0.E0)),(PARAMETER_VALUE(1.E0)),
.T.,.UNSPECIFIED.);
#9214=COMPOSITE_CURVE_SEGMENT(.CONTINUOUS.,.T.,#9213);
#9215=DIRECTION('',(1.580783378642E-1,-9.874265740287E-1));
#9216=VECTOR('',#9215,2.119587261994E-2);
#9217=CARTESIAN_POINT('',(1.395635106942E1,6.365067822481E-1));
#9218=LINE('',#9217,#9216);
#9219=TRIMMED_CURVE('',#9218,(PARAMETER_VALUE(0.E0)),(PARAMETER_VALUE(1.E0)),
.T.,.UNSPECIFIED.);
#9220=COMPOSITE_CURVE_SEGMENT(.CONTINUOUS.,.T.,#9219);
#9221=DIRECTION('',(1.125659509173E-1,-9.936442556036E-1));
#9222=VECTOR('',#9221,2.169723658773E-2);
#9223=CARTESIAN_POINT('',(1.395970167774E1,6.155774143635E-1));
#9224=LINE('',#9223,#9222);
#9225=TRIMMED_CURVE('',#9224,(PARAMETER_VALUE(0.E0)),(PARAMETER_VALUE(1.E0)),
.T.,.UNSPECIFIED.);
#9226=COMPOSITE_CURVE_SEGMENT(.CONTINUOUS.,.T.,#9225);
#9227=DIRECTION('',(6.802532812348E-2,-9.976835944996E-1));
#9228=VECTOR('',#9227,2.229240787322E-2);
#9229=CARTESIAN_POINT('',(1.396214404781E1,5.940180798656E-1));
#9230=LINE('',#9229,#9228);
#9231=TRIMMED_CURVE('',#9230,(PARAMETER_VALUE(0.E0)),(PARAMETER_VALUE(1.E0)),
.T.,.UNSPECIFIED.);
#9232=COMPOSITE_CURVE_SEGMENT(.CONTINUOUS.,.T.,#9231);
#9233=DIRECTION('',(2.468287966209E-2,-9.996953313143E-1));
#9234=VECTOR('',#9233,2.298412258466E-2);
#9235=CARTESIAN_POINT('',(1.396366049617E1,5.717773102486E-1));
#9236=LINE('',#9235,#9234);
#9237=TRIMMED_CURVE('',#9236,(PARAMETER_VALUE(0.E0)),(PARAMETER_VALUE(1.E0)),
.T.,.UNSPECIFIED.);
#9238=COMPOSITE_CURVE_SEGMENT(.CONTINUOUS.,.T.,#9237);
#9239=DIRECTION('',(1.787679686914E-3,-9.999984020994E-1));
#9240=VECTOR('',#9239,1.998944350953E-3);
#9241=CARTESIAN_POINT('',(1.396422781050E1,5.488001902063E-1));
#9242=LINE('',#9241,#9240);
#9243=TRIMMED_CURVE('',#9242,(PARAMETER_VALUE(0.E0)),(PARAMETER_VALUE(1.E0)),
.T.,.UNSPECIFIED.);
#9244=COMPOSITE_CURVE_SEGMENT(.CONTINUOUS.,.T.,#9243);
#9245=DIRECTION('',(-3.206471967504E-3,-9.999948592555E-1));
#9246=VECTOR('',#9245,3.891041994E-3);
#9247=CARTESIAN_POINT('',(1.396423138397E1,5.468012490495E-1));
#9248=LINE('',#9247,#9246);
#9249=TRIMMED_CURVE('',#9248,(PARAMETER_VALUE(0.E0)),(PARAMETER_VALUE(1.E0)),
.T.,.UNSPECIFIED.);
#9250=COMPOSITE_CURVE_SEGMENT(.CONTINUOUS.,.T.,#9249);
#9251=DIRECTION('',(-2.674928690997E-2,-9.996421738051E-1));
#9252=VECTOR('',#9251,2.372294130612E-2);
#9253=CARTESIAN_POINT('',(1.396421890745E1,5.429102270584E-1));
#9254=LINE('',#9253,#9252);
#9255=TRIMMED_CURVE('',#9254,(PARAMETER_VALUE(0.E0)),(PARAMETER_VALUE(1.E0)),
.T.,.UNSPECIFIED.);
#9256=COMPOSITE_CURVE_SEGMENT(.CONTINUOUS.,.T.,#9255);
#9257=DIRECTION('',(-6.882672244659E-2,-9.976286294395E-1));
#9258=VECTOR('',#9257,2.280726530634E-2);
#9259=CARTESIAN_POINT('',(1.396358433569E1,5.191957744421E-1));
#9260=LINE('',#9259,#9258);
#9261=TRIMMED_CURVE('',#9260,(PARAMETER_VALUE(0.E0)),(PARAMETER_VALUE(1.E0)),
.T.,.UNSPECIFIED.);
#9262=COMPOSITE_CURVE_SEGMENT(.CONTINUOUS.,.T.,#9261);
#9263=DIRECTION('',(-1.124534603630E-1,-9.936569927557E-1));
#9264=VECTOR('',#9263,2.203086790233E-2);
#9265=CARTESIAN_POINT('',(1.396201458637E1,4.964425936132E-1));
#9266=LINE('',#9265,#9264);
#9267=TRIMMED_CURVE('',#9266,(PARAMETER_VALUE(0.E0)),(PARAMETER_VALUE(1.E0)),
.T.,.UNSPECIFIED.);
#9268=COMPOSITE_CURVE_SEGMENT(.CONTINUOUS.,.T.,#9267);
#9269=DIRECTION('',(-1.573758678182E-1,-9.875387770758E-1));
#9270=VECTOR('',#9269,2.138582713769E-2);
#9271=CARTESIAN_POINT('',(1.395953713904E1,4.745514676656E-1));
#9272=LINE('',#9271,#9270);
#9273=TRIMMED_CURVE('',#9272,(PARAMETER_VALUE(0.E0)),(PARAMETER_VALUE(1.E0)),
.T.,.UNSPECIFIED.);
#9274=COMPOSITE_CURVE_SEGMENT(.CONTINUOUS.,.T.,#9273);
#9275=DIRECTION('',(-2.032968333848E-1,-9.791171520996E-1));
#9276=VECTOR('',#9275,2.086587214063E-2);
#9277=CARTESIAN_POINT('',(1.395617152593E1,4.534321340873E-1));
#9278=LINE('',#9277,#9276);
#9279=TRIMMED_CURVE('',#9278,(PARAMETER_VALUE(0.E0)),(PARAMETER_VALUE(1.E0)),
.T.,.UNSPECIFIED.);
#9280=COMPOSITE_CURVE_SEGMENT(.CONTINUOUS.,.T.,#9279);
#9281=DIRECTION('',(-2.498809160495E-1,-9.682765760847E-1));
#9282=VECTOR('',#9281,2.046613659159E-2);
#9283=CARTESIAN_POINT('',(1.395192956020E1,4.330020007809E-1));
#9284=LINE('',#9283,#9282);
#9285=TRIMMED_CURVE('',#9284,(PARAMETER_VALUE(0.E0)),(PARAMETER_VALUE(1.E0)),
.T.,.UNSPECIFIED.);
#9286=COMPOSITE_CURVE_SEGMENT(.CONTINUOUS.,.T.,#9285);
#9287=DIRECTION('',(-2.967623683397E-1,-9.549513583096E-1));
#9288=VECTOR('',#9287,2.018297276182E-2);
#9289=CARTESIAN_POINT('',(1.394681546324E1,4.131851201163E-1));
#9290=LINE('',#9289,#9288);
#9291=TRIMMED_CURVE('',#9290,(PARAMETER_VALUE(0.E0)),(PARAMETER_VALUE(1.E0)),
.T.,.UNSPECIFIED.);
#9292=COMPOSITE_CURVE_SEGMENT(.CONTINUOUS.,.T.,#9291);
#9293=DIRECTION('',(-3.435557735935E-1,-9.391322752576E-1));
#9294=VECTOR('',#9293,2.001381227444E-2);
#9295=CARTESIAN_POINT('',(1.394082591645E1,3.939113628627E-1));
#9296=LINE('',#9295,#9294);
#9297=TRIMMED_CURVE('',#9296,(PARAMETER_VALUE(0.E0)),(PARAMETER_VALUE(1.E0)),
.T.,.UNSPECIFIED.);
#9298=COMPOSITE_CURVE_SEGMENT(.CONTINUOUS.,.T.,#9297);
#9299=DIRECTION('',(-3.898687095083E-1,-9.208704519889E-1));
#9300=VECTOR('',#9299,1.995706385875E-2);
#9301=CARTESIAN_POINT('',(1.393395005569E1,3.751157458048E-1));
#9302=LINE('',#9301,#9300);
#9303=TRIMMED_CURVE('',#9302,(PARAMETER_VALUE(0.E0)),(PARAMETER_VALUE(1.E0)),
.T.,.UNSPECIFIED.);
#9304=COMPOSITE_CURVE_SEGMENT(.CONTINUOUS.,.T.,#9303);
#9305=DIRECTION('',(-4.353155581113E-1,-9.002779375650E-1));
#9306=VECTOR('',#9305,2.001204131885E-2);
#9307=CARTESIAN_POINT('',(1.392616942096E1,3.567378753888E-1));
#9308=LINE('',#9307,#9306);
#9309=TRIMMED_CURVE('',#9308,(PARAMETER_VALUE(0.E0)),(PARAMETER_VALUE(1.E0)),
.T.,.UNSPECIFIED.);
#9310=COMPOSITE_CURVE_SEGMENT(.CONTINUOUS.,.T.,#9309);
#9311=DIRECTION('',(-4.794993143515E-1,-8.775422539892E-1));
#9312=VECTOR('',#9311,2.014904751506E-2);
#9313=CARTESIAN_POINT('',(1.391745786802E1,3.387214761038E-1));
#9314=LINE('',#9313,#9312);
#9315=TRIMMED_CURVE('',#9314,(PARAMETER_VALUE(0.E0)),(PARAMETER_VALUE(1.E0)),
.T.,.UNSPECIFIED.);
#9316=COMPOSITE_CURVE_SEGMENT(.CONTINUOUS.,.T.,#9315);
#9317=COMPOSITE_CURVE('',(#8464,#8470,#8476,#8482,#8488,#8494,#8500,#8506,#8512,
#8518,#8524,#8530,#8536,#8542,#8548,#8554,#8560,#8566,#8572,#8578,#8584,#8590,
#8596,#8602,#8608,#8614,#8620,#8626,#8632,#8638,#8644,#8650,#8656,#8662,#8668,
#8674,#8680,#8686,#8692,#8698,#8704,#8710,#8716,#8722,#8728,#8734,#8740,#8746,
#8752,#8758,#8764,#8770,#8776,#8782,#8788,#8794,#8800,#8806,#8812,#8818,#8824,
#8830,#8836,#8842,#8848,#8854,#8860,#8866,#8872,#8878,#8884,#8890,#8896,#8902,
#8908,#8914,#8920,#8926,#8932,#8938,#8944,#8950,#8956,#8962,#8968,#8974,#8980,
#8986,#8992,#8998,#9004,#9010,#9016,#9022,#9028,#9034,#9040,#9046,#9052,#9058,
#9064,#9070,#9076,#9082,#9088,#9094,#9100,#9106,#9112,#9118,#9124,#9130,#9136,
#9142,#9148,#9154,#9160,#9166,#9172,#9178,#9184,#9190,#9196,#9202,#9208,#9214,
#9220,#9226,#9232,#9238,#9244,#9250,#9256,#9262,#9268,#9274,#9280,#9286,#9292,
#9298,#9304,#9310,#9316),.F.);
#9318=(ANNOTATION_CURVE_OCCURRENCE()ANNOTATION_OCCURRENCE()DRAUGHTING_ANNOTATION_OCCURRENCE()GEOMETRIC_REPRESENTATION_ITEM()REPRESENTATION_ITEM('')STYLED_ITEM((
#41),#9317));
#9319=DIRECTION('',(0.E0,1.E0));
#9320=VECTOR('',#9319,1.037167527681E0);
#9321=CARTESIAN_POINT('',(1.650776691258E1,2.469702825989E-2));
#9322=LINE('',#9321,#9320);
#9323=TRIMMED_CURVE('',#9322,(PARAMETER_VALUE(0.E0)),(PARAMETER_VALUE(1.E0)),
.T.,.UNSPECIFIED.);
#9324=(ANNOTATION_CURVE_OCCURRENCE()ANNOTATION_OCCURRENCE()DRAUGHTING_ANNOTATION_OCCURRENCE()GEOMETRIC_REPRESENTATION_ITEM()REPRESENTATION_ITEM('')STYLED_ITEM((
#41),#9323));
#9325=DIRECTION('',(0.E0,-1.E0));
#9326=VECTOR('',#9325,1.037167527681E0);
#9327=CARTESIAN_POINT('',(1.661006471664E1,1.061864555941E0));
#9328=LINE('',#9327,#9326);
#9329=TRIMMED_CURVE('',#9328,(PARAMETER_VALUE(0.E0)),(PARAMETER_VALUE(1.E0)),
.T.,.UNSPECIFIED.);
#9330=(ANNOTATION_CURVE_OCCURRENCE()ANNOTATION_OCCURRENCE()DRAUGHTING_ANNOTATION_OCCURRENCE()GEOMETRIC_REPRESENTATION_ITEM()REPRESENTATION_ITEM('')STYLED_ITEM((
#41),#9329));
#9331=DIRECTION('',(0.E0,1.E0));
#9332=VECTOR('',#9331,1.037167527681E0);
#9333=CARTESIAN_POINT('',(1.734031730028E1,2.469702825989E-2));
#9334=LINE('',#9333,#9332);
#9335=TRIMMED_CURVE('',#9334,(PARAMETER_VALUE(0.E0)),(PARAMETER_VALUE(1.E0)),
.T.,.UNSPECIFIED.);
#9336=(ANNOTATION_CURVE_OCCURRENCE()ANNOTATION_OCCURRENCE()DRAUGHTING_ANNOTATION_OCCURRENCE()GEOMETRIC_REPRESENTATION_ITEM()REPRESENTATION_ITEM('')STYLED_ITEM((
#41),#9335));
#9337=DIRECTION('',(0.E0,-1.E0));
#9338=VECTOR('',#9337,3.245710584041E-1);
#9339=CARTESIAN_POINT('',(1.744614632722E1,9.630979747484E-1));
#9340=LINE('',#9339,#9338);
#9341=TRIMMED_CURVE('',#9340,(PARAMETER_VALUE(0.E0)),(PARAMETER_VALUE(1.E0)),
.T.,.UNSPECIFIED.);
#9342=(ANNOTATION_CURVE_OCCURRENCE()ANNOTATION_OCCURRENCE()DRAUGHTING_ANNOTATION_OCCURRENCE()GEOMETRIC_REPRESENTATION_ITEM()REPRESENTATION_ITEM('')STYLED_ITEM((
#41),#9341));
#9343=DIRECTION('',(0.E0,-1.E0));
#9344=VECTOR('',#9343,4.092342799541E-1);
#9345=CARTESIAN_POINT('',(1.744614632722E1,5.362291122791E-1));
#9346=LINE('',#9345,#9344);
#9347=TRIMMED_CURVE('',#9346,(PARAMETER_VALUE(0.E0)),(PARAMETER_VALUE(1.E0)),
.T.,.UNSPECIFIED.);
#9348=(ANNOTATION_CURVE_OCCURRENCE()ANNOTATION_OCCURRENCE()DRAUGHTING_ANNOTATION_OCCURRENCE()GEOMETRIC_REPRESENTATION_ITEM()REPRESENTATION_ITEM('')STYLED_ITEM((
#41),#9347));
#9349=DIRECTION('',(0.E0,-1.E0));
#9350=VECTOR('',#9349,1.022978040651E-1);
#9351=CARTESIAN_POINT('',(1.792945016010E1,6.385269163443E-1));
#9352=LINE('',#9351,#9350);
#9353=TRIMMED_CURVE('',#9352,(PARAMETER_VALUE(0.E0)),(PARAMETER_VALUE(1.E0)),
.T.,.UNSPECIFIED.);
#9354=(ANNOTATION_CURVE_OCCURRENCE()ANNOTATION_OCCURRENCE()DRAUGHTING_ANNOTATION_OCCURRENCE()GEOMETRIC_REPRESENTATION_ITEM()REPRESENTATION_ITEM('')STYLED_ITEM((
#41),#9353));
#9355=DIRECTION('',(0.E0,-1.E0));
#9356=VECTOR('',#9355,1.022978040651E-1);
#9357=CARTESIAN_POINT('',(1.792945016010E1,1.269948323250E-1));
#9358=LINE('',#9357,#9356);
#9359=TRIMMED_CURVE('',#9358,(PARAMETER_VALUE(0.E0)),(PARAMETER_VALUE(1.E0)),
.T.,.UNSPECIFIED.);
#9360=(ANNOTATION_CURVE_OCCURRENCE()ANNOTATION_OCCURRENCE()DRAUGHTING_ANNOTATION_OCCURRENCE()GEOMETRIC_REPRESENTATION_ITEM()REPRESENTATION_ITEM('')STYLED_ITEM((
#41),#9359));
#9361=DIRECTION('',(0.E0,-1.E0));
#9362=VECTOR('',#9361,9.876658119275E-2);
#9363=CARTESIAN_POINT('',(1.793298138298E1,1.061864555941E0));
#9364=LINE('',#9363,#9362);
#9365=TRIMMED_CURVE('',#9364,(PARAMETER_VALUE(0.E0)),(PARAMETER_VALUE(1.E0)),
.T.,.UNSPECIFIED.);
#9366=(ANNOTATION_CURVE_OCCURRENCE()ANNOTATION_OCCURRENCE()DRAUGHTING_ANNOTATION_OCCURRENCE()GEOMETRIC_REPRESENTATION_ITEM()REPRESENTATION_ITEM('')STYLED_ITEM((
#41),#9365));
#9367=DIRECTION('',(0.E0,1.E0));
#9368=VECTOR('',#9367,1.191424581785E1);
#9369=CARTESIAN_POINT('',(1.910773741160E1,0.E0));
#9370=LINE('',#9369,#9368);
#9371=TRIMMED_CURVE('',#9370,(PARAMETER_VALUE(0.E0)),(PARAMETER_VALUE(1.E0)),
.T.,.UNSPECIFIED.);
#9372=(ANNOTATION_CURVE_OCCURRENCE()ANNOTATION_OCCURRENCE()DRAUGHTING_ANNOTATION_OCCURRENCE()GEOMETRIC_REPRESENTATION_ITEM()REPRESENTATION_ITEM('')STYLED_ITEM((
#33),#9371));
#9373=DIRECTION('',(-3.108143137070E-2,-9.995168555977E-1));
#9374=VECTOR('',#9373,1.599127849961E-2);
#9375=CARTESIAN_POINT('',(1.910773741160E1,2.787082247567E-1));
#9376=LINE('',#9375,#9374);
#9377=TRIMMED_CURVE('',#9376,(PARAMETER_VALUE(0.E0)),(PARAMETER_VALUE(1.E0)),
.T.,.UNSPECIFIED.);
#9378=COMPOSITE_CURVE_SEGMENT(.CONTINUOUS.,.T.,#9377);
#9379=DIRECTION('',(-9.365494605340E-2,-9.956047162804E-1));
#9380=VECTOR('',#9379,1.583993366571E-2);
#9381=CARTESIAN_POINT('',(1.910724037978E1,2.627246723538E-1));
#9382=LINE('',#9381,#9380);
#9383=TRIMMED_CURVE('',#9382,(PARAMETER_VALUE(0.E0)),(PARAMETER_VALUE(1.E0)),
.T.,.UNSPECIFIED.);
#9384=COMPOSITE_CURVE_SEGMENT(.CONTINUOUS.,.T.,#9383);
#9385=DIRECTION('',(-1.562857621055E-1,-9.877118813516E-1));
#9386=VECTOR('',#9385,1.574662759207E-2);
#9387=CARTESIAN_POINT('',(1.910575689164E1,2.469543596906E-1));
#9388=LINE('',#9387,#9386);
#9389=TRIMMED_CURVE('',#9388,(PARAMETER_VALUE(0.E0)),(PARAMETER_VALUE(1.E0)),
.T.,.UNSPECIFIED.);
#9390=COMPOSITE_CURVE_SEGMENT(.CONTINUOUS.,.T.,#9389);
#9391=DIRECTION('',(-2.184940471341E-1,-9.758382813597E-1));
#9392=VECTOR('',#9391,1.571047808791E-2);
#9393=CARTESIAN_POINT('',(1.910329591795E1,2.314012285267E-1));
#9394=LINE('',#9393,#9392);
#9395=TRIMMED_CURVE('',#9394,(PARAMETER_VALUE(0.E0)),(PARAMETER_VALUE(1.E0)),
.T.,.UNSPECIFIED.);
#9396=COMPOSITE_CURVE_SEGMENT(.CONTINUOUS.,.T.,#9395);
#9397=DIRECTION('',(-2.798066006993E-1,-9.600563869925E-1));
#9398=VECTOR('',#9397,1.573039014992E-2);
#9399=CARTESIAN_POINT('',(1.909986327201E1,2.160703425901E-1));
#9400=LINE('',#9399,#9398);
#9401=TRIMMED_CURVE('',#9400,(PARAMETER_VALUE(0.E0)),(PARAMETER_VALUE(1.E0)),
.T.,.UNSPECIFIED.);
#9402=COMPOSITE_CURVE_SEGMENT(.CONTINUOUS.,.T.,#9401);
#9403=DIRECTION('',(-3.397721345342E-1,-9.405077865675E-1));
#9404=VECTOR('',#9403,1.580504517051E-2);
#9405=CARTESIAN_POINT('',(1.909546180501E1,2.009682810568E-1));
#9406=LINE('',#9405,#9404);
#9407=TRIMMED_CURVE('',#9406,(PARAMETER_VALUE(0.E0)),(PARAMETER_VALUE(1.E0)),
.T.,.UNSPECIFIED.);
#9408=COMPOSITE_CURVE_SEGMENT(.CONTINUOUS.,.T.,#9407);
#9409=DIRECTION('',(-3.979750213297E-1,-9.173962515716E-1));
#9410=VECTOR('',#9409,1.593289144773E-2);
#9411=CARTESIAN_POINT('',(1.909009169108E1,1.861035130069E-1));
#9412=LINE('',#9411,#9410);
#9413=TRIMMED_CURVE('',#9412,(PARAMETER_VALUE(0.E0)),(PARAMETER_VALUE(1.E0)),
.T.,.UNSPECIFIED.);
#9414=COMPOSITE_CURVE_SEGMENT(.CONTINUOUS.,.T.,#9413);
#9415=DIRECTION('',(-4.540465739996E-1,-8.909779507032E-1));
#9416=VECTOR('',#9415,1.611213672560E-2);
#9417=CARTESIAN_POINT('',(1.908375079827E1,1.714867381160E-1));
#9418=LINE('',#9417,#9416);
#9419=TRIMMED_CURVE('',#9418,(PARAMETER_VALUE(0.E0)),(PARAMETER_VALUE(1.E0)),
.T.,.UNSPECIFIED.);
#9420=COMPOSITE_CURVE_SEGMENT(.CONTINUOUS.,.T.,#9419);
#9421=DIRECTION('',(-5.076732149306E-1,-8.615497123451E-1));
#9422=VECTOR('',#9421,1.634074366559E-2);
#9423=CARTESIAN_POINT('',(1.907643513779E1,1.571311795548E-1));
#9424=LINE('',#9423,#9422);
#9425=TRIMMED_CURVE('',#9424,(PARAMETER_VALUE(0.E0)),(PARAMETER_VALUE(1.E0)),
.T.,.UNSPECIFIED.);
#9426=COMPOSITE_CURVE_SEGMENT(.CONTINUOUS.,.T.,#9425);
#9427=DIRECTION('',(-5.586012464894E-1,-8.294363431997E-1));
#9428=VECTOR('',#9427,1.661642928260E-2);
#9429=CARTESIAN_POINT('',(1.906813937991E1,1.430528165502E-1));
#9430=LINE('',#9429,#9428);
#9431=TRIMMED_CURVE('',#9430,(PARAMETER_VALUE(0.E0)),(PARAMETER_VALUE(1.E0)),
.T.,.UNSPECIFIED.);
#9432=COMPOSITE_CURVE_SEGMENT(.CONTINUOUS.,.T.,#9431);
#9433=DIRECTION('',(-6.066382808409E-1,-7.949779847382E-1));
#9434=VECTOR('',#9433,1.693666943965E-2);
#9435=CARTESIAN_POINT('',(1.905885742180E1,1.292705462090E-1));
#9436=LINE('',#9435,#9434);
#9437=TRIMMED_CURVE('',#9436,(PARAMETER_VALUE(0.E0)),(PARAMETER_VALUE(1.E0)),
.T.,.UNSPECIFIED.);
#9438=COMPOSITE_CURVE_SEGMENT(.CONTINUOUS.,.T.,#9437);
#9439=DIRECTION('',(-6.516516786798E-1,-7.585183515735E-1));
#9440=VECTOR('',#9439,1.729870945862E-2);
#9441=CARTESIAN_POINT('',(1.904858298977E1,1.158062668697E-1));
#9442=LINE('',#9441,#9440);
#9443=TRIMMED_CURVE('',#9442,(PARAMETER_VALUE(0.E0)),(PARAMETER_VALUE(1.E0)),
.T.,.UNSPECIFIED.);
#9444=COMPOSITE_CURVE_SEGMENT(.CONTINUOUS.,.T.,#9443);
#9445=DIRECTION('',(-6.935645506330E-1,-7.203944850603E-1));
#9446=VECTOR('',#9445,1.769958174865E-2);
#9447=CARTESIAN_POINT('',(1.903731025672E1,1.026848782868E-1));
#9448=LINE('',#9447,#9446);
#9449=TRIMMED_CURVE('',#9448,(PARAMETER_VALUE(0.E0)),(PARAMETER_VALUE(1.E0)),
.T.,.UNSPECIFIED.);
#9450=COMPOSITE_CURVE_SEGMENT(.CONTINUOUS.,.T.,#9449);
#9451=DIRECTION('',(-7.214432334886E-1,-6.924735813398E-1));
#9452=VECTOR('',#9451,7.611807582580E-3);
#9453=CARTESIAN_POINT('',(1.902503445425E1,8.993419720719E-2));
#9454=LINE('',#9453,#9452);
#9455=TRIMMED_CURVE('',#9454,(PARAMETER_VALUE(0.E0)),(PARAMETER_VALUE(1.E0)),
.T.,.UNSPECIFIED.);
#9456=COMPOSITE_CURVE_SEGMENT(.CONTINUOUS.,.T.,#9455);
#9457=DIRECTION('',(-7.266368066915E-1,-6.870217981703E-1));
#9458=VECTOR('',#9457,1.760146467661E-2);
#9459=CARTESIAN_POINT('',(1.901954296718E1,8.466322155001E-2));
#9460=LINE('',#9459,#9458);
#9461=TRIMMED_CURVE('',#9460,(PARAMETER_VALUE(0.E0)),(PARAMETER_VALUE(1.E0)),
.T.,.UNSPECIFIED.);
#9462=COMPOSITE_CURVE_SEGMENT(.CONTINUOUS.,.T.,#9461);
#9463=DIRECTION('',(-7.646678041104E-1,-6.444246653853E-1));
#9464=VECTOR('',#9463,1.724499024188E-2);
#9465=CARTESIAN_POINT('',(1.900675309509E1,7.257063163745E-2));
#9466=LINE('',#9465,#9464);
#9467=TRIMMED_CURVE('',#9466,(PARAMETER_VALUE(0.E0)),(PARAMETER_VALUE(1.E0)),
.T.,.UNSPECIFIED.);
#9468=COMPOSITE_CURVE_SEGMENT(.CONTINUOUS.,.T.,#9467);
#9469=DIRECTION('',(-8.008859820462E-1,-5.988168699710E-1));
#9470=VECTOR('',#9469,1.696348513148E-2);
#9471=CARTESIAN_POINT('',(1.899356640627E1,6.145753457125E-2));
#9472=LINE('',#9471,#9470);
#9473=TRIMMED_CURVE('',#9472,(PARAMETER_VALUE(0.E0)),(PARAMETER_VALUE(1.E0)),
.T.,.UNSPECIFIED.);
#9474=COMPOSITE_CURVE_SEGMENT(.CONTINUOUS.,.T.,#9473);
#9475=DIRECTION('',(-8.348935723777E-1,-5.504114123112E-1));
#9476=VECTOR('',#9475,1.675711457928E-2);
#9477=CARTESIAN_POINT('',(1.897998058882E1,5.129951350102E-2));
#9478=LINE('',#9477,#9476);
#9479=TRIMMED_CURVE('',#9478,(PARAMETER_VALUE(0.E0)),(PARAMETER_VALUE(1.E0)),
.T.,.UNSPECIFIED.);
#9480=COMPOSITE_CURVE_SEGMENT(.CONTINUOUS.,.T.,#9479);
#9481=DIRECTION('',(-8.663180024861E-1,-4.994928613789E-1));
#9482=VECTOR('',#9481,1.662600262364E-2);
#9483=CARTESIAN_POINT('',(1.896599018157E1,4.207620639918E-2));
#9484=LINE('',#9483,#9482);
#9485=TRIMMED_CURVE('',#9484,(PARAMETER_VALUE(0.E0)),(PARAMETER_VALUE(1.E0)),
.T.,.UNSPECIFIED.);
#9486=COMPOSITE_CURVE_SEGMENT(.CONTINUOUS.,.T.,#9485);
#9487=DIRECTION('',(-8.948191204230E-1,-4.464288764467E-1));
#9488=VECTOR('',#9487,1.655961790110E-2);
#9489=CARTESIAN_POINT('',(1.895158677619E1,3.377163677540E-2));
#9490=LINE('',#9489,#9488);
#9491=TRIMMED_CURVE('',#9490,(PARAMETER_VALUE(0.E0)),(PARAMETER_VALUE(1.E0)),
.T.,.UNSPECIFIED.);
#9492=COMPOSITE_CURVE_SEGMENT(.CONTINUOUS.,.T.,#9491);
#9493=DIRECTION('',(-9.201080051271E-1,-3.916647276702E-1));
#9494=VECTOR('',#9493,1.655657932224E-2);
#9495=CARTESIAN_POINT('',(1.893676891346E1,2.637894516143E-2));
#9496=LINE('',#9495,#9494);
#9497=TRIMMED_CURVE('',#9496,(PARAMETER_VALUE(0.E0)),(PARAMETER_VALUE(1.E0)),
.T.,.UNSPECIFIED.);
#9498=COMPOSITE_CURVE_SEGMENT(.CONTINUOUS.,.T.,#9497);
#9499=DIRECTION('',(-9.419793927690E-1,-3.356707070904E-1));
#9500=VECTOR('',#9499,1.662859940729E-2);
#9501=CARTESIAN_POINT('',(1.892153507229E1,1.989431703003E-2));
#9502=LINE('',#9501,#9500);
#9503=TRIMMED_CURVE('',#9502,(PARAMETER_VALUE(0.E0)),(PARAMETER_VALUE(1.E0)),
.T.,.UNSPECIFIED.);
#9504=COMPOSITE_CURVE_SEGMENT(.CONTINUOUS.,.T.,#9503);
#9505=DIRECTION('',(-9.603147775774E-1,-2.789184969958E-1));
#9506=VECTOR('',#9505,1.677536252266E-2);
#9507=CARTESIAN_POINT('',(1.890587127432E1,1.431258330906E-2));
#9508=LINE('',#9507,#9506);
#9509=TRIMMED_CURVE('',#9508,(PARAMETER_VALUE(0.E0)),(PARAMETER_VALUE(1.E0)),
.T.,.UNSPECIFIED.);
#9510=COMPOSITE_CURVE_SEGMENT(.CONTINUOUS.,.T.,#9509);
#9511=DIRECTION('',(-9.750734959852E-1,-2.218821250737E-1));
#9512=VECTOR('',#9511,1.699649793685E-2);
#9513=CARTESIAN_POINT('',(1.888976164579E1,9.633624407680E-3));
#9514=LINE('',#9513,#9512);
#9515=TRIMMED_CURVE('',#9514,(PARAMETER_VALUE(0.E0)),(PARAMETER_VALUE(1.E0)),
.T.,.UNSPECIFIED.);
#9516=COMPOSITE_CURVE_SEGMENT(.CONTINUOUS.,.T.,#9515);
#9517=DIRECTION('',(-9.862900708441E-1,-1.650208961142E-1));
#9518=VECTOR('',#9517,1.729157534867E-2);
#9519=CARTESIAN_POINT('',(1.887318881113E1,5.862405326642E-3));
#9520=LINE('',#9519,#9518);
#9521=TRIMMED_CURVE('',#9520,(PARAMETER_VALUE(0.E0)),(PARAMETER_VALUE(1.E0)),
.T.,.UNSPECIFIED.);
#9522=COMPOSITE_CURVE_SEGMENT(.CONTINUOUS.,.T.,#9521);
#9523=DIRECTION('',(-9.940675658696E-1,-1.087643070411E-1));
#9524=VECTOR('',#9523,1.766009778138E-2);
#9525=CARTESIAN_POINT('',(1.885613430205E1,3.008934067379E-3));
#9526=LINE('',#9525,#9524);
#9527=TRIMMED_CURVE('',#9526,(PARAMETER_VALUE(0.E0)),(PARAMETER_VALUE(1.E0)),
.T.,.UNSPECIFIED.);
#9528=COMPOSITE_CURVE_SEGMENT(.CONTINUOUS.,.T.,#9527);
#9529=DIRECTION('',(-9.985678539932E-1,-5.349991562047E-2));
#9530=VECTOR('',#9529,1.810149201777E-2);
#9531=CARTESIAN_POINT('',(1.883857897164E1,1.088145769909E-3));
#9532=LINE('',#9531,#9530);
#9533=TRIMMED_CURVE('',#9532,(PARAMETER_VALUE(0.E0)),(PARAMETER_VALUE(1.E0)),
.T.,.UNSPECIFIED.);
#9534=COMPOSITE_CURVE_SEGMENT(.CONTINUOUS.,.T.,#9533);
#9535=DIRECTION('',(-9.999136412052E-1,-1.314192267952E-2));
#9536=VECTOR('',#9535,9.109585961911E-3);
#9537=CARTESIAN_POINT('',(1.882050340360E1,1.197174743539E-4));
#9538=LINE('',#9537,#9536);
#9539=TRIMMED_CURVE('',#9538,(PARAMETER_VALUE(0.E0)),(PARAMETER_VALUE(1.E0)),
.T.,.UNSPECIFIED.);
#9540=COMPOSITE_CURVE_SEGMENT(.CONTINUOUS.,.T.,#9539);
#9541=DIRECTION('',(-9.999085517336E-1,1.352361526947E-2));
#9542=VECTOR('',#9541,9.208180886879E-3);
#9543=CARTESIAN_POINT('',(1.881139460433E1,0.E0));
#9544=LINE('',#9543,#9542);
#9545=TRIMMED_CURVE('',#9544,(PARAMETER_VALUE(0.E0)),(PARAMETER_VALUE(1.E0)),
.T.,.UNSPECIFIED.);
#9546=COMPOSITE_CURVE_SEGMENT(.CONTINUOUS.,.T.,#9545);
#9547=DIRECTION('',(-9.991673941106E-1,4.079851156991E-2));
#9548=VECTOR('',#9547,9.117309576927E-3);
#9549=CARTESIAN_POINT('',(1.880218726551E1,1.245278956459E-4));
#9550=LINE('',#9549,#9548);
#9551=TRIMMED_CURVE('',#9550,(PARAMETER_VALUE(0.E0)),(PARAMETER_VALUE(1.E0)),
.T.,.UNSPECIFIED.);
#9552=COMPOSITE_CURVE_SEGMENT(.CONTINUOUS.,.T.,#9551);
#9553=DIRECTION('',(-9.966283790910E-1,8.204799808974E-2));
#9554=VECTOR('',#9553,1.799731229129E-2);
#9555=CARTESIAN_POINT('',(1.879307754706E1,4.965005559066E-4));
#9556=LINE('',#9555,#9554);
#9557=TRIMMED_CURVE('',#9556,(PARAMETER_VALUE(0.E0)),(PARAMETER_VALUE(1.E0)),
.T.,.UNSPECIFIED.);
#9558=COMPOSITE_CURVE_SEGMENT(.CONTINUOUS.,.T.,#9557);
#9559=DIRECTION('',(-9.905105898405E-1,1.374364268084E-1));
#9560=VECTOR('',#9559,1.778624579819E-2);
#9561=CARTESIAN_POINT('',(1.877514091489E1,1.973144000403E-3));
#9562=LINE('',#9561,#9560);
#9563=TRIMMED_CURVE('',#9562,(PARAMETER_VALUE(0.E0)),(PARAMETER_VALUE(1.E0)),
.T.,.UNSPECIFIED.);
#9564=COMPOSITE_CURVE_SEGMENT(.CONTINUOUS.,.T.,#9563);
#9565=DIRECTION('',(-9.812515095557E-1,1.927316138953E-1));
#9566=VECTOR('',#9565,1.769032431777E-2);
#9567=CARTESIAN_POINT('',(1.875752345007E1,4.417622069242E-3));
#9568=LINE('',#9567,#9566);
#9569=TRIMMED_CURVE('',#9568,(PARAMETER_VALUE(0.E0)),(PARAMETER_VALUE(1.E0)),
.T.,.UNSPECIFIED.);
#9570=COMPOSITE_CURVE_SEGMENT(.CONTINUOUS.,.T.,#9569);
#9571=DIRECTION('',(-9.689147522718E-1,2.473948318581E-1));
#9572=VECTOR('',#9571,1.771015592001E-2);
#9573=CARTESIAN_POINT('',(1.874016479263E1,7.827106825339E-3));
#9574=LINE('',#9573,#9572);
#9575=TRIMMED_CURVE('',#9574,(PARAMETER_VALUE(0.E0)),(PARAMETER_VALUE(1.E0)),
.T.,.UNSPECIFIED.);
#9576=COMPOSITE_CURVE_SEGMENT(.CONTINUOUS.,.T.,#9575);
#9577=DIRECTION('',(-9.536552608218E-1,3.009013850200E-1));
#9578=VECTOR('',#9577,1.784732649402E-2);
#9579=CARTESIAN_POINT('',(1.872300516129E1,1.220850787135E-2));
#9580=LINE('',#9579,#9578);
#9581=TRIMMED_CURVE('',#9580,(PARAMETER_VALUE(0.E0)),(PARAMETER_VALUE(1.E0)),
.T.,.UNSPECIFIED.);
#9582=COMPOSITE_CURVE_SEGMENT(.CONTINUOUS.,.T.,#9581);
#9583=DIRECTION('',(-9.357127831992E-1,3.527627919122E-1));
#9584=VECTOR('',#9583,1.810454910593E-2);
#9585=CARTESIAN_POINT('',(1.870598496449E1,1.757879313231E-2));
#9586=LINE('',#9585,#9584);
#9587=TRIMMED_CURVE('',#9586,(PARAMETER_VALUE(0.E0)),(PARAMETER_VALUE(1.E0)),
.T.,.UNSPECIFIED.);
#9588=COMPOSITE_CURVE_SEGMENT(.CONTINUOUS.,.T.,#9587);
#9589=DIRECTION('',(-9.153998049040E-1,4.025458945035E-1));
#9590=VECTOR('',#9589,1.848586839649E-2);
#9591=CARTESIAN_POINT('',(1.868904430646E1,2.396540442122E-2));
#9592=LINE('',#9591,#9590);
#9593=TRIMMED_CURVE('',#9592,(PARAMETER_VALUE(0.E0)),(PARAMETER_VALUE(1.E0)),
.T.,.UNSPECIFIED.);
#9594=COMPOSITE_CURVE_SEGMENT(.CONTINUOUS.,.T.,#9593);
#9595=DIRECTION('',(-8.930853730472E-1,4.498872263680E-1));
#9596=VECTOR('',#9595,1.899694097462E-2);
#9597=CARTESIAN_POINT('',(1.867212234613E1,3.140681485056E-2));
#9598=LINE('',#9597,#9596);
#9599=TRIMMED_CURVE('',#9598,(PARAMETER_VALUE(0.E0)),(PARAMETER_VALUE(1.E0)),
.T.,.UNSPECIFIED.);
#9600=COMPOSITE_CURVE_SEGMENT(.CONTINUOUS.,.T.,#9599);
#9601=DIRECTION('',(-8.695048040380E-1,4.939244838585E-1));
#9602=VECTOR('',#9601,1.911377324507E-2);
#9603=CARTESIAN_POINT('',(1.865515645602E1,3.995329593511E-2));
#9604=LINE('',#9603,#9602);
#9605=TRIMMED_CURVE('',#9604,(PARAMETER_VALUE(0.E0)),(PARAMETER_VALUE(1.E0)),
.T.,.UNSPECIFIED.);
#9606=COMPOSITE_CURVE_SEGMENT(.CONTINUOUS.,.T.,#9605);
#9607=DIRECTION('',(-7.974830732970E-1,6.033413194907E-1));
#9608=VECTOR('',#9607,1.824730450597E-2);
#9609=CARTESIAN_POINT('',(1.863853693836E1,4.939405651977E-2));
#9610=LINE('',#9609,#9608);
#9611=TRIMMED_CURVE('',#9610,(PARAMETER_VALUE(0.E0)),(PARAMETER_VALUE(1.E0)),
.T.,.UNSPECIFIED.);
#9612=COMPOSITE_CURVE_SEGMENT(.CONTINUOUS.,.T.,#9611);
#9613=DIRECTION('',(-7.643466227658E-1,6.448055833091E-1));
#9614=VECTOR('',#9613,1.913210534752E-2);
#9615=CARTESIAN_POINT('',(1.862398502188E1,6.040340929755E-2));
#9616=LINE('',#9615,#9614);
#9617=TRIMMED_CURVE('',#9616,(PARAMETER_VALUE(0.E0)),(PARAMETER_VALUE(1.E0)),
.T.,.UNSPECIFIED.);
#9618=COMPOSITE_CURVE_SEGMENT(.CONTINUOUS.,.T.,#9617);
#9619=DIRECTION('',(-7.306696930714E-1,6.827311327506E-1));
#9620=VECTOR('',#9619,2.003134288474E-2);
#9621=CARTESIAN_POINT('',(1.860936146177E1,7.273989764608E-2));
#9622=LINE('',#9621,#9620);
#9623=TRIMMED_CURVE('',#9622,(PARAMETER_VALUE(0.E0)),(PARAMETER_VALUE(1.E0)),
.T.,.UNSPECIFIED.);
#9624=COMPOSITE_CURVE_SEGMENT(.CONTINUOUS.,.T.,#9623);
#9625=DIRECTION('',(-6.966802237474E-1,7.173818131507E-1));
#9626=VECTOR('',#9625,2.094004853820E-2);
#9627=CARTESIAN_POINT('',(1.859472516661E1,8.641591906430E-2));
#9628=LINE('',#9627,#9626);
#9629=TRIMMED_CURVE('',#9628,(PARAMETER_VALUE(0.E0)),(PARAMETER_VALUE(1.E0)),
.T.,.UNSPECIFIED.);
#9630=COMPOSITE_CURVE_SEGMENT(.CONTINUOUS.,.T.,#9629);
#9631=DIRECTION('',(-6.625598967296E-1,7.490089340226E-1));
#9632=VECTOR('',#9631,2.185396641435E-2);
#9633=CARTESIAN_POINT('',(1.858013664891E1,1.014379290521E-1));
#9634=LINE('',#9633,#9632);
#9635=TRIMMED_CURVE('',#9634,(PARAMETER_VALUE(0.E0)),(PARAMETER_VALUE(1.E0)),
.T.,.UNSPECIFIED.);
#9636=COMPOSITE_CURVE_SEGMENT(.CONTINUOUS.,.T.,#9635);
#9637=DIRECTION('',(-6.284527738187E-1,7.778477428646E-1));
#9638=VECTOR('',#9637,2.276958924905E-2);
#9639=CARTESIAN_POINT('',(1.856565708718E1,1.178067451403E-1));
#9640=LINE('',#9639,#9638);
#9641=TRIMMED_CURVE('',#9640,(PARAMETER_VALUE(0.E0)),(PARAMETER_VALUE(1.E0)),
.T.,.UNSPECIFIED.);
#9642=COMPOSITE_CURVE_SEGMENT(.CONTINUOUS.,.T.,#9641);
#9643=DIRECTION('',(-5.944727177069E-1,8.041157801599E-1));
#9644=VECTOR('',#9643,2.368415908239E-2);
#9645=CARTESIAN_POINT('',(1.855134747566E1,1.355180187436E-1));
#9646=LINE('',#9645,#9644);
#9647=TRIMMED_CURVE('',#9646,(PARAMETER_VALUE(0.E0)),(PARAMETER_VALUE(1.E0)),
.T.,.UNSPECIFIED.);
#9648=COMPOSITE_CURVE_SEGMENT(.CONTINUOUS.,.T.,#9647);
#9649=DIRECTION('',(-5.612752434232E-1,8.276292050914E-1));
#9650=VECTOR('',#9649,2.375883572329E-2);
#9651=CARTESIAN_POINT('',(1.853726788924E1,1.545628248016E-1));
#9652=LINE('',#9651,#9650);
#9653=TRIMMED_CURVE('',#9652,(PARAMETER_VALUE(0.E0)),(PARAMETER_VALUE(1.E0)),
.T.,.UNSPECIFIED.);
#9654=COMPOSITE_CURVE_SEGMENT(.CONTINUOUS.,.T.,#9653);
#9655=DIRECTION('',(-5.283585543414E-1,8.490213413421E-1));
#9656=VECTOR('',#9655,2.545633333587E-2);
#9657=CARTESIAN_POINT('',(1.852393264294E1,1.742263311251E-1));
#9658=LINE('',#9657,#9656);
#9659=TRIMMED_CURVE('',#9658,(PARAMETER_VALUE(0.E0)),(PARAMETER_VALUE(1.E0)),
.T.,.UNSPECIFIED.);
#9660=COMPOSITE_CURVE_SEGMENT(.CONTINUOUS.,.T.,#9659);
#9661=DIRECTION('',(-4.952472352314E-1,8.687520797073E-1));
#9662=VECTOR('',#9661,2.633800684299E-2);
#9663=CARTESIAN_POINT('',(1.851048257146E1,1.958393013996E-1));
#9664=LINE('',#9663,#9662);
#9665=TRIMMED_CURVE('',#9664,(PARAMETER_VALUE(0.E0)),(PARAMETER_VALUE(1.E0)),
.T.,.UNSPECIFIED.);
#9666=COMPOSITE_CURVE_SEGMENT(.CONTINUOUS.,.T.,#9665);
#9667=DIRECTION('',(8.574559811775E-1,5.145573246421E-1));
#9668=VECTOR('',#9667,1.028559440466E-1);
#9669=CARTESIAN_POINT('',(1.849743874639E1,2.187204996198E-1));
#9670=LINE('',#9669,#9668);
#9671=TRIMMED_CURVE('',#9670,(PARAMETER_VALUE(0.E0)),(PARAMETER_VALUE(1.E0)),
.T.,.UNSPECIFIED.);
#9672=COMPOSITE_CURVE_SEGMENT(.CONTINUOUS.,.T.,#9671);
#9673=DIRECTION('',(4.919919552761E-1,-8.705997449710E-1));
#9674=VECTOR('',#9673,2.979105521782E-3);
#9675=CARTESIAN_POINT('',(1.858563319081E1,2.716457790119E-1));
#9676=LINE('',#9675,#9674);
#9677=TRIMMED_CURVE('',#9676,(PARAMETER_VALUE(0.E0)),(PARAMETER_VALUE(1.E0)),
.T.,.UNSPECIFIED.);
#9678=COMPOSITE_CURVE_SEGMENT(.CONTINUOUS.,.T.,#9677);
#9679=DIRECTION('',(5.097282919040E-1,-8.603354394843E-1));
#9680=VECTOR('',#9679,2.567921851745E-2);
#9681=CARTESIAN_POINT('',(1.858709888676E1,2.690521705044E-1));
#9682=LINE('',#9681,#9680);
#9683=TRIMMED_CURVE('',#9682,(PARAMETER_VALUE(0.E0)),(PARAMETER_VALUE(1.E0)),
.T.,.UNSPECIFIED.);
#9684=COMPOSITE_CURVE_SEGMENT(.CONTINUOUS.,.T.,#9683);
#9685=DIRECTION('',(5.431789366135E-1,-8.396169619651E-1));
#9686=VECTOR('',#9685,2.382525062596E-2);
#9687=CARTESIAN_POINT('',(1.860018831095E1,2.469594287556E-1));
#9688=LINE('',#9687,#9686);
#9689=TRIMMED_CURVE('',#9688,(PARAMETER_VALUE(0.E0)),(PARAMETER_VALUE(1.E0)),
.T.,.UNSPECIFIED.);
#9690=COMPOSITE_CURVE_SEGMENT(.CONTINUOUS.,.T.,#9689);
#9691=DIRECTION('',(5.782890449290E-1,-8.158319560517E-1));
#9692=VECTOR('',#9691,2.213831595292E-2);
#9693=CARTESIAN_POINT('',(1.861312968525E1,2.269553442070E-1));
#9694=LINE('',#9693,#9692);
#9695=TRIMMED_CURVE('',#9694,(PARAMETER_VALUE(0.E0)),(PARAMETER_VALUE(1.E0)),
.T.,.UNSPECIFIED.);
#9696=COMPOSITE_CURVE_SEGMENT(.CONTINUOUS.,.T.,#9695);
#9697=DIRECTION('',(6.149076164516E-1,-7.885991524404E-1));
#9698=VECTOR('',#9697,2.061082228817E-2);
#9699=CARTESIAN_POINT('',(1.862593203084E1,2.088941985994E-1));
#9700=LINE('',#9699,#9698);
#9701=TRIMMED_CURVE('',#9700,(PARAMETER_VALUE(0.E0)),(PARAMETER_VALUE(1.E0)),
.T.,.UNSPECIFIED.);
#9702=COMPOSITE_CURVE_SEGMENT(.CONTINUOUS.,.T.,#9701);
#9703=DIRECTION('',(6.528048255880E-1,-7.575261445581E-1));
#9704=VECTOR('',#9703,1.923602206360E-2);
#9705=CARTESIAN_POINT('',(1.863860578245E1,1.926405216119E-1));
#9706=LINE('',#9705,#9704);
#9707=TRIMMED_CURVE('',#9706,(PARAMETER_VALUE(0.E0)),(PARAMETER_VALUE(1.E0)),
.T.,.UNSPECIFIED.);
#9708=COMPOSITE_CURVE_SEGMENT(.CONTINUOUS.,.T.,#9707);
#9709=DIRECTION('',(6.916575180897E-1,-7.222256417976E-1));
#9710=VECTOR('',#9709,1.800794222045E-2);
#9711=CARTESIAN_POINT('',(1.865116315048E1,1.780687319814E-1));
#9712=LINE('',#9711,#9710);
#9713=TRIMMED_CURVE('',#9712,(PARAMETER_VALUE(0.E0)),(PARAMETER_VALUE(1.E0)),
.T.,.UNSPECIFIED.);
#9714=COMPOSITE_CURVE_SEGMENT(.CONTINUOUS.,.T.,#9713);
#9715=DIRECTION('',(7.310366232282E-1,-6.823382266143E-1));
#9716=VECTOR('',#9715,1.692133045085E-2);
#9717=CARTESIAN_POINT('',(1.866361847910E1,1.650629343538E-1));
#9718=LINE('',#9717,#9716);
#9719=TRIMMED_CURVE('',#9718,(PARAMETER_VALUE(0.E0)),(PARAMETER_VALUE(1.E0)),
.T.,.UNSPECIFIED.);
#9720=COMPOSITE_CURVE_SEGMENT(.CONTINUOUS.,.T.,#9719);
#9721=DIRECTION('',(7.703990529130E-1,-6.375619964135E-1));
#9722=VECTOR('',#9721,1.597161526200E-2);
#9723=CARTESIAN_POINT('',(1.867598859137E1,1.535168637420E-1));
#9724=LINE('',#9723,#9722);
#9725=TRIMMED_CURVE('',#9724,(PARAMETER_VALUE(0.E0)),(PARAMETER_VALUE(1.E0)),
.T.,.UNSPECIFIED.);
#9726=COMPOSITE_CURVE_SEGMENT(.CONTINUOUS.,.T.,#9725);
#9727=DIRECTION('',(8.090873241850E-1,-5.876884394330E-1));
#9728=VECTOR('',#9727,1.515487744717E-2);
#9729=CARTESIAN_POINT('',(1.868829310864E1,1.433339688296E-1));
#9730=LINE('',#9729,#9728);
#9731=TRIMMED_CURVE('',#9730,(PARAMETER_VALUE(0.E0)),(PARAMETER_VALUE(1.E0)),
.T.,.UNSPECIFIED.);
#9732=COMPOSITE_CURVE_SEGMENT(.CONTINUOUS.,.T.,#9731);
#9733=DIRECTION('',(8.463404358558E-1,-5.326423440127E-1));
#9734=VECTOR('',#9733,1.446783054396E-2);
#9735=CARTESIAN_POINT('',(1.870055472789E1,1.344276225529E-1));
#9736=LINE('',#9735,#9734);
#9737=TRIMMED_CURVE('',#9736,(PARAMETER_VALUE(0.E0)),(PARAMETER_VALUE(1.E0)),
.T.,.UNSPECIFIED.);
#9738=COMPOSITE_CURVE_SEGMENT(.CONTINUOUS.,.T.,#9737);
#9739=DIRECTION('',(8.813190889292E-1,-4.725216010819E-1));
#9740=VECTOR('',#9739,1.390780779249E-2);
#9741=CARTESIAN_POINT('',(1.871279943789E1,1.267214433792E-1));
#9742=LINE('',#9741,#9740);
#9743=TRIMMED_CURVE('',#9742,(PARAMETER_VALUE(0.E0)),(PARAMETER_VALUE(1.E0)),
.T.,.UNSPECIFIED.);
#9744=COMPOSITE_CURVE_SEGMENT(.CONTINUOUS.,.T.,#9743);
#9745=DIRECTION('',(9.131468189432E-1,-4.076308220118E-1));
#9746=VECTOR('',#9745,1.347275307542E-2);
#9747=CARTESIAN_POINT('',(1.872505665439E1,1.201497037735E-1));
#9748=LINE('',#9747,#9746);
#9749=TRIMMED_CURVE('',#9748,(PARAMETER_VALUE(0.E0)),(PARAMETER_VALUE(1.E0)),
.T.,.UNSPECIFIED.);
#9750=COMPOSITE_CURVE_SEGMENT(.CONTINUOUS.,.T.,#9749);
#9751=DIRECTION('',(9.409658762528E-1,-3.385014323866E-1));
#9752=VECTOR('',#9751,1.316121344562E-2);
#9753=CARTESIAN_POINT('',(1.873735925600E1,1.146577943626E-1));
#9754=LINE('',#9753,#9752);
#9755=TRIMMED_CURVE('',#9754,(PARAMETER_VALUE(0.E0)),(PARAMETER_VALUE(1.E0)),
.T.,.UNSPECIFIED.);
#9756=COMPOSITE_CURVE_SEGMENT(.CONTINUOUS.,.T.,#9755);
#9757=DIRECTION('',(9.640030630553E-1,-2.658911326464E-1));
#9758=VECTOR('',#9757,1.297233123149E-2);
#9759=CARTESIAN_POINT('',(1.874974350874E1,1.102027047594E-1));
#9760=LINE('',#9759,#9758);
#9761=TRIMMED_CURVE('',#9760,(PARAMETER_VALUE(0.E0)),(PARAMETER_VALUE(1.E0)),
.T.,.UNSPECIFIED.);
#9762=COMPOSITE_CURVE_SEGMENT(.CONTINUOUS.,.T.,#9761);
#9763=DIRECTION('',(9.816371031435E-1,-1.907579558814E-1));
#9764=VECTOR('',#9763,1.290583439899E-2);
#9765=CARTESIAN_POINT('',(1.876224887578E1,1.067534769152E-1));
#9766=LINE('',#9765,#9764);
#9767=TRIMMED_CURVE('',#9766,(PARAMETER_VALUE(0.E0)),(PARAMETER_VALUE(1.E0)),
.T.,.UNSPECIFIED.);
#9768=COMPOSITE_CURVE_SEGMENT(.CONTINUOUS.,.T.,#9767);
#9769=DIRECTION('',(9.934463346085E-1,-1.142995199156E-1));
#9770=VECTOR('',#9769,1.293126721521E-2);
#9771=CARTESIAN_POINT('',(1.877491772168E1,1.042915863263E-1));
#9772=LINE('',#9771,#9770);
#9773=TRIMMED_CURVE('',#9772,(PARAMETER_VALUE(0.E0)),(PARAMETER_VALUE(1.E0)),
.T.,.UNSPECIFIED.);
#9774=COMPOSITE_CURVE_SEGMENT(.CONTINUOUS.,.T.,#9773);
#9775=DIRECTION('',(9.992845762661E-1,-3.781977837829E-2));
#9776=VECTOR('',#9775,1.306757471709E-2);
#9777=CARTESIAN_POINT('',(1.878776424169E1,1.028135486917E-1));
#9778=LINE('',#9777,#9776);
#9779=TRIMMED_CURVE('',#9778,(PARAMETER_VALUE(0.E0)),(PARAMETER_VALUE(1.E0)),
.T.,.UNSPECIFIED.);
#9780=COMPOSITE_CURVE_SEGMENT(.CONTINUOUS.,.T.,#9779);
#9781=DIRECTION('',(9.999620652687E-1,8.710225231961E-3));
#9782=VECTOR('',#9781,4.544881153016E-3);
#9783=CARTESIAN_POINT('',(1.880082246756E1,1.023193359119E-1));
#9784=LINE('',#9783,#9782);
#9785=TRIMMED_CURVE('',#9784,(PARAMETER_VALUE(0.E0)),(PARAMETER_VALUE(1.E0)),
.T.,.UNSPECIFIED.);
#9786=COMPOSITE_CURVE_SEGMENT(.CONTINUOUS.,.T.,#9785);
#9787=DIRECTION('',(9.988135567601E-1,4.869783190510E-2));
#9788=VECTOR('',#9787,1.503624735654E-2);
#9789=CARTESIAN_POINT('',(1.880536717630E1,1.023589228504E-1));
#9790=LINE('',#9789,#9788);
#9791=TRIMMED_CURVE('',#9790,(PARAMETER_VALUE(0.E0)),(PARAMETER_VALUE(1.E0)),
.T.,.UNSPECIFIED.);
#9792=COMPOSITE_CURVE_SEGMENT(.CONTINUOUS.,.T.,#9791);
#9793=DIRECTION('',(9.934331332214E-1,1.144142028680E-1));
#9794=VECTOR('',#9793,1.427101963767E-2);
#9795=CARTESIAN_POINT('',(1.882038558401E1,1.030911554967E-1));
#9796=LINE('',#9795,#9794);
#9797=TRIMMED_CURVE('',#9796,(PARAMETER_VALUE(0.E0)),(PARAMETER_VALUE(1.E0)),
.T.,.UNSPECIFIED.);
#9798=COMPOSITE_CURVE_SEGMENT(.CONTINUOUS.,.T.,#9797);
#9799=DIRECTION('',(9.830918210385E-1,1.831132747977E-1));
#9800=VECTOR('',#9799,1.379578581627E-2);
#9801=CARTESIAN_POINT('',(1.883456288776E1,1.047239628326E-1));
#9802=LINE('',#9801,#9800);
#9803=TRIMMED_CURVE('',#9802,(PARAMETER_VALUE(0.E0)),(PARAMETER_VALUE(1.E0)),
.T.,.UNSPECIFIED.);
#9804=COMPOSITE_CURVE_SEGMENT(.CONTINUOUS.,.T.,#9803);
#9805=DIRECTION('',(9.674118091815E-1,2.532081978456E-1));
#9806=VECTOR('',#9805,1.357826165735E-2);
#9807=CARTESIAN_POINT('',(1.884812541196E1,1.072501543518E-1));
#9808=LINE('',#9807,#9806);
#9809=TRIMMED_CURVE('',#9808,(PARAMETER_VALUE(0.E0)),(PARAMETER_VALUE(1.E0)),
.T.,.UNSPECIFIED.);
#9810=COMPOSITE_CURVE_SEGMENT(.CONTINUOUS.,.T.,#9809);
#9811=DIRECTION('',(9.463910223419E-1,3.230232697975E-1));
#9812=VECTOR('',#9811,1.360088772244E-2);
#9813=CARTESIAN_POINT('',(1.886126118263E1,1.106882815160E-1));
#9814=LINE('',#9813,#9812);
#9815=TRIMMED_CURVE('',#9814,(PARAMETER_VALUE(0.E0)),(PARAMETER_VALUE(1.E0)),
.T.,.UNSPECIFIED.);
#9816=COMPOSITE_CURVE_SEGMENT(.CONTINUOUS.,.T.,#9815);
#9817=DIRECTION('',(9.273626100310E-1,3.741638538347E-1));
#9818=VECTOR('',#9817,6.886861973636E-3);
#9819=CARTESIAN_POINT('',(1.887413294067E1,1.150816847402E-1));
#9820=LINE('',#9819,#9818);
#9821=TRIMMED_CURVE('',#9820,(PARAMETER_VALUE(0.E0)),(PARAMETER_VALUE(1.E0)),
.T.,.UNSPECIFIED.);
#9822=COMPOSITE_CURVE_SEGMENT(.CONTINUOUS.,.T.,#9821);
#9823=DIRECTION('',(9.132629492117E-1,4.073705752716E-1));
#9824=VECTOR('',#9823,6.972199513847E-3);
#9825=CARTESIAN_POINT('',(1.888051955897E1,1.176584995571E-1));
#9826=LINE('',#9825,#9824);
#9827=TRIMMED_CURVE('',#9826,(PARAMETER_VALUE(0.E0)),(PARAMETER_VALUE(1.E0)),
.T.,.UNSPECIFIED.);
#9828=COMPOSITE_CURVE_SEGMENT(.CONTINUOUS.,.T.,#9827);
#9829=DIRECTION('',(8.903235657988E-1,4.553283959774E-1));
#9830=VECTOR('',#9829,1.426676635682E-2);
#9831=CARTESIAN_POINT('',(1.888688701046E1,1.204987684840E-1));
#9832=LINE('',#9831,#9830);
#9833=TRIMMED_CURVE('',#9832,(PARAMETER_VALUE(0.E0)),(PARAMETER_VALUE(1.E0)),
.T.,.UNSPECIFIED.);
#9834=COMPOSITE_CURVE_SEGMENT(.CONTINUOUS.,.T.,#9833);
#9835=DIRECTION('',(8.972638740429E-1,4.414946662617E-1));
#9836=VECTOR('',#9835,1.264162450247E-2);
#9837=CARTESIAN_POINT('',(1.889958904875E1,1.269948323250E-1));
#9838=LINE('',#9837,#9836);
#9839=TRIMMED_CURVE('',#9838,(PARAMETER_VALUE(0.E0)),(PARAMETER_VALUE(1.E0)),
.T.,.UNSPECIFIED.);
#9840=COMPOSITE_CURVE_SEGMENT(.CONTINUOUS.,.T.,#9839);
#9841=DIRECTION('',(8.587966321959E-1,5.123166447900E-1));
#9842=VECTOR('',#9841,1.216327747861E-2);
#9843=CARTESIAN_POINT('',(1.891093192173E1,1.325760421157E-1));
#9844=LINE('',#9843,#9842);
#9845=TRIMMED_CURVE('',#9844,(PARAMETER_VALUE(0.E0)),(PARAMETER_VALUE(1.E0)),
.T.,.UNSPECIFIED.);
#9846=COMPOSITE_CURVE_SEGMENT(.CONTINUOUS.,.T.,#9845);
#9847=DIRECTION('',(8.134869002773E-1,5.815832383050E-1));
#9848=VECTOR('',#9847,1.188474881391E-2);
#9849=CARTESIAN_POINT('',(1.892137770346E1,1.388074916232E-1));
#9850=LINE('',#9849,#9848);
#9851=TRIMMED_CURVE('',#9850,(PARAMETER_VALUE(0.E0)),(PARAMETER_VALUE(1.E0)),
.T.,.UNSPECIFIED.);
#9852=COMPOSITE_CURVE_SEGMENT(.CONTINUOUS.,.T.,#9851);
#9853=DIRECTION('',(7.624222006007E-1,6.470798930821E-1));
#9854=VECTOR('',#9853,1.185934213082E-2);
#9855=CARTESIAN_POINT('',(1.893104579093E1,1.457194623249E-1));
#9856=LINE('',#9855,#9854);
#9857=TRIMMED_CURVE('',#9856,(PARAMETER_VALUE(0.E0)),(PARAMETER_VALUE(1.E0)),
.T.,.UNSPECIFIED.);
#9858=COMPOSITE_CURVE_SEGMENT(.CONTINUOUS.,.T.,#9857);
#9859=DIRECTION('',(7.072149320471E-1,7.069986137819E-1));
#9860=VECTOR('',#9859,1.209865861761E-2);
#9861=CARTESIAN_POINT('',(1.894008761666E1,1.533934041629E-1));
#9862=LINE('',#9861,#9860);
#9863=TRIMMED_CURVE('',#9862,(PARAMETER_VALUE(0.E0)),(PARAMETER_VALUE(1.E0)),
.T.,.UNSPECIFIED.);
#9864=COMPOSITE_CURVE_SEGMENT(.CONTINUOUS.,.T.,#9863);
#9865=DIRECTION('',(6.499204684117E-1,7.600022267991E-1));
#9866=VECTOR('',#9865,1.263035026396E-2);
#9867=CARTESIAN_POINT('',(1.894864396869E1,1.619471390342E-1));
#9868=LINE('',#9867,#9866);
#9869=TRIMMED_CURVE('',#9868,(PARAMETER_VALUE(0.E0)),(PARAMETER_VALUE(1.E0)),
.T.,.UNSPECIFIED.);
#9870=COMPOSITE_CURVE_SEGMENT(.CONTINUOUS.,.T.,#9869);
#9871=DIRECTION('',(5.928191897382E-1,8.053355873660E-1));
#9872=VECTOR('',#9871,1.350708257035E-2);
#9873=CARTESIAN_POINT('',(1.895685269185E1,1.715462333600E-1));
#9874=LINE('',#9873,#9872);
#9875=TRIMMED_CURVE('',#9874,(PARAMETER_VALUE(0.E0)),(PARAMETER_VALUE(1.E0)),
.T.,.UNSPECIFIED.);
#9876=COMPOSITE_CURVE_SEGMENT(.CONTINUOUS.,.T.,#9875);
#9877=DIRECTION('',(5.472108147071E-1,8.369948173481E-1));
#9878=VECTOR('',#9877,9.665307993790E-3);
#9879=CARTESIAN_POINT('',(1.896485994960E1,1.824239676354E-1));
#9880=LINE('',#9879,#9878);
#9881=TRIMMED_CURVE('',#9880,(PARAMETER_VALUE(0.E0)),(PARAMETER_VALUE(1.E0)),
.T.,.UNSPECIFIED.);
#9882=COMPOSITE_CURVE_SEGMENT(.CONTINUOUS.,.T.,#9881);
#9883=DIRECTION('',(4.332916239967E-1,9.012537759002E-1));
#9884=VECTOR('',#9883,1.333651489672E-2);
#9885=CARTESIAN_POINT('',(1.897014891066E1,1.905137803343E-1));
#9886=LINE('',#9885,#9884);
#9887=TRIMMED_CURVE('',#9886,(PARAMETER_VALUE(0.E0)),(PARAMETER_VALUE(1.E0)),
.T.,.UNSPECIFIED.);
#9888=COMPOSITE_CURVE_SEGMENT(.CONTINUOUS.,.T.,#9887);
#9889=DIRECTION('',(3.928135151493E-1,9.196181502755E-1));
#9890=VECTOR('',#9889,1.576702045762E-2);
#9891=CARTESIAN_POINT('',(1.897592751086E1,2.025333647423E-1));
#9892=LINE('',#9891,#9890);
#9893=TRIMMED_CURVE('',#9892,(PARAMETER_VALUE(0.E0)),(PARAMETER_VALUE(1.E0)),
.T.,.UNSPECIFIED.);
#9894=COMPOSITE_CURVE_SEGMENT(.CONTINUOUS.,.T.,#9893);
#9895=DIRECTION('',(3.366471400032E-1,9.416308741368E-1));
#9896=VECTOR('',#9895,1.412955444613E-2);
#9897=CARTESIAN_POINT('',(1.898212100959E1,2.170330029309E-1));
#9898=LINE('',#9897,#9896);
#9899=TRIMMED_CURVE('',#9898,(PARAMETER_VALUE(0.E0)),(PARAMETER_VALUE(1.E0)),
.T.,.UNSPECIFIED.);
#9900=COMPOSITE_CURVE_SEGMENT(.CONTINUOUS.,.T.,#9899);
#9901=DIRECTION('',(2.717655898347E-1,9.623634782045E-1));
#9902=VECTOR('',#9901,1.306047337546E-2);
#9903=CARTESIAN_POINT('',(1.898687768368E1,2.303378276352E-1));
#9904=LINE('',#9903,#9902);
#9905=TRIMMED_CURVE('',#9904,(PARAMETER_VALUE(0.E0)),(PARAMETER_VALUE(1.E0)),
.T.,.UNSPECIFIED.);
#9906=COMPOSITE_CURVE_SEGMENT(.CONTINUOUS.,.T.,#9905);
#9907=DIRECTION('',(1.997057238884E-1,9.798559199424E-1));
#9908=VECTOR('',#9907,1.237087758265E-2);
#9909=CARTESIAN_POINT('',(1.899042707093E1,2.429067502198E-1));
#9910=LINE('',#9909,#9908);
#9911=TRIMMED_CURVE('',#9910,(PARAMETER_VALUE(0.E0)),(PARAMETER_VALUE(1.E0)),
.T.,.UNSPECIFIED.);
#9912=COMPOSITE_CURVE_SEGMENT(.CONTINUOUS.,.T.,#9911);
#9913=DIRECTION('',(1.221814886999E-1,9.925077751933E-1));
#9914=VECTOR('',#9913,1.196983920219E-2);
#9915=CARTESIAN_POINT('',(1.899289760599E1,2.550284278540E-1));
#9916=LINE('',#9915,#9914);
#9917=TRIMMED_CURVE('',#9916,(PARAMETER_VALUE(0.E0)),(PARAMETER_VALUE(1.E0)),
.T.,.UNSPECIFIED.);
#9918=COMPOSITE_CURVE_SEGMENT(.CONTINUOUS.,.T.,#9917);
#9919=DIRECTION('',(4.113929871956E-2,9.991534207022E-1));
#9920=VECTOR('',#9919,1.180963622023E-2);
#9921=CARTESIAN_POINT('',(1.899436009877E1,2.669085863300E-1));
#9922=LINE('',#9921,#9920);
#9923=TRIMMED_CURVE('',#9922,(PARAMETER_VALUE(0.E0)),(PARAMETER_VALUE(1.E0)),
.T.,.UNSPECIFIED.);
#9924=COMPOSITE_CURVE_SEGMENT(.CONTINUOUS.,.T.,#9923);
#9925=DIRECTION('',(-4.681902584615E-2,9.989033881306E-1));
#9926=VECTOR('',#9925,1.048046011572E-2);
#9927=CARTESIAN_POINT('',(1.899484593892E1,2.787082247567E-1));
#9928=LINE('',#9927,#9926);
#9929=TRIMMED_CURVE('',#9928,(PARAMETER_VALUE(0.E0)),(PARAMETER_VALUE(1.E0)),
.T.,.UNSPECIFIED.);
#9930=COMPOSITE_CURVE_SEGMENT(.CONTINUOUS.,.T.,#9929);
#9931=DIRECTION('',(-1.347643714531E-1,9.908776736746E-1));
#9932=VECTOR('',#9931,1.124792121814E-2);
#9933=CARTESIAN_POINT('',(1.899435525399E1,2.891771918755E-1));
#9934=LINE('',#9933,#9932);
#9935=TRIMMED_CURVE('',#9934,(PARAMETER_VALUE(0.E0)),(PARAMETER_VALUE(1.E0)),
.T.,.UNSPECIFIED.);
#9936=COMPOSITE_CURVE_SEGMENT(.CONTINUOUS.,.T.,#9935);
#9937=DIRECTION('',(-2.150555474420E-1,9.766018183039E-1));
#9938=VECTOR('',#9937,1.217657027830E-2);
#9939=CARTESIAN_POINT('',(1.899283943495E1,3.003225058858E-1));
#9940=LINE('',#9939,#9938);
#9941=TRIMMED_CURVE('',#9940,(PARAMETER_VALUE(0.E0)),(PARAMETER_VALUE(1.E0)),
.T.,.UNSPECIFIED.);
#9942=COMPOSITE_CURVE_SEGMENT(.CONTINUOUS.,.T.,#9941);
#9943=DIRECTION('',(-2.874249991164E-1,9.578031477725E-1));
#9944=VECTOR('',#9943,1.326824845565E-2);
#9945=CARTESIAN_POINT('',(1.899022079596E1,3.122141665603E-1));
#9946=LINE('',#9945,#9944);
#9947=TRIMMED_CURVE('',#9946,(PARAMETER_VALUE(0.E0)),(PARAMETER_VALUE(1.E0)),
.T.,.UNSPECIFIED.);
#9948=COMPOSITE_CURVE_SEGMENT(.CONTINUOUS.,.T.,#9947);
#9949=DIRECTION('',(-3.520372978829E-1,9.359859725975E-1));
#9950=VECTOR('',#9949,1.452480183356E-2);
#9951=CARTESIAN_POINT('',(1.898640716966E1,3.249225366965E-1));
#9952=LINE('',#9951,#9950);
#9953=TRIMMED_CURVE('',#9952,(PARAMETER_VALUE(0.E0)),(PARAMETER_VALUE(1.E0)),
.T.,.UNSPECIFIED.);
#9954=COMPOSITE_CURVE_SEGMENT(.CONTINUOUS.,.T.,#9953);
#9955=DIRECTION('',(-4.093400084202E-1,9.123819142807E-1));
#9956=VECTOR('',#9955,1.594778736953E-2);
#9957=CARTESIAN_POINT('',(1.898129389767E1,3.385175474675E-1));
#9958=LINE('',#9957,#9956);
#9959=TRIMMED_CURVE('',#9958,(PARAMETER_VALUE(0.E0)),(PARAMETER_VALUE(1.E0)),
.T.,.UNSPECIFIED.);
#9960=COMPOSITE_CURVE_SEGMENT(.CONTINUOUS.,.T.,#9959);
#9961=DIRECTION('',(-4.599390891342E-1,8.879504683745E-1));
#9962=VECTOR('',#9961,1.753814286365E-2);
#9963=CARTESIAN_POINT('',(1.897476583026E1,3.530680202362E-1));
#9964=LINE('',#9963,#9962);
#9965=TRIMMED_CURVE('',#9964,(PARAMETER_VALUE(0.E0)),(PARAMETER_VALUE(1.E0)),
.T.,.UNSPECIFIED.);
#9966=COMPOSITE_CURVE_SEGMENT(.CONTINUOUS.,.T.,#9965);
#9967=DIRECTION('',(-4.991398444722E-1,8.665214455859E-1));
#9968=VECTOR('',#9967,1.426970616643E-2);
#9969=CARTESIAN_POINT('',(1.896669935280E1,3.686410224064E-1));
#9970=LINE('',#9969,#9968);
#9971=TRIMMED_CURVE('',#9970,(PARAMETER_VALUE(0.E0)),(PARAMETER_VALUE(1.E0)),
.T.,.UNSPECIFIED.);
#9972=COMPOSITE_CURVE_SEGMENT(.CONTINUOUS.,.T.,#9971);
#9973=DIRECTION('',(-6.289052203195E-1,7.774819765466E-1));
#9974=VECTOR('',#9973,2.083567944563E-2);
#9975=CARTESIAN_POINT('',(1.895957677389E1,3.810060288218E-1));
#9976=LINE('',#9975,#9974);
#9977=TRIMMED_CURVE('',#9976,(PARAMETER_VALUE(0.E0)),(PARAMETER_VALUE(1.E0)),
.T.,.UNSPECIFIED.);
#9978=COMPOSITE_CURVE_SEGMENT(.CONTINUOUS.,.T.,#9977);
#9979=DIRECTION('',(-6.631298067474E-1,7.485044150859E-1));
#9980=VECTOR('',#9979,2.293620025563E-2);
#9981=CARTESIAN_POINT('',(1.894647310632E1,3.972053940599E-1));
#9982=LINE('',#9981,#9980);
#9983=TRIMMED_CURVE('',#9982,(PARAMETER_VALUE(0.E0)),(PARAMETER_VALUE(1.E0)),
.T.,.UNSPECIFIED.);
#9984=COMPOSITE_CURVE_SEGMENT(.CONTINUOUS.,.T.,#9983);
#9985=DIRECTION('',(-6.928896178021E-1,7.210436724236E-1));
#9986=VECTOR('',#9985,2.539568428145E-2);
#9987=CARTESIAN_POINT('',(1.893126342827E1,4.143732412166E-1));
#9988=LINE('',#9987,#9986);
#9989=TRIMMED_CURVE('',#9988,(PARAMETER_VALUE(0.E0)),(PARAMETER_VALUE(1.E0)),
.T.,.UNSPECIFIED.);
#9990=COMPOSITE_CURVE_SEGMENT(.CONTINUOUS.,.T.,#9989);
#9991=DIRECTION('',(-7.186624020467E-1,6.953591531607E-1));
#9992=VECTOR('',#9991,2.825509092673E-2);
#9993=CARTESIAN_POINT('',(1.891366702230E1,4.326846386746E-1));
#9994=LINE('',#9993,#9992);
#9995=TRIMMED_CURVE('',#9994,(PARAMETER_VALUE(0.E0)),(PARAMETER_VALUE(1.E0)),
.T.,.UNSPECIFIED.);
#9996=COMPOSITE_CURVE_SEGMENT(.CONTINUOUS.,.T.,#9995);
#9997=DIRECTION('',(-7.409194883721E-1,6.715938592263E-1));
#9998=VECTOR('',#9997,3.156398192074E-2);
#9999=CARTESIAN_POINT('',(1.889336115078E1,4.523320747739E-1));
#10000=LINE('',#9999,#9998);
#10001=TRIMMED_CURVE('',#10000,(PARAMETER_VALUE(0.E0)),(PARAMETER_VALUE(1.E0)),
.T.,.UNSPECIFIED.);
#10002=COMPOSITE_CURVE_SEGMENT(.CONTINUOUS.,.T.,#10001);
#10003=DIRECTION('',(-7.601046168675E-1,6.498007166945E-1));
#10004=VECTOR('',#10003,3.538199892515E-2);
#10005=CARTESIAN_POINT('',(1.886997478145E1,4.735302512046E-1));
#10006=LINE('',#10005,#10004);
#10007=TRIMMED_CURVE('',#10006,(PARAMETER_VALUE(0.E0)),(PARAMETER_VALUE(1.E0)),
.T.,.UNSPECIFIED.);
#10008=COMPOSITE_CURVE_SEGMENT(.CONTINUOUS.,.T.,#10007);
#10009=DIRECTION('',(-7.766224890007E-1,6.299662765406E-1));
#10010=VECTOR('',#10009,3.978086348643E-2);
#10011=CARTESIAN_POINT('',(1.884308076071E1,4.965214994642E-1));
#10012=LINE('',#10011,#10010);
#10013=TRIMMED_CURVE('',#10012,(PARAMETER_VALUE(0.E0)),(PARAMETER_VALUE(1.E0)),
.T.,.UNSPECIFIED.);
#10014=COMPOSITE_CURVE_SEGMENT(.CONTINUOUS.,.T.,#10013);
#10015=DIRECTION('',(-7.903106577335E-1,6.127063442407E-1));
#10016=VECTOR('',#10015,4.116025135733E-2);
#10017=CARTESIAN_POINT('',(1.881218604749E1,5.215821019123E-1));
#10018=LINE('',#10017,#10016);
#10019=TRIMMED_CURVE('',#10018,(PARAMETER_VALUE(0.E0)),(PARAMETER_VALUE(1.E0)),
.T.,.UNSPECIFIED.);
#10020=COMPOSITE_CURVE_SEGMENT(.CONTINUOUS.,.T.,#10019);
#10021=DIRECTION('',(-7.982982410617E-1,6.022623334709E-1));
#10022=VECTOR('',#10021,1.557492219305E-2);
#10023=CARTESIAN_POINT('',(1.877965666217E1,5.468012490495E-1));
#10024=LINE('',#10023,#10022);
#10025=TRIMMED_CURVE('',#10024,(PARAMETER_VALUE(0.E0)),(PARAMETER_VALUE(1.E0)),
.T.,.UNSPECIFIED.);
#10026=COMPOSITE_CURVE_SEGMENT(.CONTINUOUS.,.T.,#10025);
#10027=DIRECTION('',(-7.908557085104E-1,6.120026538475E-1));
#10028=VECTOR('',#10027,4.806131585311E-2);
#10029=CARTESIAN_POINT('',(1.876722322918E1,5.561814380331E-1));
#10030=LINE('',#10029,#10028);
#10031=TRIMMED_CURVE('',#10030,(PARAMETER_VALUE(0.E0)),(PARAMETER_VALUE(1.E0)),
.T.,.UNSPECIFIED.);
#10032=COMPOSITE_CURVE_SEGMENT(.CONTINUOUS.,.T.,#10031);
#10033=DIRECTION('',(-7.775132246622E-1,6.288665879782E-1));
#10034=VECTOR('',#10033,4.079521830874E-2);
#10035=CARTESIAN_POINT('',(1.872921366318E1,5.855950908826E-1));
#10036=LINE('',#10035,#10034);
#10037=TRIMMED_CURVE('',#10036,(PARAMETER_VALUE(0.E0)),(PARAMETER_VALUE(1.E0)),
.T.,.UNSPECIFIED.);
#10038=COMPOSITE_CURVE_SEGMENT(.CONTINUOUS.,.T.,#10037);
#10039=DIRECTION('',(-7.613165324949E-1,6.483803955626E-1));
#10040=VECTOR('',#10039,3.379022641194E-2);
#10041=CARTESIAN_POINT('',(1.869749484144E1,6.112498406263E-1));
#10042=LINE('',#10041,#10040);
#10043=TRIMMED_CURVE('',#10042,(PARAMETER_VALUE(0.E0)),(PARAMETER_VALUE(1.E0)),
.T.,.UNSPECIFIED.);
#10044=COMPOSITE_CURVE_SEGMENT(.CONTINUOUS.,.T.,#10043);
#10045=DIRECTION('',(-7.410792550177E-1,6.714175584406E-1));
#10046=VECTOR('',#10045,2.728052085142E-2);
#10047=CARTESIAN_POINT('',(1.867176978344E1,6.331587609934E-1));
#10048=LINE('',#10047,#10046);
#10049=TRIMMED_CURVE('',#10048,(PARAMETER_VALUE(0.E0)),(PARAMETER_VALUE(1.E0)),
.T.,.UNSPECIFIED.);
#10050=COMPOSITE_CURVE_SEGMENT(.CONTINUOUS.,.T.,#10049);
#10051=DIRECTION('',(-7.149916938017E-1,6.991329471529E-1));
#10052=VECTOR('',#10051,2.144420634039E-2);
#10053=CARTESIAN_POINT('',(1.865155275537E1,6.514753816964E-1));
#10054=LINE('',#10053,#10052);
#10055=TRIMMED_CURVE('',#10054,(PARAMETER_VALUE(0.E0)),(PARAMETER_VALUE(1.E0)),
.T.,.UNSPECIFIED.);
#10056=COMPOSITE_CURVE_SEGMENT(.CONTINUOUS.,.T.,#10055);
#10057=DIRECTION('',(-6.802097817449E-1,7.330174983031E-1));
#10058=VECTOR('',#10057,1.639369592010E-2);
#10059=CARTESIAN_POINT('',(1.863622032595E1,6.664677328746E-1));
#10060=LINE('',#10059,#10058);
#10061=TRIMMED_CURVE('',#10060,(PARAMETER_VALUE(0.E0)),(PARAMETER_VALUE(1.E0)),
.T.,.UNSPECIFIED.);
#10062=COMPOSITE_CURVE_SEGMENT(.CONTINUOUS.,.T.,#10061);
#10063=DIRECTION('',(-6.321240684198E-1,7.748671899909E-1));
#10064=VECTOR('',#10063,1.217805340074E-2);
#10065=CARTESIAN_POINT('',(1.862506917363E1,6.784845988459E-1));
#10066=LINE('',#10065,#10064);
#10067=TRIMMED_CURVE('',#10066,(PARAMETER_VALUE(0.E0)),(PARAMETER_VALUE(1.E0)),
.T.,.UNSPECIFIED.);
#10068=COMPOSITE_CURVE_SEGMENT(.CONTINUOUS.,.T.,#10067);
#10069=DIRECTION('',(-5.746125347598E-1,8.184255829927E-1));
#10070=VECTOR('',#10069,5.324557021179E-3);
#10071=CARTESIAN_POINT('',(1.861737113297E1,6.879209728640E-1));
#10072=LINE('',#10071,#10070);
#10073=TRIMMED_CURVE('',#10072,(PARAMETER_VALUE(0.E0)),(PARAMETER_VALUE(1.E0)),
.T.,.UNSPECIFIED.);
#10074=COMPOSITE_CURVE_SEGMENT(.CONTINUOUS.,.T.,#10073);
#10075=DIRECTION('',(-5.451715985737E-1,8.383244766250E-1));
#10076=VECTOR('',#10075,1.775585890650E-2);
#10077=CARTESIAN_POINT('',(1.861431157576E1,6.922787265483E-1));
#10078=LINE('',#10077,#10076);
#10079=TRIMMED_CURVE('',#10078,(PARAMETER_VALUE(0.E0)),(PARAMETER_VALUE(1.E0)),
.T.,.UNSPECIFIED.);
#10080=COMPOSITE_CURVE_SEGMENT(.CONTINUOUS.,.T.,#10079);
#10081=DIRECTION('',(-4.968664266610E-1,8.678270300337E-1));
#10082=VECTOR('',#10081,1.722337640341E-2);
#10083=CARTESIAN_POINT('',(1.860463158578E1,7.071638976731E-1));
#10084=LINE('',#10083,#10082);
#10085=TRIMMED_CURVE('',#10084,(PARAMETER_VALUE(0.E0)),(PARAMETER_VALUE(1.E0)),
.T.,.UNSPECIFIED.);
#10086=COMPOSITE_CURVE_SEGMENT(.CONTINUOUS.,.T.,#10085);
#10087=DIRECTION('',(-4.454417545124E-1,8.953109199250E-1));
#10088=VECTOR('',#10087,1.678633247219E-2);
#10089=CARTESIAN_POINT('',(1.859607386829E1,7.221108092644E-1));
#10090=LINE('',#10089,#10088);
#10091=TRIMMED_CURVE('',#10090,(PARAMETER_VALUE(0.E0)),(PARAMETER_VALUE(1.E0)),
.T.,.UNSPECIFIED.);
#10092=COMPOSITE_CURVE_SEGMENT(.CONTINUOUS.,.T.,#10091);
#10093=DIRECTION('',(-3.911500622520E-1,9.203269140910E-1));
#10094=VECTOR('',#10093,1.644408990934E-2);
#10095=CARTESIAN_POINT('',(1.858859653490E1,7.371397960323E-1));
#10096=LINE('',#10095,#10094);
#10097=TRIMMED_CURVE('',#10096,(PARAMETER_VALUE(0.E0)),(PARAMETER_VALUE(1.E0)),
.T.,.UNSPECIFIED.);
#10098=COMPOSITE_CURVE_SEGMENT(.CONTINUOUS.,.T.,#10097);
#10099=DIRECTION('',(-3.343378652595E-1,9.424532836452E-1));
#10100=VECTOR('',#10099,1.619620809514E-2);
#10101=CARTESIAN_POINT('',(1.858216442811E1,7.522737345536E-1));
#10102=LINE('',#10101,#10100);
#10103=TRIMMED_CURVE('',#10102,(PARAMETER_VALUE(0.E0)),(PARAMETER_VALUE(1.E0)),
.T.,.UNSPECIFIED.);
#10104=COMPOSITE_CURVE_SEGMENT(.CONTINUOUS.,.T.,#10103);
#10105=DIRECTION('',(-2.754401528677E-1,9.613182210840E-1));
#10106=VECTOR('',#10105,1.604244557316E-2);
#10107=CARTESIAN_POINT('',(1.857674942247E1,7.675379040554E-1));
#10108=LINE('',#10107,#10106);
#10109=TRIMMED_CURVE('',#10108,(PARAMETER_VALUE(0.E0)),(PARAMETER_VALUE(1.E0)),
.T.,.UNSPECIFIED.);
#10110=COMPOSITE_CURVE_SEGMENT(.CONTINUOUS.,.T.,#10109);
#10111=DIRECTION('',(-2.149679245221E-1,9.766211094517E-1));
#10112=VECTOR('',#10111,1.598276034698E-2);
#10113=CARTESIAN_POINT('',(1.857233068881E1,7.829597992957E-1));
#10114=LINE('',#10113,#10112);
#10115=TRIMMED_CURVE('',#10114,(PARAMETER_VALUE(0.E0)),(PARAMETER_VALUE(1.E0)),
.T.,.UNSPECIFIED.);
#10116=COMPOSITE_CURVE_SEGMENT(.CONTINUOUS.,.T.,#10115);
#10117=DIRECTION('',(-1.535313320316E-1,9.881437800668E-1));
#10118=VECTOR('',#10117,1.599547704727E-2);
#10119=CARTESIAN_POINT('',(1.856889490799E1,7.985689004378E-1));
#10120=LINE('',#10119,#10118);
#10121=TRIMMED_CURVE('',#10120,(PARAMETER_VALUE(0.E0)),(PARAMETER_VALUE(1.E0)),
.T.,.UNSPECIFIED.);
#10122=COMPOSITE_CURVE_SEGMENT(.CONTINUOUS.,.T.,#10121);
#10123=DIRECTION('',(-9.179221337159E-2,9.957781829124E-1));
#10124=VECTOR('',#10123,1.609250833130E-2);
#10125=CARTESIAN_POINT('',(1.856643910109E1,8.143747315913E-1));
#10126=LINE('',#10125,#10124);
#10127=TRIMMED_CURVE('',#10126,(PARAMETER_VALUE(0.E0)),(PARAMETER_VALUE(1.E0)),
.T.,.UNSPECIFIED.);
#10128=COMPOSITE_CURVE_SEGMENT(.CONTINUOUS.,.T.,#10127);
#10129=DIRECTION('',(-3.037117288667E-2,9.995386895251E-1));
#10130=VECTOR('',#10129,1.628349064258E-2);
#10131=CARTESIAN_POINT('',(1.856496193413E1,8.303993002959E-1));
#10132=LINE('',#10131,#10130);
#10133=TRIMMED_CURVE('',#10132,(PARAMETER_VALUE(0.E0)),(PARAMETER_VALUE(1.E0)),
.T.,.UNSPECIFIED.);
#10134=COMPOSITE_CURVE_SEGMENT(.CONTINUOUS.,.T.,#10133);
#10135=DIRECTION('',(2.898137697515E-2,9.995799516740E-1));
#10136=VECTOR('',#10135,1.668577157558E-2);
#10137=CARTESIAN_POINT('',(1.856446738542E1,8.466752791937E-1));
#10138=LINE('',#10137,#10136);
#10139=TRIMMED_CURVE('',#10138,(PARAMETER_VALUE(0.E0)),(PARAMETER_VALUE(1.E0)),
.T.,.UNSPECIFIED.);
#10140=COMPOSITE_CURVE_SEGMENT(.CONTINUOUS.,.T.,#10139);
#10141=DIRECTION('',(8.937967018422E-2,9.959976277872E-1));
#10142=VECTOR('',#10141,1.602094707123E-2);
#10143=CARTESIAN_POINT('',(1.856495096206E1,8.633540419389E-1));
#10144=LINE('',#10143,#10142);
#10145=TRIMMED_CURVE('',#10144,(PARAMETER_VALUE(0.E0)),(PARAMETER_VALUE(1.E0)),
.T.,.UNSPECIFIED.);
#10146=COMPOSITE_CURVE_SEGMENT(.CONTINUOUS.,.T.,#10145);
#10147=DIRECTION('',(1.518995215423E-1,9.883959405801E-1));
#10148=VECTOR('',#10147,1.560803608181E-2);
#10149=CARTESIAN_POINT('',(1.856638290902E1,8.793108672167E-1));
#10150=LINE('',#10149,#10148);
#10151=TRIMMED_CURVE('',#10150,(PARAMETER_VALUE(0.E0)),(PARAMETER_VALUE(1.E0)),
.T.,.UNSPECIFIED.);
#10152=COMPOSITE_CURVE_SEGMENT(.CONTINUOUS.,.T.,#10151);
#10153=DIRECTION('',(2.152878349059E-1,9.765506377764E-1));
#10154=VECTOR('',#10153,1.538996132303E-2);
#10155=CARTESIAN_POINT('',(1.856875376224E1,8.947377867204E-1));
#10156=LINE('',#10155,#10154);
#10157=TRIMMED_CURVE('',#10156,(PARAMETER_VALUE(0.E0)),(PARAMETER_VALUE(1.E0)),
.T.,.UNSPECIFIED.);
#10158=COMPOSITE_CURVE_SEGMENT(.CONTINUOUS.,.T.,#10157);
#10159=DIRECTION('',(2.780636581802E-1,9.605626486593E-1));
#10160=VECTOR('',#10159,1.536265598958E-2);
#10161=CARTESIAN_POINT('',(1.857206703369E1,9.097668632658E-1));
#10162=LINE('',#10161,#10160);
#10163=TRIMMED_CURVE('',#10162,(PARAMETER_VALUE(0.E0)),(PARAMETER_VALUE(1.E0)),
.T.,.UNSPECIFIED.);
#10164=COMPOSITE_CURVE_SEGMENT(.CONTINUOUS.,.T.,#10163);
#10165=DIRECTION('',(3.388609407716E-1,9.408364697541E-1));
#10166=VECTOR('',#10165,1.558422354950E-2);
#10167=CARTESIAN_POINT('',(1.857633883001E1,9.245236567936E-1));
#10168=LINE('',#10167,#10166);
#10169=TRIMMED_CURVE('',#10168,(PARAMETER_VALUE(0.E0)),(PARAMETER_VALUE(1.E0)),
.T.,.UNSPECIFIED.);
#10170=COMPOSITE_CURVE_SEGMENT(.CONTINUOUS.,.T.,#10169);
#10171=DIRECTION('',(3.965481241169E-1,9.180139352207E-1));
#10172=VECTOR('',#10171,1.606763420426E-2);
#10173=CARTESIAN_POINT('',(1.858161971467E1,9.391858626617E-1));
#10174=LINE('',#10173,#10172);
#10175=TRIMMED_CURVE('',#10174,(PARAMETER_VALUE(0.E0)),(PARAMETER_VALUE(1.E0)),
.T.,.UNSPECIFIED.);
#10176=COMPOSITE_CURVE_SEGMENT(.CONTINUOUS.,.T.,#10175);
#10177=DIRECTION('',(4.501928135517E-1,8.929313694940E-1));
#10178=VECTOR('',#10177,1.683859735683E-2);
#10179=CARTESIAN_POINT('',(1.858799130487E1,9.539361747673E-1));
#10180=LINE('',#10179,#10178);
#10181=TRIMMED_CURVE('',#10180,(PARAMETER_VALUE(0.E0)),(PARAMETER_VALUE(1.E0)),
.T.,.UNSPECIFIED.);
#10182=COMPOSITE_CURVE_SEGMENT(.CONTINUOUS.,.T.,#10181);
#10183=DIRECTION('',(4.770289081357E-1,8.788876041923E-1));
#10184=VECTOR('',#10183,1.327817203613E-3);
#10185=CARTESIAN_POINT('',(1.859557192039E1,9.689718865655E-1));
#10186=LINE('',#10185,#10184);
#10187=TRIMMED_CURVE('',#10186,(PARAMETER_VALUE(0.E0)),(PARAMETER_VALUE(1.E0)),
.T.,.UNSPECIFIED.);
#10188=COMPOSITE_CURVE_SEGMENT(.CONTINUOUS.,.T.,#10187);
#10189=DIRECTION('',(5.420352881239E-1,8.403557261234E-1));
#10190=VECTOR('',#10189,1.535617430318E-2);
#10191=CARTESIAN_POINT('',(1.859620532758E1,9.701388886463E-1));
#10192=LINE('',#10191,#10190);
#10193=TRIMMED_CURVE('',#10192,(PARAMETER_VALUE(0.E0)),(PARAMETER_VALUE(1.E0)),
.T.,.UNSPECIFIED.);
#10194=COMPOSITE_CURVE_SEGMENT(.CONTINUOUS.,.T.,#10193);
#10195=DIRECTION('',(5.771034857423E-1,8.166710272467E-1));
#10196=VECTOR('',#10195,4.836808546323E-3);
#10197=CARTESIAN_POINT('',(1.860452891594E1,9.830435376534E-1));
#10198=LINE('',#10197,#10196);
#10199=TRIMMED_CURVE('',#10198,(PARAMETER_VALUE(0.E0)),(PARAMETER_VALUE(1.E0)),
.T.,.UNSPECIFIED.);
#10200=COMPOSITE_CURVE_SEGMENT(.CONTINUOUS.,.T.,#10199);
#10201=DIRECTION('',(6.109127689614E-1,7.916979150661E-1));
#10202=VECTOR('',#10201,1.559810652422E-2);
#10203=CARTESIAN_POINT('',(1.860732025502E1,9.869936190575E-1));
#10204=LINE('',#10203,#10202);
#10205=TRIMMED_CURVE('',#10204,(PARAMETER_VALUE(0.E0)),(PARAMETER_VALUE(1.E0)),
.T.,.UNSPECIFIED.);
#10206=COMPOSITE_CURVE_SEGMENT(.CONTINUOUS.,.T.,#10205);
#10207=DIRECTION('',(6.599606677277E-1,7.513001511064E-1));
#10208=VECTOR('',#10207,1.566644273509E-2);
#10209=CARTESIAN_POINT('',(1.861684933746E1,9.993426074717E-1));
#10210=LINE('',#10209,#10208);
#10211=TRIMMED_CURVE('',#10210,(PARAMETER_VALUE(0.E0)),(PARAMETER_VALUE(1.E0)),
.T.,.UNSPECIFIED.);
#10212=COMPOSITE_CURVE_SEGMENT(.CONTINUOUS.,.T.,#10211);
#10213=DIRECTION('',(7.061122293049E-1,7.080999361856E-1));
#10214=VECTOR('',#10213,1.566302688731E-2);
#10215=CARTESIAN_POINT('',(1.862718857347E1,1.011112808266E0));
#10216=LINE('',#10215,#10214);
#10217=TRIMMED_CURVE('',#10216,(PARAMETER_VALUE(0.E0)),(PARAMETER_VALUE(1.E0)),
.T.,.UNSPECIFIED.);
#10218=COMPOSITE_CURVE_SEGMENT(.CONTINUOUS.,.T.,#10217);
#10219=DIRECTION('',(7.494223072865E-1,6.620922936731E-1));
#10220=VECTOR('',#10219,1.559824949364E-2);
#10221=CARTESIAN_POINT('',(1.863824842830E1,1.022203796605E0));
#10222=LINE('',#10221,#10220);
#10223=TRIMMED_CURVE('',#10222,(PARAMETER_VALUE(0.E0)),(PARAMETER_VALUE(1.E0)),
.T.,.UNSPECIFIED.);
#10224=COMPOSITE_CURVE_SEGMENT(.CONTINUOUS.,.T.,#10223);
#10225=DIRECTION('',(7.898781080257E-1,6.132638701748E-1));
#10226=VECTOR('',#10225,1.548481065954E-2);
#10227=CARTESIAN_POINT('',(1.864993810443E1,1.032531277390E0));
#10228=LINE('',#10227,#10226);
#10229=TRIMMED_CURVE('',#10228,(PARAMETER_VALUE(0.E0)),(PARAMETER_VALUE(1.E0)),
.T.,.UNSPECIFIED.);
#10230=COMPOSITE_CURVE_SEGMENT(.CONTINUOUS.,.T.,#10229);
#10231=DIRECTION('',(8.274002999433E-1,5.616126277549E-1));
#10232=VECTOR('',#10231,1.533659576050E-2);
#10233=CARTESIAN_POINT('',(1.866216921738E1,1.042027552304E0));
#10234=LINE('',#10233,#10232);
#10235=TRIMMED_CURVE('',#10234,(PARAMETER_VALUE(0.E0)),(PARAMETER_VALUE(1.E0)),
.T.,.UNSPECIFIED.);
#10236=COMPOSITE_CURVE_SEGMENT(.CONTINUOUS.,.T.,#10235);
#10237=DIRECTION('',(8.618482775820E-1,5.071661921195E-1));
#10238=VECTOR('',#10237,1.516772024366E-2);
#10239=CARTESIAN_POINT('',(1.867485872131E1,1.050640778150E0));
#10240=LINE('',#10239,#10238);
#10241=TRIMMED_CURVE('',#10240,(PARAMETER_VALUE(0.E0)),(PARAMETER_VALUE(1.E0)),
.T.,.UNSPECIFIED.);
#10242=COMPOSITE_CURVE_SEGMENT(.CONTINUOUS.,.T.,#10241);
#10243=DIRECTION('',(8.921198362359E-1,4.517988466059E-1));
#10244=VECTOR('',#10243,1.618048759789E-2);
#10245=CARTESIAN_POINT('',(1.868793099488E1,1.058333333069E0));
#10246=LINE('',#10245,#10244);
#10247=TRIMMED_CURVE('',#10246,(PARAMETER_VALUE(0.E0)),(PARAMETER_VALUE(1.E0)),
.T.,.UNSPECIFIED.);
#10248=COMPOSITE_CURVE_SEGMENT(.CONTINUOUS.,.T.,#10247);
#10249=DIRECTION('',(9.183653541473E-1,3.957335925871E-1));
#10250=VECTOR('',#10249,1.602074989417E-2);
#10251=CARTESIAN_POINT('',(1.870236592882E1,1.065643658703E0));
#10252=LINE('',#10251,#10250);
#10253=TRIMMED_CURVE('',#10252,(PARAMETER_VALUE(0.E0)),(PARAMETER_VALUE(1.E0)),
.T.,.UNSPECIFIED.);
#10254=COMPOSITE_CURVE_SEGMENT(.CONTINUOUS.,.T.,#10253);
#10255=DIRECTION('',(9.412804955881E-1,3.376255746022E-1));
#10256=VECTOR('',#10255,1.595451921830E-2);
#10257=CARTESIAN_POINT('',(1.871707883047E1,1.071983607615E0));
#10258=LINE('',#10257,#10256);
#10259=TRIMMED_CURVE('',#10258,(PARAMETER_VALUE(0.E0)),(PARAMETER_VALUE(1.E0)),
.T.,.UNSPECIFIED.);
#10260=COMPOSITE_CURVE_SEGMENT(.CONTINUOUS.,.T.,#10259);
#10261=DIRECTION('',(9.605683037437E-1,2.780441221154E-1));
#10262=VECTOR('',#10261,1.596357827181E-2);
#10263=CARTESIAN_POINT('',(1.873209650823E1,1.077370261333E0));
#10264=LINE('',#10263,#10262);
#10265=TRIMMED_CURVE('',#10264,(PARAMETER_VALUE(0.E0)),(PARAMETER_VALUE(1.E0)),
.T.,.UNSPECIFIED.);
#10266=COMPOSITE_CURVE_SEGMENT(.CONTINUOUS.,.T.,#10265);
#10267=DIRECTION('',(9.760311483723E-1,2.176308742046E-1));
#10268=VECTOR('',#10267,1.605348372135E-2);
#10269=CARTESIAN_POINT('',(1.874743061553E1,1.081808840440E0));
#10270=LINE('',#10269,#10268);
#10271=TRIMMED_CURVE('',#10270,(PARAMETER_VALUE(0.E0)),(PARAMETER_VALUE(1.E0)),
.T.,.UNSPECIFIED.);
#10272=COMPOSITE_CURVE_SEGMENT(.CONTINUOUS.,.T.,#10271);
#10273=DIRECTION('',(9.875969934533E-1,1.570101223555E-1));
#10274=VECTOR('',#10273,1.623703497052E-2);
#10275=CARTESIAN_POINT('',(1.876309931568E1,1.085302574136E0));
#10276=LINE('',#10275,#10274);
#10277=TRIMMED_CURVE('',#10276,(PARAMETER_VALUE(0.E0)),(PARAMETER_VALUE(1.E0)),
.T.,.UNSPECIFIED.);
#10278=COMPOSITE_CURVE_SEGMENT(.CONTINUOUS.,.T.,#10277);
#10279=DIRECTION('',(9.953069275292E-1,9.676838333011E-2));
#10280=VECTOR('',#10279,1.651432179652E-2);
#10281=CARTESIAN_POINT('',(1.877913496260E1,1.087851952983E0));
#10282=LINE('',#10281,#10280);
#10283=TRIMMED_CURVE('',#10282,(PARAMETER_VALUE(0.E0)),(PARAMETER_VALUE(1.E0)),
.T.,.UNSPECIFIED.);
#10284=COMPOSITE_CURVE_SEGMENT(.CONTINUOUS.,.T.,#10283);
#10285=DIRECTION('',(9.992983539721E-1,3.745396839759E-2));
#10286=VECTOR('',#10285,1.688562256938E-2);
#10287=CARTESIAN_POINT('',(1.879557178149E1,1.089450017205E0));
#10288=LINE('',#10287,#10286);
#10289=TRIMMED_CURVE('',#10288,(PARAMETER_VALUE(0.E0)),(PARAMETER_VALUE(1.E0)),
.T.,.UNSPECIFIED.);
#10290=COMPOSITE_CURVE_SEGMENT(.CONTINUOUS.,.T.,#10289);
#10291=DIRECTION('',(9.999912828435E-1,4.175432547589E-3));
#10292=VECTOR('',#10291,2.480292492574E-3);
#10293=CARTESIAN_POINT('',(1.881244555633E1,1.090082450779E0));
#10294=LINE('',#10293,#10292);
#10295=TRIMMED_CURVE('',#10294,(PARAMETER_VALUE(0.E0)),(PARAMETER_VALUE(1.E0)),
.T.,.UNSPECIFIED.);
#10296=COMPOSITE_CURVE_SEGMENT(.CONTINUOUS.,.T.,#10295);
#10297=DIRECTION('',(9.995281954783E-1,-3.071459659255E-2));
#10298=VECTOR('',#10297,1.597450382062E-2);
#10299=CARTESIAN_POINT('',(1.881492582720E1,1.090092807073E0));
#10300=LINE('',#10299,#10298);
#10301=TRIMMED_CURVE('',#10300,(PARAMETER_VALUE(0.E0)),(PARAMETER_VALUE(1.E0)),
.T.,.UNSPECIFIED.);
#10302=COMPOSITE_CURVE_SEGMENT(.CONTINUOUS.,.T.,#10301);
#10303=DIRECTION('',(9.957974487093E-1,-9.158297409514E-2));
#10304=VECTOR('',#10303,1.611396455876E-2);
#10305=CARTESIAN_POINT('',(1.883089279418E1,1.089602156633E0));
#10306=LINE('',#10305,#10304);
#10307=TRIMMED_CURVE('',#10306,(PARAMETER_VALUE(0.E0)),(PARAMETER_VALUE(1.E0)),
.T.,.UNSPECIFIED.);
#10308=COMPOSITE_CURVE_SEGMENT(.CONTINUOUS.,.T.,#10307);
#10309=DIRECTION('',(9.885035020385E-1,-1.511979710766E-1));
#10310=VECTOR('',#10309,1.635760165465E-2);
#10311=CARTESIAN_POINT('',(1.884693903897E1,1.088126391834E0));
#10312=LINE('',#10311,#10310);
#10313=TRIMMED_CURVE('',#10312,(PARAMETER_VALUE(0.E0)),(PARAMETER_VALUE(1.E0)),
.T.,.UNSPECIFIED.);
#10314=COMPOSITE_CURVE_SEGMENT(.CONTINUOUS.,.T.,#10313);
#10315=DIRECTION('',(9.779146640360E-1,-2.090045690013E-1));
#10316=VECTOR('',#10315,1.670854361349E-2);
#10317=CARTESIAN_POINT('',(1.886310858550E1,1.085653155652E0));
#10318=LINE('',#10317,#10316);
#10319=TRIMMED_CURVE('',#10318,(PARAMETER_VALUE(0.E0)),(PARAMETER_VALUE(1.E0)),
.T.,.UNSPECIFIED.);
#10320=COMPOSITE_CURVE_SEGMENT(.CONTINUOUS.,.T.,#10319);
#10321=DIRECTION('',(9.643813503468E-1,-2.645158050161E-1));
#10322=VECTOR('',#10321,1.717136876111E-2);
#10323=CARTESIAN_POINT('',(1.887944811531E1,1.082160993696E0));
#10324=LINE('',#10323,#10322);
#10325=TRIMMED_CURVE('',#10324,(PARAMETER_VALUE(0.E0)),(PARAMETER_VALUE(1.E0)),
.T.,.UNSPECIFIED.);
#10326=COMPOSITE_CURVE_SEGMENT(.CONTINUOUS.,.T.,#10325);
#10327=DIRECTION('',(9.483170184098E-1,-3.173244910094E-1));
#10328=VECTOR('',#10327,1.775271016810E-2);
#10329=CARTESIAN_POINT('',(1.889600786310E1,1.077618895265E0));
#10330=LINE('',#10329,#10328);
#10331=TRIMMED_CURVE('',#10330,(PARAMETER_VALUE(0.E0)),(PARAMETER_VALUE(1.E0)),
.T.,.UNSPECIFIED.);
#10332=COMPOSITE_CURVE_SEGMENT(.CONTINUOUS.,.T.,#10331);
#10333=DIRECTION('',(9.301786317216E-1,-3.671072228770E-1));
#10334=VECTOR('',#10333,1.846223107122E-2);
#10335=CARTESIAN_POINT('',(1.891284306028E1,1.071985525546E0));
#10336=LINE('',#10335,#10334);
#10337=TRIMMED_CURVE('',#10336,(PARAMETER_VALUE(0.E0)),(PARAMETER_VALUE(1.E0)),
.T.,.UNSPECIFIED.);
#10338=COMPOSITE_CURVE_SEGMENT(.CONTINUOUS.,.T.,#10337);
#10339=DIRECTION('',(9.104492901263E-1,-4.136207080266E-1));
#10340=VECTOR('',#10339,1.931426446164E-2);
#10341=CARTESIAN_POINT('',(1.893001623311E1,1.065207907170E0));
#10342=LINE('',#10341,#10340);
#10343=TRIMMED_CURVE('',#10342,(PARAMETER_VALUE(0.E0)),(PARAMETER_VALUE(1.E0)),
.T.,.UNSPECIFIED.);
#10344=COMPOSITE_CURVE_SEGMENT(.CONTINUOUS.,.T.,#10343);
#10345=DIRECTION('',(8.973085235399E-1,-4.414039120610E-1));
#10346=VECTOR('',#10345,5.475749456824E-3);
#10347=CARTESIAN_POINT('',(1.894760089148E1,1.057219127428E0));
#10348=LINE('',#10347,#10346);
#10349=TRIMMED_CURVE('',#10348,(PARAMETER_VALUE(0.E0)),(PARAMETER_VALUE(1.E0)),
.T.,.UNSPECIFIED.);
#10350=COMPOSITE_CURVE_SEGMENT(.CONTINUOUS.,.T.,#10349);
#10351=DIRECTION('',(8.469986458523E-1,-5.315950469337E-1));
#10352=VECTOR('',#10351,1.517896823025E-2);
#10353=CARTESIAN_POINT('',(1.895251432814E1,1.054802110196E0));
#10354=LINE('',#10353,#10352);
#10355=TRIMMED_CURVE('',#10354,(PARAMETER_VALUE(0.E0)),(PARAMETER_VALUE(1.E0)),
.T.,.UNSPECIFIED.);
#10356=COMPOSITE_CURVE_SEGMENT(.CONTINUOUS.,.T.,#10355);
#10357=DIRECTION('',(8.133183815576E-1,-5.818188809419E-1));
#10358=VECTOR('',#10357,1.669138462072E-2);
#10359=CARTESIAN_POINT('',(1.896537089368E1,1.046733045868E0));
#10360=LINE('',#10359,#10358);
#10361=TRIMMED_CURVE('',#10360,(PARAMETER_VALUE(0.E0)),(PARAMETER_VALUE(1.E0)),
.T.,.UNSPECIFIED.);
#10362=COMPOSITE_CURVE_SEGMENT(.CONTINUOUS.,.T.,#10361);
#10363=DIRECTION('',(7.802111008451E-1,-6.255162972442E-1));
#10364=VECTOR('',#10363,1.840858320350E-2);
#10365=CARTESIAN_POINT('',(1.897894630361E1,1.037021683146E0));
#10366=LINE('',#10365,#10364);
#10367=TRIMMED_CURVE('',#10366,(PARAMETER_VALUE(0.E0)),(PARAMETER_VALUE(1.E0)),
.T.,.UNSPECIFIED.);
#10368=COMPOSITE_CURVE_SEGMENT(.CONTINUOUS.,.T.,#10367);
#10369=DIRECTION('',(7.482397351547E-1,-6.634284428147E-1));
#10370=VECTOR('',#10369,2.034289917846E-2);
#10371=CARTESIAN_POINT('',(1.899330888457E1,1.025506814343E0));
#10372=LINE('',#10371,#10370);
#10373=TRIMMED_CURVE('',#10372,(PARAMETER_VALUE(0.E0)),(PARAMETER_VALUE(1.E0)),
.T.,.UNSPECIFIED.);
#10374=COMPOSITE_CURVE_SEGMENT(.CONTINUOUS.,.T.,#10373);
#10375=DIRECTION('',(7.177759893943E-1,-6.962741048245E-1));
#10376=VECTOR('',#10375,2.250885438829E-2);
#10377=CARTESIAN_POINT('',(1.900853025007E1,1.012010756419E0));
#10378=LINE('',#10377,#10376);
#10379=TRIMMED_CURVE('',#10378,(PARAMETER_VALUE(0.E0)),(PARAMETER_VALUE(1.E0)),
.T.,.UNSPECIFIED.);
#10380=COMPOSITE_CURVE_SEGMENT(.CONTINUOUS.,.T.,#10379);
#10381=DIRECTION('',(6.890441787130E-1,-7.247193386282E-1));
#10382=VECTOR('',#10381,2.492364190772E-2);
#10383=CARTESIAN_POINT('',(1.902468656529E1,9.963384239791E-1));
#10384=LINE('',#10383,#10382);
#10385=TRIMMED_CURVE('',#10384,(PARAMETER_VALUE(0.E0)),(PARAMETER_VALUE(1.E0)),
.T.,.UNSPECIFIED.);
#10386=COMPOSITE_CURVE_SEGMENT(.CONTINUOUS.,.T.,#10385);
#10387=DIRECTION('',(6.621596419332E-1,-7.493628017155E-1));
#10388=VECTOR('',#10387,2.760780425724E-2);
#10389=CARTESIAN_POINT('',(1.904186005566E1,9.782757786995E-1));
#10390=LINE('',#10389,#10388);
#10391=TRIMMED_CURVE('',#10390,(PARAMETER_VALUE(0.E0)),(PARAMETER_VALUE(1.E0)),
.T.,.UNSPECIFIED.);
#10392=COMPOSITE_CURVE_SEGMENT(.CONTINUOUS.,.T.,#10391);
#10393=DIRECTION('',(6.371602298539E-1,-7.707313679178E-1));
#10394=VECTOR('',#10393,3.058618143299E-2);
#10395=CARTESIAN_POINT('',(1.906014082944E1,9.575875171521E-1));
#10396=LINE('',#10395,#10394);
#10397=TRIMMED_CURVE('',#10396,(PARAMETER_VALUE(0.E0)),(PARAMETER_VALUE(1.E0)),
.T.,.UNSPECIFIED.);
#10398=COMPOSITE_CURVE_SEGMENT(.CONTINUOUS.,.T.,#10397);
#10399=DIRECTION('',(6.195790550075E-1,-7.849342613213E-1));
#10400=VECTOR('',#10399,1.690454376135E-2);
#10401=CARTESIAN_POINT('',(1.907962912784E1,9.340137876969E-1));
#10402=LINE('',#10401,#10400);
#10403=TRIMMED_CURVE('',#10402,(PARAMETER_VALUE(0.E0)),(PARAMETER_VALUE(1.E0)),
.T.,.UNSPECIFIED.);
#10404=COMPOSITE_CURVE_SEGMENT(.CONTINUOUS.,.T.,#10403);
#10405=DIRECTION('',(-7.841266932609E-1,-6.206007806277E-1));
#10406=VECTOR('',#10405,1.079713549834E-1);
#10407=CARTESIAN_POINT('',(1.909010282909E1,9.207448321266E-1));
#10408=LINE('',#10407,#10406);
#10409=TRIMMED_CURVE('',#10408,(PARAMETER_VALUE(0.E0)),(PARAMETER_VALUE(1.E0)),
.T.,.UNSPECIFIED.);
#10410=COMPOSITE_CURVE_SEGMENT(.CONTINUOUS.,.T.,#10409);
#10411=DIRECTION('',(-5.965585819546E-1,8.025695348668E-1));
#10412=VECTOR('',#10411,1.028919248203E-2);
#10413=CARTESIAN_POINT('',(1.900543960754E1,8.537377249385E-1));
#10414=LINE('',#10413,#10412);
#10415=TRIMMED_CURVE('',#10414,(PARAMETER_VALUE(0.E0)),(PARAMETER_VALUE(1.E0)),
.T.,.UNSPECIFIED.);
#10416=COMPOSITE_CURVE_SEGMENT(.CONTINUOUS.,.T.,#10415);
#10417=DIRECTION('',(-6.156609280861E-1,7.880111811568E-1));
#10418=VECTOR('',#10417,2.694247642161E-2);
#10419=CARTESIAN_POINT('',(1.899930150146E1,8.619955173629E-1));
#10420=LINE('',#10419,#10418);
#10421=TRIMMED_CURVE('',#10420,(PARAMETER_VALUE(0.E0)),(PARAMETER_VALUE(1.E0)),
.T.,.UNSPECIFIED.);
#10422=COMPOSITE_CURVE_SEGMENT(.CONTINUOUS.,.T.,#10421);
#10423=DIRECTION('',(-6.453680715277E-1,7.638717511812E-1));
#10424=VECTOR('',#10423,2.443519817007E-2);
#10425=CARTESIAN_POINT('',(1.898271407142E1,8.832264900312E-1));
#10426=LINE('',#10425,#10424);
#10427=TRIMMED_CURVE('',#10426,(PARAMETER_VALUE(0.E0)),(PARAMETER_VALUE(1.E0)),
.T.,.UNSPECIFIED.);
#10428=COMPOSITE_CURVE_SEGMENT(.CONTINUOUS.,.T.,#10427);
#10429=DIRECTION('',(-6.770327244142E-1,7.359529129450E-1));
#10430=VECTOR('',#10429,2.193727614957E-2);
#10431=CARTESIAN_POINT('',(1.896694437470E1,9.018918476478E-1));
#10432=LINE('',#10431,#10430);
#10433=TRIMMED_CURVE('',#10432,(PARAMETER_VALUE(0.E0)),(PARAMETER_VALUE(1.E0)),
.T.,.UNSPECIFIED.);
#10434=COMPOSITE_CURVE_SEGMENT(.CONTINUOUS.,.T.,#10433);
#10435=DIRECTION('',(-7.108853178650E-1,7.033079445335E-1));
#10436=VECTOR('',#10435,1.948777812389E-2);
#10437=CARTESIAN_POINT('',(1.895209212086E1,9.180366499322E-1));
#10438=LINE('',#10437,#10436);
#10439=TRIMMED_CURVE('',#10438,(PARAMETER_VALUE(0.E0)),(PARAMETER_VALUE(1.E0)),
.T.,.UNSPECIFIED.);
#10440=COMPOSITE_CURVE_SEGMENT(.CONTINUOUS.,.T.,#10439);
#10441=DIRECTION('',(-7.471119465137E-1,6.646982318139E-1));
#10442=VECTOR('',#10441,1.712811197674E-2);
#10443=CARTESIAN_POINT('',(1.893823854552E1,9.317425591080E-1));
#10444=LINE('',#10443,#10442);
#10445=TRIMMED_CURVE('',#10444,(PARAMETER_VALUE(0.E0)),(PARAMETER_VALUE(1.E0)),
.T.,.UNSPECIFIED.);
#10446=COMPOSITE_CURVE_SEGMENT(.CONTINUOUS.,.T.,#10445);
#10447=DIRECTION('',(-7.857792594110E-1,6.185070375343E-1));
#10448=VECTOR('',#10447,1.489928919358E-2);
#10449=CARTESIAN_POINT('',(1.892544192844E1,9.431275848533E-1));
#10450=LINE('',#10449,#10448);
#10451=TRIMMED_CURVE('',#10450,(PARAMETER_VALUE(0.E0)),(PARAMETER_VALUE(1.E0)),
.T.,.UNSPECIFIED.);
#10452=COMPOSITE_CURVE_SEGMENT(.CONTINUOUS.,.T.,#10451);
#10453=DIRECTION('',(-8.266996894862E-1,5.626434247402E-1));
#10454=VECTOR('',#10453,1.283912951717E-2);
#10455=CARTESIAN_POINT('',(1.891373437601E1,9.523429000738E-1));
#10456=LINE('',#10455,#10454);
#10457=TRIMMED_CURVE('',#10456,(PARAMETER_VALUE(0.E0)),(PARAMETER_VALUE(1.E0)),
.T.,.UNSPECIFIED.);
#10458=COMPOSITE_CURVE_SEGMENT(.CONTINUOUS.,.T.,#10457);
#10459=DIRECTION('',(-9.014431254248E-1,4.328975532668E-1));
#10460=VECTOR('',#10459,1.331941083186E-2);
#10461=CARTESIAN_POINT('',(1.890312027162E1,9.595667518760E-1));
#10462=LINE('',#10461,#10460);
#10463=TRIMMED_CURVE('',#10462,(PARAMETER_VALUE(0.E0)),(PARAMETER_VALUE(1.E0)),
.T.,.UNSPECIFIED.);
#10464=COMPOSITE_CURVE_SEGMENT(.CONTINUOUS.,.T.,#10463);
#10465=DIRECTION('',(-9.196825240062E-1,3.926627752124E-1));
#10466=VECTOR('',#10465,1.579351820746E-2);
#10467=CARTESIAN_POINT('',(1.889111358029E1,9.653326922361E-1));
#10468=LINE('',#10467,#10466);
#10469=TRIMMED_CURVE('',#10468,(PARAMETER_VALUE(0.E0)),(PARAMETER_VALUE(1.E0)),
.T.,.UNSPECIFIED.);
#10470=COMPOSITE_CURVE_SEGMENT(.CONTINUOUS.,.T.,#10469);
#10471=DIRECTION('',(-9.416380359692E-1,3.366271070725E-1));
#10472=VECTOR('',#10471,1.414013964646E-2);
#10473=CARTESIAN_POINT('',(1.887658855761E1,9.715342189258E-1));
#10474=LINE('',#10473,#10472);
#10475=TRIMMED_CURVE('',#10474,(PARAMETER_VALUE(0.E0)),(PARAMETER_VALUE(1.E0)),
.T.,.UNSPECIFIED.);
#10476=COMPOSITE_CURVE_SEGMENT(.CONTINUOUS.,.T.,#10475);
#10477=DIRECTION('',(-9.623478770241E-1,2.718208299363E-1));
#10478=VECTOR('',#10477,1.306232092631E-2);
#10479=CARTESIAN_POINT('',(1.886327366428E1,9.762941732286E-1));
#10480=LINE('',#10479,#10478);
#10481=TRIMMED_CURVE('',#10480,(PARAMETER_VALUE(0.E0)),(PARAMETER_VALUE(1.E0)),
.T.,.UNSPECIFIED.);
#10482=COMPOSITE_CURVE_SEGMENT(.CONTINUOUS.,.T.,#10481);
#10483=DIRECTION('',(-9.798383716917E-1,1.997918050386E-1));
#10484=VECTOR('',#10483,1.236698921339E-2);
#10485=CARTESIAN_POINT('',(1.885070316747E1,9.798447841436E-1));
#10486=LINE('',#10485,#10484);
#10487=TRIMMED_CURVE('',#10486,(PARAMETER_VALUE(0.E0)),(PARAMETER_VALUE(1.E0)),
.T.,.UNSPECIFIED.);
#10488=COMPOSITE_CURVE_SEGMENT(.CONTINUOUS.,.T.,#10487);
#10489=DIRECTION('',(-9.924982172765E-1,1.222591047854E-1));
#10490=VECTOR('',#10489,1.196162694852E-2);
#10491=CARTESIAN_POINT('',(1.883858551690E1,9.823156072415E-1));
#10492=LINE('',#10491,#10490);
#10493=TRIMMED_CURVE('',#10492,(PARAMETER_VALUE(0.E0)),(PARAMETER_VALUE(1.E0)),
.T.,.UNSPECIFIED.);
#10494=COMPOSITE_CURVE_SEGMENT(.CONTINUOUS.,.T.,#10493);
#10495=DIRECTION('',(-9.991520176739E-1,4.117336005513E-2));
#10496=VECTOR('',#10495,1.179780059856E-2);
#10497=CARTESIAN_POINT('',(1.882671362347E1,9.837780250440E-1));
#10498=LINE('',#10497,#10496);
#10499=TRIMMED_CURVE('',#10498,(PARAMETER_VALUE(0.E0)),(PARAMETER_VALUE(1.E0)),
.T.,.UNSPECIFIED.);
#10500=COMPOSITE_CURVE_SEGMENT(.CONTINUOUS.,.T.,#10499);
#10501=DIRECTION('',(-9.993367426375E-1,-3.641531016873E-2));
#10502=VECTOR('',#10501,1.350395014084E-2);
#10503=CARTESIAN_POINT('',(1.881492582720E1,9.842637801359E-1));
#10504=LINE('',#10503,#10502);
#10505=TRIMMED_CURVE('',#10504,(PARAMETER_VALUE(0.E0)),(PARAMETER_VALUE(1.E0)),
.T.,.UNSPECIFIED.);
#10506=COMPOSITE_CURVE_SEGMENT(.CONTINUOUS.,.T.,#10505);
#10507=DIRECTION('',(-9.937805906056E-1,-1.113559057059E-1));
#10508=VECTOR('',#10507,1.306292010593E-2);
#10509=CARTESIAN_POINT('',(1.880143083365E1,9.837720296030E-1));
#10510=LINE('',#10509,#10508);
#10511=TRIMMED_CURVE('',#10510,(PARAMETER_VALUE(0.E0)),(PARAMETER_VALUE(1.E0)),
.T.,.UNSPECIFIED.);
#10512=COMPOSITE_CURVE_SEGMENT(.CONTINUOUS.,.T.,#10511);
#10513=DIRECTION('',(-9.821629463222E-1,-1.880317709106E-1));
#10514=VECTOR('',#10513,1.271387149627E-2);
#10515=CARTESIAN_POINT('',(1.878844915720E1,9.823173963034E-1));
#10516=LINE('',#10515,#10514);
#10517=TRIMMED_CURVE('',#10516,(PARAMETER_VALUE(0.E0)),(PARAMETER_VALUE(1.E0)),
.T.,.UNSPECIFIED.);
#10518=COMPOSITE_CURVE_SEGMENT(.CONTINUOUS.,.T.,#10517);
#10519=DIRECTION('',(-9.641601781987E-1,-2.653208449707E-1));
#10520=VECTOR('',#10519,1.245030602453E-2);
#10521=CARTESIAN_POINT('',(1.877596206371E1,9.799267845309E-1));
#10522=LINE('',#10521,#10520);
#10523=TRIMMED_CURVE('',#10522,(PARAMETER_VALUE(0.E0)),(PARAMETER_VALUE(1.E0)),
.T.,.UNSPECIFIED.);
#10524=COMPOSITE_CURVE_SEGMENT(.CONTINUOUS.,.T.,#10523);
#10525=DIRECTION('',(-9.396896903748E-1,-3.420281944566E-1));
#10526=VECTOR('',#10525,1.228910089500E-2);
#10527=CARTESIAN_POINT('',(1.876395797443E1,9.766234588163E-1));
#10528=LINE('',#10527,#10526);
#10529=TRIMMED_CURVE('',#10528,(PARAMETER_VALUE(0.E0)),(PARAMETER_VALUE(1.E0)),
.T.,.UNSPECIFIED.);
#10530=COMPOSITE_CURVE_SEGMENT(.CONTINUOUS.,.T.,#10529);
#10531=DIRECTION('',(-9.089126293557E-1,-4.169866091348E-1));
#10532=VECTOR('',#10531,1.222888603078E-2);
#10533=CARTESIAN_POINT('',(1.875241003302E1,9.724202398257E-1));
#10534=LINE('',#10533,#10532);
#10535=TRIMMED_CURVE('',#10534,(PARAMETER_VALUE(0.E0)),(PARAMETER_VALUE(1.E0)),
.T.,.UNSPECIFIED.);
#10536=COMPOSITE_CURVE_SEGMENT(.CONTINUOUS.,.T.,#10535);
#10537=DIRECTION('',(-8.722376528709E-1,-4.890822803110E-1));
#10538=VECTOR('',#10537,1.226810349210E-2);
#10539=CARTESIAN_POINT('',(1.874129504406E1,9.673209581062E-1));
#10540=LINE('',#10539,#10538);
#10541=TRIMMED_CURVE('',#10540,(PARAMETER_VALUE(0.E0)),(PARAMETER_VALUE(1.E0)),
.T.,.UNSPECIFIED.);
#10542=COMPOSITE_CURVE_SEGMENT(.CONTINUOUS.,.T.,#10541);
#10543=DIRECTION('',(-8.302923001613E-1,-5.573281764749E-1));
#10544=VECTOR('',#10543,1.240495880240E-2);
#10545=CARTESIAN_POINT('',(1.873059434227E1,9.613208460752E-1));
#10546=LINE('',#10545,#10544);
#10547=TRIMMED_CURVE('',#10546,(PARAMETER_VALUE(0.E0)),(PARAMETER_VALUE(1.E0)),
.T.,.UNSPECIFIED.);
#10548=COMPOSITE_CURVE_SEGMENT(.CONTINUOUS.,.T.,#10547);
#10549=DIRECTION('',(-7.838721188833E-1,-6.209222988728E-1));
#10550=VECTOR('',#10549,1.263735271371E-2);
#10551=CARTESIAN_POINT('',(1.872029460049E1,9.544072130066E-1));
#10552=LINE('',#10551,#10550);
#10553=TRIMMED_CURVE('',#10552,(PARAMETER_VALUE(0.E0)),(PARAMETER_VALUE(1.E0)),
.T.,.UNSPECIFIED.);
#10554=COMPOSITE_CURVE_SEGMENT(.CONTINUOUS.,.T.,#10553);
#10555=DIRECTION('',(-7.559677569407E-1,-6.546088530306E-1));
#10556=VECTOR('',#10555,1.708712792838E-3);
#10557=CARTESIAN_POINT('',(1.871038853204E1,9.465603989079E-1));
#10558=LINE('',#10557,#10556);
#10559=TRIMMED_CURVE('',#10558,(PARAMETER_VALUE(0.E0)),(PARAMETER_VALUE(1.E0)),
.T.,.UNSPECIFIED.);
#10560=COMPOSITE_CURVE_SEGMENT(.CONTINUOUS.,.T.,#10559);
#10561=DIRECTION('',(-7.029233801329E-1,-7.112655774481E-1));
#10562=VECTOR('',#10561,1.725271155544E-3);
#10563=CARTESIAN_POINT('',(1.870909680026E1,9.454418603865E-1));
#10564=LINE('',#10563,#10562);
#10565=TRIMMED_CURVE('',#10564,(PARAMETER_VALUE(0.E0)),(PARAMETER_VALUE(1.E0)),
.T.,.UNSPECIFIED.);
#10566=COMPOSITE_CURVE_SEGMENT(.CONTINUOUS.,.T.,#10565);
#10567=COMPOSITE_CURVE('',(#9378,#9384,#9390,#9396,#9402,#9408,#9414,#9420,
#9426,#9432,#9438,#9444,#9450,#9456,#9462,#9468,#9474,#9480,#9486,#9492,#9498,
#9504,#9510,#9516,#9522,#9528,#9534,#9540,#9546,#9552,#9558,#9564,#9570,#9576,
#9582,#9588,#9594,#9600,#9606,#9612,#9618,#9624,#9630,#9636,#9642,#9648,#9654,
#9660,#9666,#9672,#9678,#9684,#9690,#9696,#9702,#9708,#9714,#9720,#9726,#9732,
#9738,#9744,#9750,#9756,#9762,#9768,#9774,#9780,#9786,#9792,#9798,#9804,#9810,
#9816,#9822,#9828,#9834,#9840,#9846,#9852,#9858,#9864,#9870,#9876,#9882,#9888,
#9894,#9900,#9906,#9912,#9918,#9924,#9930,#9936,#9942,#9948,#9954,#9960,#9966,
#9972,#9978,#9984,#9990,#9996,#10002,#10008,#10014,#10020,#10026,#10032,#10038,
#10044,#10050,#10056,#10062,#10068,#10074,#10080,#10086,#10092,#10098,#10104,
#10110,#10116,#10122,#10128,#10134,#10140,#10146,#10152,#10158,#10164,#10170,
#10176,#10182,#10188,#10194,#10200,#10206,#10212,#10218,#10224,#10230,#10236,
#10242,#10248,#10254,#10260,#10266,#10272,#10278,#10284,#10290,#10296,#10302,
#10308,#10314,#10320,#10326,#10332,#10338,#10344,#10350,#10356,#10362,#10368,
#10374,#10380,#10386,#10392,#10398,#10404,#10410,#10416,#10422,#10428,#10434,
#10440,#10446,#10452,#10458,#10464,#10470,#10476,#10482,#10488,#10494,#10500,
#10506,#10512,#10518,#10524,#10530,#10536,#10542,#10548,#10554,#10560,#10566),
.F.);
#10568=(ANNOTATION_CURVE_OCCURRENCE()ANNOTATION_OCCURRENCE()DRAUGHTING_ANNOTATION_OCCURRENCE()GEOMETRIC_REPRESENTATION_ITEM()REPRESENTATION_ITEM('')STYLED_ITEM((
#41),#10567));
#10569=DIRECTION('',(-6.685299809924E-1,-7.436851918079E-1));
#10570=VECTOR('',#10569,1.174513645717E-2);
#10571=CARTESIAN_POINT('',(1.870788406683E1,9.442147344018E-1));
#10572=LINE('',#10571,#10570);
#10573=TRIMMED_CURVE('',#10572,(PARAMETER_VALUE(0.E0)),(PARAMETER_VALUE(1.E0)),
.T.,.UNSPECIFIED.);
#10574=COMPOSITE_CURVE_SEGMENT(.CONTINUOUS.,.T.,#10573);
#10575=DIRECTION('',(-6.030648119832E-1,-7.976921916051E-1));
#10576=VECTOR('',#10575,1.144316308494E-2);
#10577=CARTESIAN_POINT('',(1.870003209098E1,9.354800503428E-1));
#10578=LINE('',#10577,#10576);
#10579=TRIMMED_CURVE('',#10578,(PARAMETER_VALUE(0.E0)),(PARAMETER_VALUE(1.E0)),
.T.,.UNSPECIFIED.);
#10580=COMPOSITE_CURVE_SEGMENT(.CONTINUOUS.,.T.,#10579);
#10581=DIRECTION('',(-5.314707939172E-1,-8.470766170855E-1));
#10582=VECTOR('',#10581,1.124741406343E-2);
#10583=CARTESIAN_POINT('',(1.869313112198E1,9.263519285027E-1));
#10584=LINE('',#10583,#10582);
#10585=TRIMMED_CURVE('',#10584,(PARAMETER_VALUE(0.E0)),(PARAMETER_VALUE(1.E0)),
.T.,.UNSPECIFIED.);
#10586=COMPOSITE_CURVE_SEGMENT(.CONTINUOUS.,.T.,#10585);
#10587=DIRECTION('',(-4.546379806344E-1,-8.906763197507E-1));
#10588=VECTOR('',#10587,1.116020875328E-2);
#10589=CARTESIAN_POINT('',(1.868715344990E1,9.168245070469E-1));
#10590=LINE('',#10589,#10588);
#10591=TRIMMED_CURVE('',#10590,(PARAMETER_VALUE(0.E0)),(PARAMETER_VALUE(1.E0)),
.T.,.UNSPECIFIED.);
#10592=COMPOSITE_CURVE_SEGMENT(.CONTINUOUS.,.T.,#10591);
#10593=DIRECTION('',(-3.737611509117E-1,-9.275249873018E-1));
#10594=VECTOR('',#10593,1.118353105239E-2);
#10595=CARTESIAN_POINT('',(1.868207959513E1,9.068843733869E-1));
#10596=LINE('',#10595,#10594);
#10597=TRIMMED_CURVE('',#10596,(PARAMETER_VALUE(0.E0)),(PARAMETER_VALUE(1.E0)),
.T.,.UNSPECIFIED.);
#10598=COMPOSITE_CURVE_SEGMENT(.CONTINUOUS.,.T.,#10597);
#10599=DIRECTION('',(-2.902628976759E-1,-9.569469422245E-1));
#10600=VECTOR('',#10599,1.131911538214E-2);
#10601=CARTESIAN_POINT('',(1.867789962569E1,8.965113688895E-1));
#10602=LINE('',#10601,#10600);
#10603=TRIMMED_CURVE('',#10602,(PARAMETER_VALUE(0.E0)),(PARAMETER_VALUE(1.E0)),
.T.,.UNSPECIFIED.);
#10604=COMPOSITE_CURVE_SEGMENT(.CONTINUOUS.,.T.,#10603);
#10605=DIRECTION('',(-2.269100114304E-1,-9.739157287531E-1));
#10606=VECTOR('',#10605,5.748971063589E-3);
#10607=CARTESIAN_POINT('',(1.867461410646E1,8.856795760359E-1));
#10608=LINE('',#10607,#10606);
#10609=TRIMMED_CURVE('',#10608,(PARAMETER_VALUE(0.E0)),(PARAMETER_VALUE(1.E0)),
.T.,.UNSPECIFIED.);
#10610=COMPOSITE_CURVE_SEGMENT(.CONTINUOUS.,.T.,#10609);
#10611=DIRECTION('',(-1.846282546374E-1,-9.828084287335E-1));
#10612=VECTOR('',#10611,5.822232513500E-3);
#10613=CARTESIAN_POINT('',(1.867330960737E1,8.800805626929E-1));
#10614=LINE('',#10613,#10612);
#10615=TRIMMED_CURVE('',#10614,(PARAMETER_VALUE(0.E0)),(PARAMETER_VALUE(1.E0)),
.T.,.UNSPECIFIED.);
#10616=COMPOSITE_CURVE_SEGMENT(.CONTINUOUS.,.T.,#10615);
#10617=DIRECTION('',(-1.216618796561E-1,-9.925716029781E-1));
#10618=VECTOR('',#10617,1.190211461283E-2);
#10619=CARTESIAN_POINT('',(1.867223465875E1,8.743584235046E-1));
#10620=LINE('',#10619,#10618);
#10621=TRIMMED_CURVE('',#10620,(PARAMETER_VALUE(0.E0)),(PARAMETER_VALUE(1.E0)),
.T.,.UNSPECIFIED.);
#10622=COMPOSITE_CURVE_SEGMENT(.CONTINUOUS.,.T.,#10621);
#10623=DIRECTION('',(-3.969991394863E-2,-9.992116476665E-1));
#10624=VECTOR('',#10623,1.234795499753E-2);
#10625=CARTESIAN_POINT('',(1.867078662511E1,8.625447225245E-1));
#10626=LINE('',#10625,#10624);
#10627=TRIMMED_CURVE('',#10626,(PARAMETER_VALUE(0.E0)),(PARAMETER_VALUE(1.E0)),
.T.,.UNSPECIFIED.);
#10628=COMPOSITE_CURVE_SEGMENT(.CONTINUOUS.,.T.,#10627);
#10629=DIRECTION('',(2.257297179914E-2,-9.997451980101E-1));
#10630=VECTOR('',#10629,8.241310892489E-3);
#10631=CARTESIAN_POINT('',(1.867029641236E1,8.502065020661E-1));
#10632=LINE('',#10631,#10630);
#10633=TRIMMED_CURVE('',#10632,(PARAMETER_VALUE(0.E0)),(PARAMETER_VALUE(1.E0)),
.T.,.UNSPECIFIED.);
#10634=COMPOSITE_CURVE_SEGMENT(.CONTINUOUS.,.T.,#10633);
#10635=DIRECTION('',(8.356072094326E-2,-9.965026873599E-1));
#10636=VECTOR('',#10635,1.210186503243E-2);
#10637=CARTESIAN_POINT('',(1.867048244324E1,8.419672910760E-1));
#10638=LINE('',#10637,#10636);
#10639=TRIMMED_CURVE('',#10638,(PARAMETER_VALUE(0.E0)),(PARAMETER_VALUE(1.E0)),
.T.,.UNSPECIFIED.);
#10640=COMPOSITE_CURVE_SEGMENT(.CONTINUOUS.,.T.,#10639);
#10641=DIRECTION('',(1.62650703E-1,-9.866837126524E-1));
#10642=VECTOR('',#10641,1.154869755934E-2);
#10643=CARTESIAN_POINT('',(1.867149368381E1,8.299077500491E-1));
#10644=LINE('',#10643,#10642);
#10645=TRIMMED_CURVE('',#10644,(PARAMETER_VALUE(0.E0)),(PARAMETER_VALUE(1.E0)),
.T.,.UNSPECIFIED.);
#10646=COMPOSITE_CURVE_SEGMENT(.CONTINUOUS.,.T.,#10645);
#10647=DIRECTION('',(2.447117559665E-1,-9.695958727696E-1));
#10648=VECTOR('',#10647,1.125440024151E-2);
#10649=CARTESIAN_POINT('',(1.867337208758E1,8.185128382650E-1));
#10650=LINE('',#10649,#10648);
#10651=TRIMMED_CURVE('',#10650,(PARAMETER_VALUE(0.E0)),(PARAMETER_VALUE(1.E0)),
.T.,.UNSPECIFIED.);
#10652=COMPOSITE_CURVE_SEGMENT(.CONTINUOUS.,.T.,#10651);
#10653=DIRECTION('',(3.272754920766E-1,-9.449289667938E-1));
#10654=VECTOR('',#10653,1.118138290971E-2);
#10655=CARTESIAN_POINT('',(1.867612617163E1,8.076006182403E-1));
#10656=LINE('',#10655,#10654);
#10657=TRIMMED_CURVE('',#10656,(PARAMETER_VALUE(0.E0)),(PARAMETER_VALUE(1.E0)),
.T.,.UNSPECIFIED.);
#10658=COMPOSITE_CURVE_SEGMENT(.CONTINUOUS.,.T.,#10657);
#10659=DIRECTION('',(4.079768371838E-1,-9.129922783472E-1));
#10660=VECTOR('',#10659,1.130997488309E-2);
#10661=CARTESIAN_POINT('',(1.867978556422E1,7.970350056401E-1));
#10662=LINE('',#10661,#10660);
#10663=TRIMMED_CURVE('',#10662,(PARAMETER_VALUE(0.E0)),(PARAMETER_VALUE(1.E0)),
.T.,.UNSPECIFIED.);
#10664=COMPOSITE_CURVE_SEGMENT(.CONTINUOUS.,.T.,#10663);
#10665=DIRECTION('',(4.798729663192E-1,-8.773379828755E-1));
#10666=VECTOR('',#10665,1.400217355471E-2);
#10667=CARTESIAN_POINT('',(1.868439977200E1,7.867090859036E-1));
#10668=LINE('',#10667,#10666);
#10669=TRIMMED_CURVE('',#10668,(PARAMETER_VALUE(0.E0)),(PARAMETER_VALUE(1.E0)),
.T.,.UNSPECIFIED.);
#10670=COMPOSITE_CURVE_SEGMENT(.CONTINUOUS.,.T.,#10669);
#10671=DIRECTION('',(5.375869150566E-1,-8.432083424397E-1));
#10672=VECTOR('',#10671,1.548185396913E-2);
#10673=CARTESIAN_POINT('',(1.869111903656E1,7.744244472012E-1));
#10674=LINE('',#10673,#10672);
#10675=TRIMMED_CURVE('',#10674,(PARAMETER_VALUE(0.E0)),(PARAMETER_VALUE(1.E0)),
.T.,.UNSPECIFIED.);
#10676=COMPOSITE_CURVE_SEGMENT(.CONTINUOUS.,.T.,#10675);
#10677=DIRECTION('',(5.722723239248E-1,-8.200636483041E-1));
#10678=VECTOR('',#10677,5.537531916210E-3);
#10679=CARTESIAN_POINT('',(1.869944187868E1,7.613700187780E-1));
#10680=LINE('',#10679,#10678);
#10681=TRIMMED_CURVE('',#10680,(PARAMETER_VALUE(0.E0)),(PARAMETER_VALUE(1.E0)),
.T.,.UNSPECIFIED.);
#10682=COMPOSITE_CURVE_SEGMENT(.CONTINUOUS.,.T.,#10681);
#10683=DIRECTION('',(6.045740217367E-1,-7.965489641203E-1));
#10684=VECTOR('',#10683,1.700451531796E-2);
#10685=CARTESIAN_POINT('',(1.870261085494E1,7.568288901522E-1));
#10686=LINE('',#10685,#10684);
#10687=TRIMMED_CURVE('',#10686,(PARAMETER_VALUE(0.E0)),(PARAMETER_VALUE(1.E0)),
.T.,.UNSPECIFIED.);
#10688=COMPOSITE_CURVE_SEGMENT(.CONTINUOUS.,.T.,#10687);
#10689=DIRECTION('',(6.485475948605E-1,-7.611741043945E-1));
#10690=VECTOR('',#10689,1.789949207953E-2);
#10691=CARTESIAN_POINT('',(1.871289134315E1,7.432839610903E-1));
#10692=LINE('',#10691,#10690);
#10693=TRIMMED_CURVE('',#10692,(PARAMETER_VALUE(0.E0)),(PARAMETER_VALUE(1.E0)),
.T.,.UNSPECIFIED.);
#10694=COMPOSITE_CURVE_SEGMENT(.CONTINUOUS.,.T.,#10693);
#10695=DIRECTION('',(6.884794874846E-1,-7.252558137050E-1));
#10696=VECTOR('',#10695,1.862805783277E-2);
#10697=CARTESIAN_POINT('',(1.872450001569E1,7.296593312376E-1));
#10698=LINE('',#10697,#10696);
#10699=TRIMMED_CURVE('',#10698,(PARAMETER_VALUE(0.E0)),(PARAMETER_VALUE(1.E0)),
.T.,.UNSPECIFIED.);
#10700=COMPOSITE_CURVE_SEGMENT(.CONTINUOUS.,.T.,#10699);
#10701=DIRECTION('',(6.571152340153E-1,-7.537901360624E-1));
#10702=VECTOR('',#10701,6.706498718829E-3);
#10703=CARTESIAN_POINT('',(1.873732505140E1,7.161492239963E-1));
#10704=LINE('',#10703,#10702);
#10705=TRIMMED_CURVE('',#10704,(PARAMETER_VALUE(0.E0)),(PARAMETER_VALUE(1.E0)),
.T.,.UNSPECIFIED.);
#10706=COMPOSITE_CURVE_SEGMENT(.CONTINUOUS.,.T.,#10705);
#10707=DIRECTION('',(7.254752452877E-1,-6.882482607858E-1));
#10708=VECTOR('',#10707,1.145207484918E-2);
#10709=CARTESIAN_POINT('',(1.874173199387E1,7.110939314145E-1));
#10710=LINE('',#10709,#10708);
#10711=TRIMMED_CURVE('',#10710,(PARAMETER_VALUE(0.E0)),(PARAMETER_VALUE(1.E0)),
.T.,.UNSPECIFIED.);
#10712=COMPOSITE_CURVE_SEGMENT(.CONTINUOUS.,.T.,#10711);
#10713=DIRECTION('',(7.648928722030E-1,-6.441575071775E-1));
#10714=VECTOR('',#10713,1.814953188658E-2);
#10715=CARTESIAN_POINT('',(1.875004019068E1,7.032120608172E-1));
#10716=LINE('',#10715,#10714);
#10717=TRIMMED_CURVE('',#10716,(PARAMETER_VALUE(0.E0)),(PARAMETER_VALUE(1.E0)),
.T.,.UNSPECIFIED.);
#10718=COMPOSITE_CURVE_SEGMENT(.CONTINUOUS.,.T.,#10717);
#10719=DIRECTION('',(7.897490932756E-1,-6.134300038883E-1));
#10720=VECTOR('',#10719,2.695829248536E-2);
#10721=CARTESIAN_POINT('',(1.876392263826E1,6.915209036007E-1));
#10722=LINE('',#10721,#10720);
#10723=TRIMMED_CURVE('',#10722,(PARAMETER_VALUE(0.E0)),(PARAMETER_VALUE(1.E0)),
.T.,.UNSPECIFIED.);
#10724=COMPOSITE_CURVE_SEGMENT(.CONTINUOUS.,.T.,#10723);
#10725=DIRECTION('',(8.066182169841E-1,-5.910727975718E-1));
#10726=VECTOR('',#10725,3.784565016854E-2);
#10727=CARTESIAN_POINT('',(1.878521292530E1,6.749838781366E-1));
#10728=LINE('',#10727,#10726);
#10729=TRIMMED_CURVE('',#10728,(PARAMETER_VALUE(0.E0)),(PARAMETER_VALUE(1.E0)),
.T.,.UNSPECIFIED.);
#10730=COMPOSITE_CURVE_SEGMENT(.CONTINUOUS.,.T.,#10729);
#10731=DIRECTION('',(8.187966454597E-1,-5.740836640977E-1));
#10732=VECTOR('',#10731,5.053395181829E-2);
#10733=CARTESIAN_POINT('',(1.881573991616E1,6.526143438155E-1));
#10734=LINE('',#10733,#10732);
#10735=TRIMMED_CURVE('',#10734,(PARAMETER_VALUE(0.E0)),(PARAMETER_VALUE(1.E0)),
.T.,.UNSPECIFIED.);
#10736=COMPOSITE_CURVE_SEGMENT(.CONTINUOUS.,.T.,#10735);
#10737=DIRECTION('',(8.249509673602E-1,-5.652043006308E-1));
#10738=VECTOR('',#10737,1.729240117082E-2);
#10739=CARTESIAN_POINT('',(1.885711694639E1,6.236036275944E-1));
#10740=LINE('',#10739,#10738);
#10741=TRIMMED_CURVE('',#10740,(PARAMETER_VALUE(0.E0)),(PARAMETER_VALUE(1.E0)),
.T.,.UNSPECIFIED.);
#10742=COMPOSITE_CURVE_SEGMENT(.CONTINUOUS.,.T.,#10741);
#10743=DIRECTION('',(7.914201170049E-1,-6.112726056351E-1));
#10744=VECTOR('',#10743,2.918462504502E-2);
#10745=CARTESIAN_POINT('',(1.887138232947E1,6.138298880844E-1));
#10746=LINE('',#10745,#10744);
#10747=TRIMMED_CURVE('',#10746,(PARAMETER_VALUE(0.E0)),(PARAMETER_VALUE(1.E0)),
.T.,.UNSPECIFIED.);
#10748=COMPOSITE_CURVE_SEGMENT(.CONTINUOUS.,.T.,#10747);
#10749=DIRECTION('',(7.788526223290E-1,-6.272069775531E-1));
#10750=VECTOR('',#10749,3.777973708677E-2);
#10751=CARTESIAN_POINT('',(1.889447962883E1,5.959901262886E-1));
#10752=LINE('',#10751,#10750);
#10753=TRIMMED_CURVE('',#10752,(PARAMETER_VALUE(0.E0)),(PARAMETER_VALUE(1.E0)),
.T.,.UNSPECIFIED.);
#10754=COMPOSITE_CURVE_SEGMENT(.CONTINUOUS.,.T.,#10753);
#10755=DIRECTION('',(7.619393608857E-1,-6.476483693588E-1));
#10756=VECTOR('',#10755,3.384589135673E-2);
#10757=CARTESIAN_POINT('',(1.892390447613E1,5.722944115777E-1));
#10758=LINE('',#10757,#10756);
#10759=TRIMMED_CURVE('',#10758,(PARAMETER_VALUE(0.E0)),(PARAMETER_VALUE(1.E0)),
.T.,.UNSPECIFIED.);
#10760=COMPOSITE_CURVE_SEGMENT(.CONTINUOUS.,.T.,#10759);
#10761=DIRECTION('',(7.423950761684E-1,-6.699623503458E-1));
#10762=VECTOR('',#10761,3.034475284033E-2);
#10763=CARTESIAN_POINT('',(1.894969299296E1,5.503741752310E-1));
#10764=LINE('',#10763,#10762);
#10765=TRIMMED_CURVE('',#10764,(PARAMETER_VALUE(0.E0)),(PARAMETER_VALUE(1.E0)),
.T.,.UNSPECIFIED.);
#10766=COMPOSITE_CURVE_SEGMENT(.CONTINUOUS.,.T.,#10765);
#10767=DIRECTION('',(7.197939186280E-1,-6.941878093903E-1));
#10768=VECTOR('',#10767,2.722071688052E-2);
#10769=CARTESIAN_POINT('',(1.897222078806E1,5.300443332974E-1));
#10770=LINE('',#10769,#10768);
#10771=TRIMMED_CURVE('',#10770,(PARAMETER_VALUE(0.E0)),(PARAMETER_VALUE(1.E0)),
.T.,.UNSPECIFIED.);
#10772=COMPOSITE_CURVE_SEGMENT(.CONTINUOUS.,.T.,#10771);
#10773=DIRECTION('',(6.936369215666E-1,-7.203248024604E-1));
#10774=VECTOR('',#10773,2.443088862292E-2);
#10775=CARTESIAN_POINT('',(1.899181409453E1,5.111480434761E-1));
#10776=LINE('',#10775,#10774);
#10777=TRIMMED_CURVE('',#10776,(PARAMETER_VALUE(0.E0)),(PARAMETER_VALUE(1.E0)),
.T.,.UNSPECIFIED.);
#10778=COMPOSITE_CURVE_SEGMENT(.CONTINUOUS.,.T.,#10777);
#10779=DIRECTION('',(6.633463607526E-1,-7.483125053588E-1));
#10780=VECTOR('',#10779,2.194147044454E-2);
#10781=CARTESIAN_POINT('',(1.900876026091E1,4.935498684549E-1));
#10782=LINE('',#10781,#10780);
#10783=TRIMMED_CURVE('',#10782,(PARAMETER_VALUE(0.E0)),(PARAMETER_VALUE(1.E0)),
.T.,.UNSPECIFIED.);
#10784=COMPOSITE_CURVE_SEGMENT(.CONTINUOUS.,.T.,#10783);
#10785=DIRECTION('',(6.282641902810E-1,-7.780000689014E-1));
#10786=VECTOR('',#10785,1.972534707717E-2);
#10787=CARTESIAN_POINT('',(1.902331505548E1,4.771307917353E-1));
#10788=LINE('',#10787,#10786);
#10789=TRIMMED_CURVE('',#10788,(PARAMETER_VALUE(0.E0)),(PARAMETER_VALUE(1.E0)),
.T.,.UNSPECIFIED.);
#10790=COMPOSITE_CURVE_SEGMENT(.CONTINUOUS.,.T.,#10789);
#10791=DIRECTION('',(5.876581655517E-1,-8.091093130476E-1));
#10792=VECTOR('',#10791,1.776043443343E-2);
#10793=CARTESIAN_POINT('',(1.903570778468E1,4.617844703501E-1));
#10794=LINE('',#10793,#10792);
#10795=TRIMMED_CURVE('',#10794,(PARAMETER_VALUE(0.E0)),(PARAMETER_VALUE(1.E0)),
.T.,.UNSPECIFIED.);
#10796=COMPOSITE_CURVE_SEGMENT(.CONTINUOUS.,.T.,#10795);
#10797=DIRECTION('',(5.407408847451E-1,-8.411892150789E-1));
#10798=VECTOR('',#10797,1.602853316540E-2);
#10799=CARTESIAN_POINT('',(1.904614484900E1,4.474143374463E-1));
#10800=LINE('',#10799,#10798);
#10801=TRIMMED_CURVE('',#10800,(PARAMETER_VALUE(0.E0)),(PARAMETER_VALUE(1.E0)),
.T.,.UNSPECIFIED.);
#10802=COMPOSITE_CURVE_SEGMENT(.CONTINUOUS.,.T.,#10801);
#10803=DIRECTION('',(5.774464826666E-1,-8.164285392219E-1));
#10804=VECTOR('',#10803,3.204276851791E-3);
#10805=CARTESIAN_POINT('',(1.905481213221E1,4.339313082140E-1));
#10806=LINE('',#10805,#10804);
#10807=TRIMMED_CURVE('',#10806,(PARAMETER_VALUE(0.E0)),(PARAMETER_VALUE(1.E0)),
.T.,.UNSPECIFIED.);
#10808=COMPOSITE_CURVE_SEGMENT(.CONTINUOUS.,.T.,#10807);
#10809=DIRECTION('',(5.508304081669E-1,-8.346171945501E-1));
#10810=VECTOR('',#10809,1.792778972886E-2);
#10811=CARTESIAN_POINT('',(1.905666243061E1,4.313152451446E-1));
#10812=LINE('',#10811,#10810);
#10813=TRIMMED_CURVE('',#10812,(PARAMETER_VALUE(0.E0)),(PARAMETER_VALUE(1.E0)),
.T.,.UNSPECIFIED.);
#10814=COMPOSITE_CURVE_SEGMENT(.CONTINUOUS.,.T.,#10813);
#10815=DIRECTION('',(5.030499782333E-1,-8.642573224448E-1));
#10816=VECTOR('',#10815,1.743377654269E-2);
#10817=CARTESIAN_POINT('',(1.906653760234E1,4.163524035766E-1));
#10818=LINE('',#10817,#10816);
#10819=TRIMMED_CURVE('',#10818,(PARAMETER_VALUE(0.E0)),(PARAMETER_VALUE(1.E0)),
.T.,.UNSPECIFIED.);
#10820=COMPOSITE_CURVE_SEGMENT(.CONTINUOUS.,.T.,#10819);
#10821=DIRECTION('',(4.522966616969E-1,-8.918675517238E-1));
#10822=VECTOR('',#10821,1.699122028047E-2);
#10823=CARTESIAN_POINT('',(1.907530766325E1,4.012851345418E-1));
#10824=LINE('',#10823,#10822);
#10825=TRIMMED_CURVE('',#10824,(PARAMETER_VALUE(0.E0)),(PARAMETER_VALUE(1.E0)),
.T.,.UNSPECIFIED.);
#10826=COMPOSITE_CURVE_SEGMENT(.CONTINUOUS.,.T.,#10825);
#10827=DIRECTION('',(3.986966713171E-1,-9.170828557337E-1));
#10828=VECTOR('',#10827,1.660149748193E-2);
#10829=CARTESIAN_POINT('',(1.908299273546E1,3.861312165094E-1));
#10830=LINE('',#10829,#10828);
#10831=TRIMMED_CURVE('',#10830,(PARAMETER_VALUE(0.E0)),(PARAMETER_VALUE(1.E0)),
.T.,.UNSPECIFIED.);
#10832=COMPOSITE_CURVE_SEGMENT(.CONTINUOUS.,.T.,#10831);
#10833=DIRECTION('',(3.424393810375E-1,-9.395399248114E-1));
#10834=VECTOR('',#10833,1.626584309398E-2);
#10835=CARTESIAN_POINT('',(1.908961169725E1,3.709062677892E-1));
#10836=LINE('',#10835,#10834);
#10837=TRIMMED_CURVE('',#10836,(PARAMETER_VALUE(0.E0)),(PARAMETER_VALUE(1.E0)),
.T.,.UNSPECIFIED.);
#10838=COMPOSITE_CURVE_SEGMENT(.CONTINUOUS.,.T.,#10837);
#10839=DIRECTION('',(2.837798273364E-1,-9.588894668297E-1));
#10840=VECTOR('',#10839,1.598533892161E-2);
#10841=CARTESIAN_POINT('',(1.909518176249E1,3.556238587917E-1));
#10842=LINE('',#10841,#10840);
#10843=TRIMMED_CURVE('',#10842,(PARAMETER_VALUE(0.E0)),(PARAMETER_VALUE(1.E0)),
.T.,.UNSPECIFIED.);
#10844=COMPOSITE_CURVE_SEGMENT(.CONTINUOUS.,.T.,#10843);
#10845=DIRECTION('',(2.230381583797E-1,-9.748097147170E-1));
#10846=VECTOR('',#10845,1.576090362388E-2);
#10847=CARTESIAN_POINT('',(1.909971807921E1,3.402956856761E-1));
#10848=LINE('',#10847,#10846);
#10849=TRIMMED_CURVE('',#10848,(PARAMETER_VALUE(0.E0)),(PARAMETER_VALUE(1.E0)),
.T.,.UNSPECIFIED.);
#10850=COMPOSITE_CURVE_SEGMENT(.CONTINUOUS.,.T.,#10849);
#10851=DIRECTION('',(1.605955385730E-1,-9.870203001917E-1));
#10852=VECTOR('',#10851,1.559328410274E-2);
#10853=CARTESIAN_POINT('',(1.910323336213E1,3.249318037108E-1));
#10854=LINE('',#10853,#10852);
#10855=TRIMMED_CURVE('',#10854,(PARAMETER_VALUE(0.E0)),(PARAMETER_VALUE(1.E0)),
.T.,.UNSPECIFIED.);
#10856=COMPOSITE_CURVE_SEGMENT(.CONTINUOUS.,.T.,#10855);
#10857=DIRECTION('',(9.688629962470E-2,-9.952954561059E-1));
#10858=VECTOR('',#10857,1.548304813262E-2);
#10859=CARTESIAN_POINT('',(1.910573757398E1,3.095409157547E-1));
#10860=LINE('',#10859,#10858);
#10861=TRIMMED_CURVE('',#10860,(PARAMETER_VALUE(0.E0)),(PARAMETER_VALUE(1.E0)),
.T.,.UNSPECIFIED.);
#10862=COMPOSITE_CURVE_SEGMENT(.CONTINUOUS.,.T.,#10861);
#10863=DIRECTION('',(3.238649728833E-2,-9.994754198045E-1));
#10864=VECTOR('',#10863,1.543057812066E-2);
#10865=CARTESIAN_POINT('',(1.910723766922E1,2.941307083017E-1));
#10866=LINE('',#10865,#10864);
#10867=TRIMMED_CURVE('',#10866,(PARAMETER_VALUE(0.E0)),(PARAMETER_VALUE(1.E0)),
.T.,.UNSPECIFIED.);
#10868=COMPOSITE_CURVE_SEGMENT(.CONTINUOUS.,.T.,#10867);
#10869=COMPOSITE_CURVE('',(#10574,#10580,#10586,#10592,#10598,#10604,#10610,
#10616,#10622,#10628,#10634,#10640,#10646,#10652,#10658,#10664,#10670,#10676,
#10682,#10688,#10694,#10700,#10706,#10712,#10718,#10724,#10730,#10736,#10742,
#10748,#10754,#10760,#10766,#10772,#10778,#10784,#10790,#10796,#10802,#10808,
#10814,#10820,#10826,#10832,#10838,#10844,#10850,#10856,#10862,#10868),.F.);
#10870=(ANNOTATION_CURVE_OCCURRENCE()ANNOTATION_OCCURRENCE()DRAUGHTING_ANNOTATION_OCCURRENCE()GEOMETRIC_REPRESENTATION_ITEM()REPRESENTATION_ITEM('')STYLED_ITEM((
#41),#10869));
#10871=DRAWING_SHEET_REVISION('sheet',(#34,#42,#48,#54,#248,#254,#260,#266,#272,
#278,#284,#448,#454,#460,#466,#472,#478,#484,#490,#496,#502,#508,#514,#520,#526,
#532,#538,#544,#550,#556,#1752,#1758,#1764,#1770,#1776,#1782,#1788,#1794,#1800,
#1806,#2048,#2054,#2060,#2066,#2072,#2078,#2084,#2090,#2096,#2102,#2108,#2114,
#2120,#2126,#2242,#2248,#2254,#2260,#2266,#3108,#3114,#3120,#3126,#3368,#3374,
#3380,#3386,#3392,#3398,#4594,#5436,#5442,#5448,#5786,#5792,#5798,#6994,#7000,
#7006,#7012,#7380,#7386,#7392,#8282,#8452,#8458,#9318,#9324,#9330,#9336,#9342,
#9348,#9354,#9360,#9366,#9372,#10568,#10870),#10,'a');
#10872=CARTESIAN_POINT('',(0.E0,0.E0));
#10873=DIRECTION('',(1.E0,0.E0));
#10874=AXIS2_PLACEMENT_2D('',#10872,#10873);
#10875=PLANAR_BOX('',1.910773741160E1,1.191424581785E1,#10874);
#10876=PRESENTATION_SIZE(#10871,#10875);
#10877=DRAWING_DEFINITION('PRODUCT_NAME',$);
#10878=DRAWING_REVISION('A',#10877,$);
#10879=DRAWING_SHEET_REVISION_USAGE(#10871,#10878,'1');
#10880=PRESENTATION_LAYER_ASSIGNMENT('Layer_1','',(#39,#47,#53,#247,#253,#259,
#265,#271,#277,#283,#447,#459,#465,#471,#477,#483,#489,#495,#501,#507,#513,#519,
#525,#531,#537,#543,#549,#555,#1751,#1757,#1763,#1769,#1775,#1781,#1787,#1793,
#1799,#1805,#2047,#2053,#2059,#2065,#2071,#2077,#2083,#2089,#2095,#2101,#2107,
#2113,#2119,#2125,#2241,#2247,#2253,#2259,#2265,#3107,#3113,#3119,#3125,#3367,
#3373,#3379,#3385,#3391,#3397,#4593,#5435,#5441,#5447,#5785,#5791,#5797,#6993,
#6999,#7005,#7011,#7379,#7385,#7391,#8281,#8451,#9317,#9323,#9329,#9335,#9341,
#9347,#9353,#9359,#9365,#10567,#10869));
#10881=PRESENTATION_LAYER_ASSIGNMENT('0','');
ENDSEC;
END-ISO-10303-21;
